Accident_Date,Airline,Severity,Fatalities,Survivors,Aircraft_Type,Accident_Cause,Location,Weather_Condition,Altitude_ft,Speed_knots,Pilot_Experience_Years,Time_of_Accident,Majority_Survivor_Location,Plane_Damage
27/06/2010,Qatar Airways,Severe,206,241,Boeing 747,Pilot error,"New York, USA",Windy,9945,358,24,Daylight,Front,Partial - High Monetary Damage
17/03/2024,Emirates,Minor,0,147,Boeing 777,Fuel exhaustion,"New York, USA",Windy,7796,445,29,Daylight,Front,Partial - High Monetary Damage
14/10/2022,Air India,Severe,137,230,Airbus A380,Landing gear malfunction,"Mumbai, India",Windy,22829,196,21,Daylight,Back,Full Plane
31/01/2022,Qatar Airways,Minor,3,90,Airbus A350,Fuel exhaustion,"Paris, France",Clear,18609,104,14,Daylight,Back,Partial - High Monetary Damage
25/05/2018,Delta,Minor,0,255,Bombardier CRJ900,Structural failure,"Dubai, UAE",Thunderstorm,3138,172,34,Night,Front,Partial - Low Monetary Damage
13/04/2014,Delta,Minor,9,291,Airbus A380,Structural failure,"São Paulo, Brazil",Windy,4989,281,20,Daylight,Front,Partial - High Monetary Damage
15/04/2020,Air India,Minor,10,116,Bombardier CRJ900,Fuel exhaustion,"Mumbai, India",Snow,15562,363,33,Daylight,Front,Partial - High Monetary Damage
12/07/2013,United,Severe,240,296,Airbus A320,Runway excursion,"Paris, France",Clear,5400,291,5,Night,Front,Partial - High Monetary Damage
27/03/2011,British Airways,Minor,4,89,Airbus A320,Engine failure during takeoff,"São Paulo, Brazil",Thunderstorm,21988,200,7,Daylight,Back,Partial - Low Monetary Damage
04/06/2015,United,Severe,137,73,Boeing 777,Lightning strike,"Sydney, Australia",Thunderstorm,14273,236,6,Daylight,Back,Partial - High Monetary Damage
01/03/2015,Delta,Minor,8,208,Boeing 777,Structural failure,"Paris, France",Snow,21724,561,21,Night,Front,Partial - Low Monetary Damage
12/10/2017,Singapore Airlines,Minor,7,257,Boeing 777,Pilot error,"London, UK",Clear,3368,583,32,Daylight,Front,Partial - Low Monetary Damage
03/01/2011,Delta,Severe,142,142,Boeing 737,Fuel exhaustion,"New York, USA",Thunderstorm,26932,596,3,Night,Front,Full Plane
09/04/2017,Air India,Severe,196,292,Bombardier CRJ900,Mid-air collision,"Mumbai, India",Windy,39112,314,13,Daylight,Back,Full Plane
18/08/2011,Turkish Airlines,Minor,5,167,Bombardier CRJ900,Mid-air collision,"New York, USA",Thunderstorm,28399,495,20,Daylight,Front,Partial - Low Monetary Damage
19/12/2018,Turkish Airlines,Minor,0,133,Airbus A350,Runway excursion,"Mumbai, India",Windy,12159,262,30,Daylight,Front,Partial - High Monetary Damage
30/01/2011,American Airlines,Severe,180,80,Embraer 190,Lightning strike,"Dubai, UAE",Rain,25463,373,24,Daylight,Back,Partial - High Monetary Damage
25/10/2012,Emirates,Minor,2,255,Boeing 737,Engine failure during takeoff,"Beijing, China",Windy,4353,517,26,Daylight,Back,Full Plane
30/07/2015,British Airways,Minor,5,213,Airbus A350,Landing gear malfunction,"Paris, France",Fog,26641,140,4,Night,Back,Partial - High Monetary Damage
17/12/2012,United,Minor,7,64,Airbus A320,Bird strike,"São Paulo, Brazil",Windy,35905,278,6,Daylight,Back,Partial - High Monetary Damage
29/04/2017,Turkish Airlines,Severe,83,126,Embraer 190,Mid-air collision,"Paris, France",Clear,16598,207,27,Night,Back,Full Plane
25/02/2012,British Airways,Minor,3,126,Bombardier CRJ900,Fuel exhaustion,"São Paulo, Brazil",Rain,22570,586,19,Night,Back,Partial - High Monetary Damage
21/08/2010,United,Severe,96,202,Boeing 737,Pilot error,"New York, USA",Windy,22094,418,11,Daylight,Front,Full Plane
07/12/2020,Emirates,Minor,10,293,Boeing 747,Landing gear malfunction,"Mumbai, India",Snow,10958,579,25,Night,Back,Full Plane
23/11/2025,Delta,Severe,98,261,Embraer 190,Landing gear malfunction,"São Paulo, Brazil",Snow,21179,369,12,Daylight,Back,Partial - Low Monetary Damage
06/01/2012,Air India,Severe,53,109,Embraer 190,Bird strike,"Dubai, UAE",Clear,11501,497,20,Night,Front,Partial - High Monetary Damage
15/03/2018,Lufthansa,Severe,51,72,Airbus A320,Controlled flight into terrain,"Sydney, Australia",Clear,32561,375,22,Night,Front,Partial - High Monetary Damage
30/12/2017,Lufthansa,Minor,7,158,Airbus A320,Bird strike,"Tokyo, Japan",Thunderstorm,20439,286,21,Night,Front,Full Plane
10/04/2017,British Airways,Severe,51,15,Airbus A320,Landing gear malfunction,"Dubai, UAE",Windy,4918,426,19,Night,Back,Partial - High Monetary Damage
26/12/2021,Singapore Airlines,Minor,8,241,Boeing 747,Fuel exhaustion,"Tokyo, Japan",Rain,132,185,27,Night,Front,Partial - High Monetary Damage
08/03/2021,Singapore Airlines,Severe,157,89,Airbus A350,Sabotage,"Tokyo, Japan",Snow,9104,455,11,Daylight,Back,Full Plane
20/03/2011,Qatar Airways,Minor,1,263,Bombardier CRJ900,Pilot error,"New York, USA",Windy,23808,160,1,Daylight,Front,Full Plane
08/03/2023,Qatar Airways,Severe,192,43,Embraer 190,Engine failure during takeoff,"New York, USA",Windy,18546,350,12,Daylight,Front,Partial - Low Monetary Damage
26/12/2015,Qatar Airways,Minor,6,176,Airbus A380,Severe turbulence,"Toronto, Canada",Fog,31887,381,8,Daylight,Back,Full Plane
22/03/2024,Lufthansa,Minor,9,257,Boeing 777,Landing gear malfunction,"Sydney, Australia",Windy,4260,408,15,Night,Back,Partial - High Monetary Damage
30/08/2025,Delta,Severe,258,53,Airbus A320,Controlled flight into terrain,"São Paulo, Brazil",Snow,30575,267,22,Daylight,Back,Partial - High Monetary Damage
05/03/2011,Emirates,Severe,127,213,Boeing 737,Fuel exhaustion,"Sydney, Australia",Clear,38256,275,17,Night,Back,Partial - High Monetary Damage
18/02/2016,British Airways,Minor,8,38,Boeing 777,Lightning strike,"Dubai, UAE",Rain,35573,548,25,Night,Front,Partial - High Monetary Damage
29/05/2013,Turkish Airlines,Minor,4,256,Airbus A320,Lightning strike,"Toronto, Canada",Clear,39138,418,40,Daylight,Front,Partial - High Monetary Damage
01/06/2013,Singapore Airlines,Severe,150,13,Boeing 777,Fuel exhaustion,"Sydney, Australia",Fog,18082,513,11,Night,Back,Partial - High Monetary Damage
11/07/2024,American Airlines,Minor,10,259,Airbus A380,Mid-air collision,"Paris, France",Thunderstorm,34117,417,10,Night,Back,Full Plane
30/05/2025,United,Minor,7,15,Bombardier CRJ900,Engine failure during takeoff,"Paris, France",Clear,34453,129,16,Daylight,Back,Partial - Low Monetary Damage
21/02/2025,Emirates,Minor,4,273,Airbus A350,Engine failure during takeoff,"Dubai, UAE",Clear,23520,514,37,Night,Back,Full Plane
16/09/2016,Air India,Severe,169,287,Boeing 747,Sabotage,"São Paulo, Brazil",Thunderstorm,27913,395,19,Daylight,Back,Full Plane
24/08/2017,Emirates,Minor,10,31,Bombardier CRJ900,Controlled flight into terrain,"Paris, France",Clear,25587,367,1,Night,Back,Full Plane
27/10/2018,British Airways,Minor,5,134,Airbus A320,Landing gear malfunction,"São Paulo, Brazil",Snow,39617,255,32,Daylight,Front,Full Plane
08/11/2016,Delta,Minor,2,9,Boeing 777,Bird strike,"Tokyo, Japan",Fog,18502,461,6,Daylight,Front,Partial - High Monetary Damage
07/08/2011,Qatar Airways,Minor,9,106,Embraer 190,Bird strike,"Sydney, Australia",Thunderstorm,33206,553,29,Night,Back,Partial - Low Monetary Damage
07/10/2011,Turkish Airlines,Minor,1,118,Airbus A320,Severe turbulence,"Paris, France",Windy,37369,446,16,Daylight,Front,Full Plane
26/04/2023,American Airlines,Minor,4,201,Boeing 737,Bird strike,"Paris, France",Rain,39182,506,19,Night,Back,Full Plane
03/12/2023,Lufthansa,Severe,190,90,Airbus A380,Bird strike,"Toronto, Canada",Clear,14477,598,15,Night,Front,Partial - High Monetary Damage
04/07/2013,Delta,Minor,3,224,Airbus A380,Pilot error,"Sydney, Australia",Thunderstorm,3824,138,18,Daylight,Front,Partial - High Monetary Damage
30/04/2018,Emirates,Severe,239,75,Boeing 777,Bird strike,"London, UK",Clear,2007,569,25,Night,Front,Partial - High Monetary Damage
08/05/2018,Lufthansa,Minor,5,137,Boeing 747,Structural failure,"São Paulo, Brazil",Fog,24198,187,25,Night,Back,Partial - High Monetary Damage
19/12/2011,United,Severe,294,154,Boeing 777,Landing gear malfunction,"Mumbai, India",Clear,6944,597,4,Night,Back,Partial - High Monetary Damage
14/12/2012,Qatar Airways,Minor,10,168,Embraer 190,Structural failure,"London, UK",Snow,38721,383,40,Night,Front,Partial - High Monetary Damage
12/03/2017,Delta,Severe,147,65,Boeing 737,Sabotage,"São Paulo, Brazil",Windy,22330,292,22,Night,Back,Partial - High Monetary Damage
21/03/2015,American Airlines,Minor,5,95,Airbus A350,Controlled flight into terrain,"Sydney, Australia",Snow,28356,269,17,Night,Front,Full Plane
15/06/2021,Delta,Minor,0,247,Boeing 737,Structural failure,"Dubai, UAE",Clear,29584,284,31,Daylight,Back,Partial - Low Monetary Damage
19/10/2010,Qatar Airways,Minor,8,184,Boeing 737,Pilot error,"Sydney, Australia",Snow,22797,513,4,Night,Front,Partial - High Monetary Damage
27/11/2020,British Airways,Severe,213,132,Airbus A320,Landing gear malfunction,"Toronto, Canada",Windy,26338,365,4,Daylight,Back,Partial - High Monetary Damage
05/08/2021,American Airlines,Minor,6,69,Boeing 747,Bird strike,"London, UK",Clear,13645,529,27,Daylight,Front,Partial - Low Monetary Damage
10/09/2011,American Airlines,Severe,196,199,Boeing 737,Fuel exhaustion,"Paris, France",Thunderstorm,23961,554,4,Daylight,Back,Partial - Low Monetary Damage
25/02/2023,Qatar Airways,Minor,2,250,Boeing 747,Lightning strike,"Sydney, Australia",Fog,23859,598,16,Night,Back,Partial - Low Monetary Damage
17/01/2012,Delta,Severe,220,119,Boeing 777,Severe turbulence,"São Paulo, Brazil",Thunderstorm,33086,543,37,Night,Back,Full Plane
06/08/2015,Singapore Airlines,Severe,264,68,Airbus A350,Landing gear malfunction,"Beijing, China",Fog,19414,156,34,Night,Front,Full Plane
29/09/2017,British Airways,Severe,85,247,Airbus A380,Engine failure during takeoff,"London, UK",Snow,9544,292,5,Night,Back,Partial - High Monetary Damage
24/06/2010,United,Minor,7,91,Bombardier CRJ900,Severe turbulence,"New York, USA",Fog,12073,335,4,Night,Back,Full Plane
01/11/2017,Air India,Severe,266,94,Airbus A380,Severe turbulence,"London, UK",Snow,29376,276,29,Daylight,Front,Full Plane
03/01/2015,British Airways,Severe,290,75,Airbus A380,Bird strike,"Paris, France",Thunderstorm,5663,488,37,Night,Back,Partial - Low Monetary Damage
11/06/2025,Air India,Minor,10,52,Bombardier CRJ900,Pilot error,"Dubai, UAE",Snow,29863,417,23,Night,Back,Partial - Low Monetary Damage
15/12/2016,United,Minor,0,161,Bombardier CRJ900,Sabotage,"São Paulo, Brazil",Fog,10227,191,7,Night,Front,Full Plane
17/09/2023,American Airlines,Minor,2,178,Bombardier CRJ900,Severe turbulence,"Dubai, UAE",Windy,25540,210,26,Daylight,Back,Full Plane
12/09/2015,Emirates,Minor,5,121,Airbus A380,Severe turbulence,"Paris, France",Rain,26490,375,13,Night,Front,Partial - High Monetary Damage
15/07/2011,Qatar Airways,Minor,2,74,Airbus A320,Fuel exhaustion,"Paris, France",Rain,8733,205,22,Night,Back,Full Plane
30/10/2023,American Airlines,Minor,10,163,Boeing 777,Runway excursion,"Tokyo, Japan",Snow,23699,582,9,Daylight,Back,Full Plane
28/12/2025,American Airlines,Minor,10,25,Embraer 190,Pilot error,"Dubai, UAE",Rain,26548,537,5,Daylight,Back,Partial - Low Monetary Damage
20/07/2020,Qatar Airways,Minor,5,49,Airbus A320,Runway excursion,"London, UK",Clear,24048,149,17,Night,Back,Partial - High Monetary Damage
20/06/2012,Lufthansa,Minor,10,200,Boeing 777,Runway excursion,"São Paulo, Brazil",Windy,1696,400,6,Daylight,Front,Partial - High Monetary Damage
22/06/2017,Qatar Airways,Minor,10,296,Boeing 777,Controlled flight into terrain,"São Paulo, Brazil",Clear,16973,212,12,Night,Back,Full Plane
09/07/2025,Turkish Airlines,Minor,4,96,Boeing 777,Landing gear malfunction,"Paris, France",Thunderstorm,25085,259,1,Daylight,Back,Full Plane
25/02/2021,Emirates,Minor,10,95,Airbus A320,Engine failure during takeoff,"Mumbai, India",Fog,523,372,11,Night,Back,Full Plane
16/01/2017,United,Severe,76,290,Bombardier CRJ900,Engine failure during takeoff,"Dubai, UAE",Snow,31222,490,11,Daylight,Back,Partial - High Monetary Damage
11/01/2018,Delta,Minor,1,226,Airbus A320,Runway excursion,"Toronto, Canada",Snow,1478,588,19,Night,Front,Partial - High Monetary Damage
16/02/2021,Delta,Severe,240,129,Boeing 777,Engine failure during takeoff,"Tokyo, Japan",Windy,2807,392,7,Daylight,Front,Full Plane
20/09/2012,Air India,Minor,10,185,Airbus A380,Severe turbulence,"London, UK",Snow,5439,146,32,Daylight,Front,Partial - High Monetary Damage
19/10/2018,Singapore Airlines,Severe,65,49,Embraer 190,Structural failure,"São Paulo, Brazil",Rain,19271,380,22,Daylight,Back,Partial - High Monetary Damage
11/09/2019,British Airways,Severe,278,43,Airbus A350,Lightning strike,"Toronto, Canada",Snow,17986,556,26,Night,Front,Partial - High Monetary Damage
05/03/2015,Turkish Airlines,Minor,5,202,Airbus A380,Runway excursion,"Mumbai, India",Fog,7289,466,5,Night,Back,Full Plane
23/11/2013,Lufthansa,Severe,140,173,Boeing 747,Landing gear malfunction,"New York, USA",Windy,14580,491,25,Daylight,Back,Partial - High Monetary Damage
20/07/2021,Singapore Airlines,Minor,6,35,Embraer 190,Structural failure,"Sydney, Australia",Windy,333,121,33,Daylight,Back,Full Plane
03/03/2024,Emirates,Minor,2,216,Boeing 737,Sabotage,"Toronto, Canada",Thunderstorm,24777,474,3,Night,Front,Partial - High Monetary Damage
27/07/2024,British Airways,Severe,217,2,Embraer 190,Structural failure,"Toronto, Canada",Windy,33373,128,39,Night,Front,Full Plane
12/12/2012,Singapore Airlines,Minor,4,279,Boeing 737,Runway excursion,"Sydney, Australia",Rain,27589,200,22,Night,Front,Partial - High Monetary Damage
24/03/2016,British Airways,Minor,1,204,Airbus A350,Bird strike,"London, UK",Clear,11798,591,28,Night,Front,Full Plane
10/03/2019,Singapore Airlines,Minor,2,88,Embraer 190,Mid-air collision,"New York, USA",Clear,17083,372,17,Daylight,Back,Full Plane
09/07/2015,American Airlines,Minor,6,151,Boeing 737,Severe turbulence,"Sydney, Australia",Thunderstorm,2655,133,6,Night,Front,Partial - High Monetary Damage
23/05/2010,Turkish Airlines,Minor,10,166,Airbus A380,Bird strike,"Mumbai, India",Snow,33551,519,34,Daylight,Back,Full Plane
29/08/2019,Lufthansa,Minor,6,54,Airbus A350,Lightning strike,"Tokyo, Japan",Clear,29168,232,22,Night,Back,Partial - High Monetary Damage
12/09/2012,American Airlines,Severe,164,115,Embraer 190,Lightning strike,"Dubai, UAE",Thunderstorm,6724,543,18,Night,Front,Full Plane
17/03/2019,Qatar Airways,Minor,6,102,Bombardier CRJ900,Fuel exhaustion,"New York, USA",Snow,337,297,8,Night,Back,Full Plane
03/01/2013,Delta,Minor,10,297,Airbus A380,Structural failure,"São Paulo, Brazil",Windy,224,196,13,Night,Front,Partial - Low Monetary Damage
02/09/2011,British Airways,Minor,8,217,Boeing 777,Engine failure during takeoff,"São Paulo, Brazil",Clear,26991,232,14,Daylight,Back,Partial - Low Monetary Damage
21/01/2025,Emirates,Minor,0,218,Bombardier CRJ900,Pilot error,"London, UK",Windy,26815,165,13,Night,Back,Full Plane
07/01/2025,Singapore Airlines,Minor,10,2,Embraer 190,Structural failure,"Beijing, China",Snow,35487,460,28,Night,Front,Partial - High Monetary Damage
12/01/2022,Turkish Airlines,Severe,289,174,Boeing 777,Bird strike,"Paris, France",Thunderstorm,39289,410,26,Daylight,Back,Partial - High Monetary Damage
27/09/2024,Singapore Airlines,Minor,9,237,Airbus A380,Sabotage,"London, UK",Clear,3866,518,24,Daylight,Back,Full Plane
07/03/2018,Turkish Airlines,Minor,4,165,Boeing 747,Landing gear malfunction,"Tokyo, Japan",Fog,17822,188,1,Daylight,Front,Full Plane
14/09/2019,Turkish Airlines,Minor,0,76,Bombardier CRJ900,Pilot error,"Dubai, UAE",Thunderstorm,6572,259,9,Daylight,Back,Partial - Low Monetary Damage
30/04/2015,United,Minor,5,294,Airbus A320,Bird strike,"Toronto, Canada",Thunderstorm,31841,568,34,Daylight,Back,Full Plane
01/02/2017,Delta,Minor,9,207,Embraer 190,Controlled flight into terrain,"Tokyo, Japan",Thunderstorm,8885,180,22,Night,Back,Partial - Low Monetary Damage
12/12/2012,American Airlines,Minor,6,202,Boeing 737,Landing gear malfunction,"Toronto, Canada",Fog,35146,152,39,Daylight,Back,Partial - High Monetary Damage
17/03/2010,United,Minor,4,156,Embraer 190,Severe turbulence,"Sydney, Australia",Clear,9222,452,5,Night,Front,Full Plane
07/01/2010,United,Severe,173,245,Airbus A320,Bird strike,"London, UK",Snow,505,411,22,Daylight,Front,Partial - High Monetary Damage
11/04/2020,Lufthansa,Severe,59,33,Airbus A320,Sabotage,"Toronto, Canada",Clear,30914,548,28,Daylight,Back,Partial - High Monetary Damage
11/10/2019,Lufthansa,Minor,3,47,Boeing 777,Severe turbulence,"São Paulo, Brazil",Snow,26715,289,21,Night,Front,Full Plane
23/08/2011,United,Minor,3,262,Boeing 737,Bird strike,"London, UK",Fog,11042,394,36,Night,Front,Partial - High Monetary Damage
05/01/2017,Emirates,Severe,158,43,Airbus A350,Engine failure during takeoff,"Mumbai, India",Clear,12594,337,8,Night,Back,Partial - Low Monetary Damage
07/12/2010,British Airways,Minor,4,108,Boeing 747,Mid-air collision,"Tokyo, Japan",Fog,32866,481,29,Daylight,Front,Partial - Low Monetary Damage
26/06/2016,Delta,Minor,2,68,Embraer 190,Runway excursion,"Sydney, Australia",Snow,7295,530,40,Daylight,Back,Full Plane
14/06/2013,British Airways,Severe,265,1,Boeing 747,Pilot error,"Tokyo, Japan",Clear,7976,223,7,Daylight,Front,Partial - Low Monetary Damage
25/03/2011,Lufthansa,Minor,4,232,Bombardier CRJ900,Mid-air collision,"São Paulo, Brazil",Thunderstorm,23014,600,24,Night,Back,Full Plane
19/01/2017,United,Minor,5,79,Airbus A350,Sabotage,"Paris, France",Clear,10573,490,31,Night,Back,Full Plane
14/08/2023,Turkish Airlines,Minor,3,98,Boeing 747,Structural failure,"São Paulo, Brazil",Windy,9175,533,36,Night,Back,Full Plane
12/08/2022,Qatar Airways,Severe,300,293,Airbus A350,Fuel exhaustion,"Beijing, China",Fog,15031,126,11,Daylight,Back,Full Plane
16/10/2024,Air India,Severe,233,60,Boeing 747,Mid-air collision,"Mumbai, India",Thunderstorm,9360,530,37,Night,Front,Partial - High Monetary Damage
24/08/2018,Delta,Severe,89,298,Bombardier CRJ900,Landing gear malfunction,"Toronto, Canada",Fog,36189,400,4,Daylight,Front,Partial - High Monetary Damage
27/03/2021,Delta,Severe,56,44,Bombardier CRJ900,Fuel exhaustion,"Dubai, UAE",Windy,9704,476,22,Night,Front,Partial - High Monetary Damage
15/01/2018,British Airways,Minor,6,275,Embraer 190,Sabotage,"New York, USA",Rain,11860,572,12,Night,Back,Partial - High Monetary Damage
22/12/2024,Singapore Airlines,Severe,131,134,Boeing 777,Lightning strike,"Dubai, UAE",Rain,11468,152,20,Night,Front,Partial - High Monetary Damage
17/08/2024,British Airways,Minor,4,204,Bombardier CRJ900,Sabotage,"Sydney, Australia",Rain,36442,188,38,Daylight,Front,Partial - High Monetary Damage
03/06/2019,Singapore Airlines,Minor,3,168,Airbus A350,Landing gear malfunction,"Sydney, Australia",Fog,10159,132,12,Night,Front,Partial - Low Monetary Damage
12/05/2023,Air India,Minor,2,186,Airbus A320,Runway excursion,"Mumbai, India",Rain,18606,363,11,Daylight,Back,Full Plane
28/12/2019,Qatar Airways,Minor,6,27,Bombardier CRJ900,Engine failure during takeoff,"Sydney, Australia",Snow,863,260,6,Night,Front,Full Plane
01/05/2020,Singapore Airlines,Severe,212,210,Airbus A350,Structural failure,"São Paulo, Brazil",Thunderstorm,35130,179,38,Daylight,Back,Full Plane
26/09/2011,American Airlines,Severe,67,111,Airbus A320,Runway excursion,"Sydney, Australia",Windy,18200,341,8,Night,Back,Full Plane
12/11/2016,Emirates,Minor,4,221,Boeing 747,Fuel exhaustion,"Dubai, UAE",Windy,30870,563,7,Night,Front,Full Plane
05/04/2014,Turkish Airlines,Minor,3,297,Boeing 747,Controlled flight into terrain,"Tokyo, Japan",Fog,21413,198,19,Night,Front,Partial - High Monetary Damage
20/05/2025,Turkish Airlines,Severe,126,260,Boeing 747,Bird strike,"Mumbai, India",Windy,10193,251,11,Daylight,Back,Full Plane
03/11/2014,Singapore Airlines,Minor,0,174,Boeing 747,Fuel exhaustion,"Tokyo, Japan",Rain,34472,146,37,Night,Back,Partial - High Monetary Damage
15/07/2025,British Airways,Minor,10,32,Airbus A380,Pilot error,"London, UK",Rain,12622,144,38,Night,Front,Partial - High Monetary Damage
23/06/2019,Delta,Minor,3,193,Airbus A350,Runway excursion,"Dubai, UAE",Snow,23456,251,39,Night,Back,Partial - High Monetary Damage
16/07/2010,British Airways,Minor,7,234,Airbus A350,Bird strike,"Mumbai, India",Windy,39714,470,18,Night,Front,Full Plane
01/05/2021,United,Severe,68,215,Airbus A380,Pilot error,"Toronto, Canada",Thunderstorm,38735,305,33,Night,Back,Partial - Low Monetary Damage
11/12/2010,United,Severe,138,184,Airbus A380,Bird strike,"Paris, France",Clear,39026,145,8,Daylight,Back,Partial - High Monetary Damage
19/04/2023,Turkish Airlines,Minor,2,181,Airbus A350,Severe turbulence,"Beijing, China",Clear,19474,200,19,Night,Front,Full Plane
07/11/2010,Turkish Airlines,Severe,277,297,Boeing 747,Controlled flight into terrain,"Tokyo, Japan",Fog,2093,227,8,Night,Back,Partial - Low Monetary Damage
14/06/2012,Turkish Airlines,Minor,4,38,Airbus A380,Runway excursion,"São Paulo, Brazil",Clear,84,142,19,Night,Back,Full Plane
28/12/2010,Delta,Minor,3,194,Airbus A350,Sabotage,"Tokyo, Japan",Windy,17886,270,1,Daylight,Front,Partial - Low Monetary Damage
07/10/2011,Delta,Severe,253,211,Embraer 190,Mid-air collision,"Tokyo, Japan",Windy,6046,551,6,Night,Back,Partial - High Monetary Damage
19/05/2016,Turkish Airlines,Minor,1,299,Boeing 747,Runway excursion,"Dubai, UAE",Rain,2556,428,14,Daylight,Front,Partial - High Monetary Damage
14/05/2019,Delta,Severe,61,226,Boeing 747,Fuel exhaustion,"Mumbai, India",Windy,36322,282,33,Daylight,Front,Full Plane
26/02/2012,Qatar Airways,Minor,9,207,Embraer 190,Pilot error,"Mumbai, India",Windy,17562,285,24,Daylight,Back,Partial - High Monetary Damage
15/02/2011,Singapore Airlines,Minor,1,31,Airbus A380,Fuel exhaustion,"Paris, France",Fog,29646,200,26,Night,Front,Partial - High Monetary Damage
09/11/2014,Air India,Minor,5,94,Boeing 777,Pilot error,"Tokyo, Japan",Rain,39671,534,37,Night,Back,Partial - High Monetary Damage
16/06/2023,British Airways,Severe,223,70,Boeing 747,Engine failure during takeoff,"Beijing, China",Fog,7590,127,38,Night,Front,Partial - High Monetary Damage
03/05/2013,Qatar Airways,Minor,6,101,Airbus A380,Engine failure during takeoff,"Sydney, Australia",Windy,14953,587,13,Night,Front,Partial - Low Monetary Damage
21/11/2020,British Airways,Severe,186,193,Airbus A350,Controlled flight into terrain,"New York, USA",Rain,24446,132,38,Daylight,Back,Partial - High Monetary Damage
08/07/2021,American Airlines,Minor,3,140,Airbus A350,Landing gear malfunction,"Toronto, Canada",Fog,6670,264,8,Daylight,Front,Full Plane
06/10/2021,Turkish Airlines,Severe,216,156,Airbus A380,Pilot error,"Beijing, China",Thunderstorm,7566,214,19,Night,Front,Partial - High Monetary Damage
26/03/2021,Turkish Airlines,Minor,0,292,Bombardier CRJ900,Pilot error,"Dubai, UAE",Snow,16139,119,11,Night,Back,Partial - High Monetary Damage
02/07/2022,American Airlines,Minor,9,293,Boeing 777,Controlled flight into terrain,"Tokyo, Japan",Clear,22742,197,27,Daylight,Front,Partial - High Monetary Damage
15/03/2012,Emirates,Minor,5,177,Airbus A320,Fuel exhaustion,"Tokyo, Japan",Snow,1946,130,21,Daylight,Front,Full Plane
24/01/2022,United,Minor,3,53,Boeing 747,Pilot error,"New York, USA",Clear,20605,513,10,Night,Front,Partial - High Monetary Damage
28/04/2023,Qatar Airways,Severe,236,148,Airbus A380,Controlled flight into terrain,"Toronto, Canada",Fog,12729,257,1,Daylight,Back,Partial - High Monetary Damage
24/08/2014,British Airways,Minor,1,120,Airbus A380,Structural failure,"Beijing, China",Fog,20885,251,8,Night,Front,Full Plane
10/11/2010,United,Minor,2,230,Airbus A350,Fuel exhaustion,"Toronto, Canada",Thunderstorm,29032,105,11,Night,Front,Full Plane
21/04/2016,Turkish Airlines,Minor,2,2,Boeing 777,Sabotage,"Dubai, UAE",Rain,9543,330,2,Night,Front,Full Plane
06/10/2018,Turkish Airlines,Minor,5,137,Bombardier CRJ900,Bird strike,"Tokyo, Japan",Fog,10795,325,7,Daylight,Back,Full Plane
21/09/2024,British Airways,Minor,2,100,Airbus A350,Mid-air collision,"Sydney, Australia",Clear,34774,372,29,Daylight,Back,Full Plane
27/07/2012,Emirates,Severe,238,128,Airbus A380,Severe turbulence,"Sydney, Australia",Fog,38800,145,20,Night,Front,Partial - High Monetary Damage
28/08/2018,British Airways,Minor,6,79,Embraer 190,Severe turbulence,"Tokyo, Japan",Snow,8601,443,3,Night,Back,Partial - High Monetary Damage
15/06/2015,Air India,Severe,120,151,Bombardier CRJ900,Bird strike,"Beijing, China",Rain,501,464,10,Night,Front,Partial - High Monetary Damage
12/06/2022,Lufthansa,Minor,9,53,Boeing 747,Mid-air collision,"London, UK",Snow,28618,151,4,Daylight,Front,Partial - Low Monetary Damage
24/09/2021,Emirates,Severe,163,214,Bombardier CRJ900,Bird strike,"Toronto, Canada",Thunderstorm,18957,557,40,Daylight,Front,Partial - High Monetary Damage
21/07/2012,American Airlines,Minor,4,79,Airbus A350,Sabotage,"Tokyo, Japan",Thunderstorm,7710,124,33,Daylight,Back,Partial - Low Monetary Damage
22/02/2019,Qatar Airways,Severe,162,220,Boeing 777,Structural failure,"Tokyo, Japan",Windy,23552,415,20,Daylight,Front,Partial - Low Monetary Damage
26/05/2021,Air India,Minor,8,101,Boeing 747,Pilot error,"Sydney, Australia",Clear,32071,554,20,Night,Back,Full Plane
11/08/2020,Emirates,Minor,7,61,Airbus A320,Runway excursion,"Toronto, Canada",Fog,36472,479,28,Night,Back,Full Plane
15/11/2025,Air India,Severe,65,254,Boeing 747,Lightning strike,"New York, USA",Snow,2682,308,40,Daylight,Back,Full Plane
06/01/2022,Qatar Airways,Minor,6,239,Airbus A320,Sabotage,"São Paulo, Brazil",Thunderstorm,39242,284,33,Night,Back,Full Plane
26/11/2017,Qatar Airways,Minor,7,240,Embraer 190,Sabotage,"New York, USA",Windy,30432,414,33,Daylight,Back,Full Plane
27/12/2011,Qatar Airways,Severe,216,139,Embraer 190,Structural failure,"São Paulo, Brazil",Thunderstorm,34353,381,34,Daylight,Back,Partial - Low Monetary Damage
30/10/2021,American Airlines,Minor,10,139,Boeing 737,Controlled flight into terrain,"Tokyo, Japan",Clear,15745,255,26,Night,Back,Partial - High Monetary Damage
13/05/2025,Delta,Severe,221,75,Airbus A320,Lightning strike,"Toronto, Canada",Fog,1914,439,26,Daylight,Front,Partial - Low Monetary Damage
03/12/2017,Lufthansa,Minor,6,92,Airbus A380,Sabotage,"Beijing, China",Rain,8364,493,24,Night,Back,Full Plane
07/06/2019,United,Minor,4,74,Boeing 747,Severe turbulence,"Toronto, Canada",Fog,35418,260,40,Daylight,Back,Full Plane
14/05/2023,Qatar Airways,Severe,122,50,Bombardier CRJ900,Structural failure,"Beijing, China",Thunderstorm,1126,263,20,Daylight,Back,Full Plane
10/01/2011,American Airlines,Minor,2,95,Bombardier CRJ900,Structural failure,"São Paulo, Brazil",Rain,4770,333,35,Night,Back,Partial - Low Monetary Damage
11/11/2017,Air India,Minor,8,154,Boeing 747,Landing gear malfunction,"Mumbai, India",Fog,1555,308,5,Daylight,Back,Full Plane
30/01/2024,Qatar Airways,Minor,6,67,Embraer 190,Mid-air collision,"Tokyo, Japan",Windy,19667,479,35,Night,Front,Partial - Low Monetary Damage
16/10/2010,British Airways,Minor,10,55,Airbus A380,Mid-air collision,"Tokyo, Japan",Rain,6706,529,10,Night,Back,Partial - High Monetary Damage
27/10/2024,Turkish Airlines,Minor,3,245,Boeing 747,Controlled flight into terrain,"Beijing, China",Clear,18854,462,30,Night,Back,Full Plane
06/04/2023,Delta,Severe,59,98,Boeing 737,Pilot error,"Sydney, Australia",Rain,21589,321,12,Night,Front,Full Plane
25/07/2018,Lufthansa,Minor,7,262,Embraer 190,Controlled flight into terrain,"Beijing, China",Rain,15898,221,39,Daylight,Front,Partial - High Monetary Damage
29/06/2017,American Airlines,Minor,10,47,Bombardier CRJ900,Controlled flight into terrain,"London, UK",Fog,19744,483,8,Night,Front,Partial - High Monetary Damage
23/12/2018,Lufthansa,Minor,0,295,Airbus A320,Controlled flight into terrain,"São Paulo, Brazil",Windy,5059,509,16,Daylight,Back,Partial - High Monetary Damage
28/06/2022,British Airways,Severe,167,14,Bombardier CRJ900,Sabotage,"Paris, France",Thunderstorm,21818,256,25,Daylight,Back,Full Plane
11/01/2022,American Airlines,Severe,184,119,Embraer 190,Bird strike,"Tokyo, Japan",Rain,8273,266,30,Night,Back,Partial - High Monetary Damage
06/08/2013,Singapore Airlines,Minor,1,131,Embraer 190,Structural failure,"São Paulo, Brazil",Snow,33458,553,21,Night,Back,Full Plane
12/07/2018,Air India,Minor,0,227,Airbus A350,Bird strike,"Beijing, China",Clear,6265,255,39,Daylight,Front,Partial - High Monetary Damage
25/09/2020,Emirates,Minor,1,104,Airbus A320,Engine failure during takeoff,"London, UK",Windy,17212,161,7,Night,Back,Partial - High Monetary Damage
13/12/2013,Singapore Airlines,Minor,0,53,Boeing 777,Mid-air collision,"Sydney, Australia",Snow,18868,500,27,Daylight,Back,Partial - High Monetary Damage
02/10/2021,United,Severe,77,232,Boeing 777,Runway excursion,"Toronto, Canada",Thunderstorm,30771,385,20,Night,Back,Full Plane
08/10/2010,Delta,Minor,2,167,Airbus A320,Runway excursion,"Paris, France",Rain,36416,479,18,Night,Front,Full Plane
09/04/2010,Qatar Airways,Severe,125,51,Airbus A350,Landing gear malfunction,"Beijing, China",Rain,26869,598,37,Daylight,Back,Partial - Low Monetary Damage
30/09/2020,Singapore Airlines,Severe,264,16,Boeing 737,Controlled flight into terrain,"Toronto, Canada",Windy,29762,194,8,Night,Front,Partial - Low Monetary Damage
02/07/2013,British Airways,Minor,4,90,Boeing 737,Bird strike,"São Paulo, Brazil",Clear,18863,405,21,Daylight,Back,Full Plane
13/12/2020,United,Severe,184,187,Airbus A320,Severe turbulence,"Mumbai, India",Fog,8447,402,13,Night,Back,Partial - High Monetary Damage
06/07/2013,Singapore Airlines,Minor,0,276,Boeing 747,Structural failure,"Paris, France",Thunderstorm,36084,150,10,Daylight,Back,Partial - High Monetary Damage
15/01/2010,Turkish Airlines,Minor,5,121,Airbus A320,Fuel exhaustion,"Sydney, Australia",Windy,2386,172,8,Daylight,Front,Partial - High Monetary Damage
26/04/2024,Emirates,Minor,6,286,Boeing 747,Sabotage,"Tokyo, Japan",Rain,11487,308,36,Night,Front,Partial - High Monetary Damage
05/06/2022,United,Minor,9,167,Boeing 777,Engine failure during takeoff,"São Paulo, Brazil",Snow,5570,580,2,Daylight,Front,Full Plane
08/07/2012,Lufthansa,Minor,10,7,Airbus A320,Controlled flight into terrain,"São Paulo, Brazil",Snow,33419,414,7,Night,Front,Full Plane
06/02/2025,Lufthansa,Minor,4,259,Embraer 190,Runway excursion,"London, UK",Fog,36402,539,7,Daylight,Front,Full Plane
31/12/2024,Emirates,Severe,291,105,Airbus A380,Engine failure during takeoff,"Sydney, Australia",Clear,39992,563,13,Daylight,Back,Partial - High Monetary Damage
06/07/2016,Lufthansa,Severe,82,120,Boeing 737,Severe turbulence,"Beijing, China",Rain,14632,406,4,Night,Front,Full Plane
14/01/2020,Emirates,Minor,1,86,Boeing 737,Lightning strike,"Tokyo, Japan",Windy,1479,236,34,Daylight,Front,Partial - High Monetary Damage
18/06/2013,American Airlines,Severe,78,242,Boeing 737,Landing gear malfunction,"São Paulo, Brazil",Snow,25265,274,21,Daylight,Front,Partial - High Monetary Damage
07/03/2024,Emirates,Severe,239,51,Airbus A320,Mid-air collision,"New York, USA",Thunderstorm,14549,178,9,Night,Back,Partial - Low Monetary Damage
02/05/2014,Air India,Minor,8,12,Airbus A350,Engine failure during takeoff,"Beijing, China",Thunderstorm,22567,128,14,Night,Back,Full Plane
10/04/2020,Lufthansa,Severe,173,152,Boeing 747,Pilot error,"Beijing, China",Fog,32618,313,7,Daylight,Front,Partial - High Monetary Damage
23/09/2014,Qatar Airways,Minor,4,160,Boeing 747,Fuel exhaustion,"Mumbai, India",Snow,36650,257,23,Daylight,Back,Full Plane
21/11/2017,Air India,Minor,9,106,Embraer 190,Sabotage,"New York, USA",Rain,1634,450,26,Night,Front,Full Plane
03/06/2019,American Airlines,Minor,10,165,Airbus A380,Controlled flight into terrain,"Tokyo, Japan",Rain,14899,142,35,Night,Back,Partial - High Monetary Damage
05/05/2016,Singapore Airlines,Severe,55,44,Airbus A380,Mid-air collision,"Dubai, UAE",Windy,30451,578,11,Daylight,Front,Partial - High Monetary Damage
26/05/2010,British Airways,Minor,0,111,Airbus A380,Engine failure during takeoff,"São Paulo, Brazil",Thunderstorm,36589,416,16,Night,Front,Full Plane
15/06/2020,Delta,Minor,4,162,Boeing 747,Landing gear malfunction,"Sydney, Australia",Thunderstorm,38350,569,19,Daylight,Front,Partial - Low Monetary Damage
27/07/2021,Emirates,Minor,4,218,Airbus A350,Lightning strike,"New York, USA",Fog,7563,475,12,Daylight,Front,Full Plane
04/01/2015,Lufthansa,Minor,9,103,Airbus A380,Mid-air collision,"Mumbai, India",Fog,9562,511,35,Night,Front,Full Plane
20/12/2025,Air India,Minor,1,150,Boeing 777,Fuel exhaustion,"Dubai, UAE",Fog,6379,152,17,Night,Front,Full Plane
24/08/2010,American Airlines,Minor,0,115,Boeing 737,Sabotage,"London, UK",Fog,14543,111,1,Daylight,Back,Full Plane
19/12/2021,Turkish Airlines,Minor,10,33,Airbus A350,Runway excursion,"New York, USA",Thunderstorm,29139,314,9,Daylight,Front,Partial - Low Monetary Damage
24/12/2014,American Airlines,Severe,298,225,Airbus A380,Runway excursion,"Dubai, UAE",Clear,16422,597,10,Daylight,Front,Full Plane
12/02/2011,United,Severe,249,39,Boeing 777,Bird strike,"Sydney, Australia",Thunderstorm,15699,153,17,Night,Front,Partial - High Monetary Damage
24/12/2018,American Airlines,Severe,235,33,Embraer 190,Pilot error,"Dubai, UAE",Thunderstorm,26378,569,26,Daylight,Back,Partial - Low Monetary Damage
17/07/2023,Turkish Airlines,Minor,0,194,Airbus A380,Lightning strike,"Toronto, Canada",Thunderstorm,39076,455,12,Daylight,Back,Full Plane
12/12/2019,Singapore Airlines,Minor,7,117,Boeing 737,Mid-air collision,"New York, USA",Snow,37729,483,26,Night,Back,Full Plane
03/09/2021,Air India,Severe,93,100,Boeing 777,Fuel exhaustion,"Sydney, Australia",Snow,900,295,31,Daylight,Front,Partial - High Monetary Damage
04/06/2023,Air India,Severe,228,178,Airbus A320,Mid-air collision,"Sydney, Australia",Snow,20901,428,6,Night,Front,Full Plane
06/02/2023,United,Minor,3,133,Boeing 747,Pilot error,"Beijing, China",Thunderstorm,21753,294,16,Daylight,Front,Full Plane
08/02/2024,Qatar Airways,Severe,226,228,Bombardier CRJ900,Engine failure during takeoff,"São Paulo, Brazil",Rain,36211,453,11,Daylight,Back,Partial - Low Monetary Damage
11/10/2022,Delta,Minor,1,43,Airbus A320,Engine failure during takeoff,"Tokyo, Japan",Snow,21178,415,1,Daylight,Front,Partial - High Monetary Damage
30/04/2018,Qatar Airways,Minor,4,183,Airbus A320,Sabotage,"New York, USA",Clear,22575,147,9,Daylight,Front,Partial - High Monetary Damage
25/04/2012,Emirates,Minor,9,133,Airbus A380,Controlled flight into terrain,"New York, USA",Fog,32308,108,21,Daylight,Front,Full Plane
22/05/2024,British Airways,Minor,2,108,Embraer 190,Sabotage,"São Paulo, Brazil",Rain,24384,130,16,Night,Front,Full Plane
23/09/2015,Emirates,Minor,0,124,Airbus A380,Severe turbulence,"Dubai, UAE",Snow,38820,558,17,Night,Back,Full Plane
10/10/2017,United,Minor,4,259,Airbus A380,Runway excursion,"Beijing, China",Rain,37497,485,11,Night,Front,Full Plane
15/05/2016,Turkish Airlines,Minor,9,85,Bombardier CRJ900,Severe turbulence,"São Paulo, Brazil",Snow,20058,554,16,Daylight,Front,Partial - High Monetary Damage
18/08/2023,Lufthansa,Minor,9,165,Boeing 777,Sabotage,"Beijing, China",Thunderstorm,1366,530,35,Night,Front,Partial - Low Monetary Damage
22/04/2022,Lufthansa,Severe,103,154,Boeing 777,Landing gear malfunction,"Mumbai, India",Windy,35699,535,28,Daylight,Back,Full Plane
02/08/2014,Lufthansa,Severe,54,55,Airbus A380,Structural failure,"São Paulo, Brazil",Fog,18235,459,29,Night,Back,Partial - High Monetary Damage
27/03/2019,Lufthansa,Minor,6,248,Boeing 747,Structural failure,"London, UK",Fog,12227,472,3,Night,Front,Partial - High Monetary Damage
08/05/2020,Qatar Airways,Minor,4,210,Airbus A320,Runway excursion,"Paris, France",Windy,37743,369,29,Daylight,Back,Partial - High Monetary Damage
13/10/2011,British Airways,Minor,0,278,Boeing 737,Pilot error,"New York, USA",Clear,43,425,31,Daylight,Front,Full Plane
02/11/2015,Singapore Airlines,Minor,4,292,Airbus A380,Runway excursion,"São Paulo, Brazil",Rain,27466,167,25,Daylight,Back,Partial - High Monetary Damage
10/09/2018,Emirates,Severe,71,72,Boeing 747,Severe turbulence,"São Paulo, Brazil",Fog,39501,181,2,Daylight,Back,Full Plane
13/10/2020,Emirates,Minor,2,75,Embraer 190,Landing gear malfunction,"Tokyo, Japan",Snow,28175,440,20,Daylight,Front,Full Plane
29/11/2015,American Airlines,Severe,68,16,Embraer 190,Fuel exhaustion,"São Paulo, Brazil",Snow,37122,228,9,Daylight,Back,Full Plane
28/08/2022,United,Severe,65,203,Bombardier CRJ900,Bird strike,"Paris, France",Thunderstorm,3200,168,40,Night,Front,Partial - Low Monetary Damage
17/10/2010,United,Minor,7,276,Airbus A380,Pilot error,"New York, USA",Fog,19532,509,13,Daylight,Back,Full Plane
02/10/2019,Turkish Airlines,Severe,60,68,Airbus A380,Pilot error,"Mumbai, India",Fog,23546,478,38,Daylight,Front,Partial - High Monetary Damage
02/07/2018,Emirates,Minor,10,291,Airbus A320,Pilot error,"Toronto, Canada",Thunderstorm,10041,163,35,Daylight,Front,Partial - High Monetary Damage
25/10/2021,Lufthansa,Minor,4,130,Airbus A320,Controlled flight into terrain,"Beijing, China",Snow,34067,307,32,Daylight,Back,Full Plane
21/07/2021,Qatar Airways,Minor,10,174,Embraer 190,Fuel exhaustion,"São Paulo, Brazil",Snow,39828,374,28,Daylight,Back,Full Plane
17/05/2019,Turkish Airlines,Minor,3,282,Bombardier CRJ900,Pilot error,"São Paulo, Brazil",Fog,35600,172,26,Night,Front,Partial - High Monetary Damage
30/01/2020,Qatar Airways,Minor,1,21,Bombardier CRJ900,Pilot error,"Paris, France",Clear,28124,313,31,Night,Back,Partial - Low Monetary Damage
11/05/2018,Qatar Airways,Minor,0,88,Boeing 777,Landing gear malfunction,"Tokyo, Japan",Thunderstorm,968,522,20,Night,Front,Full Plane
15/07/2011,British Airways,Minor,5,262,Embraer 190,Engine failure during takeoff,"Tokyo, Japan",Thunderstorm,24724,357,4,Night,Front,Full Plane
03/08/2022,British Airways,Severe,144,155,Embraer 190,Runway excursion,"Toronto, Canada",Thunderstorm,4369,573,35,Night,Back,Full Plane
28/07/2017,Air India,Minor,0,177,Boeing 737,Mid-air collision,"Beijing, China",Clear,3176,164,32,Night,Back,Partial - High Monetary Damage
08/01/2021,American Airlines,Minor,3,235,Boeing 747,Runway excursion,"London, UK",Thunderstorm,25461,177,32,Night,Front,Partial - High Monetary Damage
07/04/2012,Qatar Airways,Minor,1,60,Airbus A380,Fuel exhaustion,"São Paulo, Brazil",Snow,21729,451,9,Daylight,Back,Partial - High Monetary Damage
20/11/2011,Lufthansa,Severe,143,285,Bombardier CRJ900,Sabotage,"Mumbai, India",Snow,27549,142,5,Night,Back,Full Plane
14/07/2019,American Airlines,Minor,8,213,Embraer 190,Severe turbulence,"Sydney, Australia",Thunderstorm,30126,424,3,Night,Front,Full Plane
29/10/2016,Qatar Airways,Minor,8,293,Airbus A350,Structural failure,"Paris, France",Fog,15767,515,29,Night,Front,Partial - High Monetary Damage
12/12/2017,Singapore Airlines,Severe,166,51,Airbus A350,Lightning strike,"New York, USA",Fog,15304,355,22,Night,Back,Full Plane
02/09/2019,Turkish Airlines,Minor,8,288,Boeing 737,Lightning strike,"Dubai, UAE",Rain,29645,282,12,Night,Front,Full Plane
08/01/2011,British Airways,Minor,5,263,Bombardier CRJ900,Mid-air collision,"Toronto, Canada",Thunderstorm,17915,575,19,Night,Front,Full Plane
16/11/2017,Turkish Airlines,Minor,0,43,Embraer 190,Structural failure,"Mumbai, India",Snow,24330,426,4,Night,Back,Full Plane
01/01/2025,Delta,Minor,6,218,Bombardier CRJ900,Sabotage,"New York, USA",Snow,29101,305,2,Night,Back,Partial - Low Monetary Damage
18/08/2023,Emirates,Severe,156,90,Airbus A380,Runway excursion,"New York, USA",Snow,2833,187,16,Night,Front,Partial - High Monetary Damage
13/03/2018,Singapore Airlines,Minor,0,189,Airbus A350,Severe turbulence,"New York, USA",Windy,5439,432,14,Daylight,Front,Partial - Low Monetary Damage
08/01/2019,Air India,Minor,6,150,Boeing 777,Engine failure during takeoff,"Paris, France",Fog,26153,500,3,Daylight,Back,Full Plane
25/08/2014,Singapore Airlines,Minor,7,100,Airbus A320,Controlled flight into terrain,"New York, USA",Snow,20863,295,24,Night,Front,Full Plane
23/10/2016,Turkish Airlines,Minor,5,54,Embraer 190,Controlled flight into terrain,"Mumbai, India",Windy,9430,527,5,Daylight,Front,Partial - High Monetary Damage
02/08/2015,Turkish Airlines,Minor,10,154,Boeing 777,Controlled flight into terrain,"Sydney, Australia",Snow,29108,416,2,Night,Back,Partial - High Monetary Damage
03/01/2012,Qatar Airways,Minor,1,164,Embraer 190,Sabotage,"Sydney, Australia",Windy,27156,391,39,Night,Front,Full Plane
19/04/2021,Qatar Airways,Minor,4,127,Airbus A380,Controlled flight into terrain,"London, UK",Snow,6110,498,32,Daylight,Front,Full Plane
04/02/2011,Delta,Severe,79,214,Airbus A380,Fuel exhaustion,"Tokyo, Japan",Fog,14592,295,10,Night,Back,Full Plane
14/01/2024,American Airlines,Minor,4,173,Airbus A350,Mid-air collision,"Tokyo, Japan",Fog,27410,588,19,Daylight,Front,Partial - High Monetary Damage
16/09/2024,Delta,Severe,183,51,Airbus A350,Controlled flight into terrain,"Mumbai, India",Rain,36709,174,30,Daylight,Back,Partial - High Monetary Damage
05/11/2019,Air India,Minor,3,102,Embraer 190,Lightning strike,"Paris, France",Snow,4529,115,9,Daylight,Front,Partial - High Monetary Damage
13/09/2014,Qatar Airways,Minor,5,111,Boeing 747,Severe turbulence,"New York, USA",Windy,19584,370,23,Daylight,Front,Partial - Low Monetary Damage
15/03/2023,Air India,Minor,1,264,Airbus A380,Bird strike,"Mumbai, India",Thunderstorm,38518,199,18,Night,Front,Partial - High Monetary Damage
15/04/2013,Qatar Airways,Minor,5,222,Boeing 747,Runway excursion,"Sydney, Australia",Thunderstorm,36165,423,12,Daylight,Back,Partial - Low Monetary Damage
14/05/2010,Qatar Airways,Minor,6,56,Airbus A380,Structural failure,"Beijing, China",Snow,3839,238,28,Night,Front,Partial - Low Monetary Damage
23/09/2010,Qatar Airways,Minor,0,114,Embraer 190,Runway excursion,"London, UK",Snow,9175,354,23,Night,Front,Partial - High Monetary Damage
08/01/2013,Lufthansa,Minor,9,212,Bombardier CRJ900,Runway excursion,"São Paulo, Brazil",Thunderstorm,23443,393,19,Daylight,Back,Partial - High Monetary Damage
03/11/2017,United,Minor,5,238,Boeing 737,Controlled flight into terrain,"Beijing, China",Windy,14414,509,5,Daylight,Back,Full Plane
14/11/2021,Singapore Airlines,Minor,1,148,Airbus A380,Pilot error,"Tokyo, Japan",Thunderstorm,1343,577,28,Daylight,Back,Full Plane
06/10/2017,Lufthansa,Minor,4,197,Airbus A320,Runway excursion,"Paris, France",Thunderstorm,33556,462,35,Daylight,Front,Full Plane
12/08/2019,Emirates,Minor,2,41,Bombardier CRJ900,Sabotage,"Toronto, Canada",Snow,18373,144,38,Daylight,Back,Partial - Low Monetary Damage
06/06/2017,Turkish Airlines,Minor,7,220,Boeing 737,Landing gear malfunction,"São Paulo, Brazil",Fog,12743,481,14,Daylight,Front,Full Plane
19/10/2014,British Airways,Minor,7,51,Embraer 190,Lightning strike,"Beijing, China",Rain,31385,101,38,Daylight,Front,Full Plane
22/05/2015,Air India,Minor,0,219,Airbus A350,Lightning strike,"Sydney, Australia",Thunderstorm,26114,105,12,Daylight,Front,Partial - High Monetary Damage
14/07/2020,United,Minor,10,5,Airbus A350,Lightning strike,"Toronto, Canada",Clear,10533,276,32,Daylight,Back,Full Plane
12/10/2025,Emirates,Minor,2,163,Embraer 190,Landing gear malfunction,"Tokyo, Japan",Rain,26068,391,28,Night,Back,Partial - Low Monetary Damage
11/09/2020,American Airlines,Minor,1,139,Boeing 737,Lightning strike,"New York, USA",Clear,19382,217,15,Daylight,Front,Partial - High Monetary Damage
24/10/2020,Qatar Airways,Severe,137,123,Bombardier CRJ900,Runway excursion,"São Paulo, Brazil",Fog,17652,171,38,Night,Back,Full Plane
06/06/2015,Qatar Airways,Severe,249,115,Embraer 190,Runway excursion,"Toronto, Canada",Rain,19745,438,36,Night,Back,Partial - High Monetary Damage
31/05/2010,British Airways,Minor,3,231,Bombardier CRJ900,Bird strike,"New York, USA",Snow,30135,509,21,Night,Back,Partial - High Monetary Damage
09/03/2025,British Airways,Severe,188,10,Embraer 190,Sabotage,"London, UK",Fog,32695,424,12,Daylight,Back,Full Plane
27/06/2014,British Airways,Minor,6,247,Airbus A320,Lightning strike,"São Paulo, Brazil",Clear,11819,424,15,Night,Front,Partial - High Monetary Damage
25/03/2012,Emirates,Severe,79,121,Embraer 190,Engine failure during takeoff,"Toronto, Canada",Snow,21175,572,36,Daylight,Front,Partial - Low Monetary Damage
28/06/2018,Turkish Airlines,Severe,76,195,Boeing 747,Pilot error,"Dubai, UAE",Rain,599,579,7,Daylight,Back,Partial - High Monetary Damage
08/02/2021,Turkish Airlines,Minor,5,240,Airbus A350,Fuel exhaustion,"Sydney, Australia",Snow,34832,584,36,Night,Front,Full Plane
03/06/2025,Lufthansa,Minor,1,40,Airbus A380,Structural failure,"New York, USA",Fog,18480,424,11,Night,Back,Partial - High Monetary Damage
01/07/2022,Air India,Severe,80,65,Boeing 747,Lightning strike,"New York, USA",Clear,12070,280,33,Daylight,Front,Full Plane
15/10/2020,Lufthansa,Minor,1,255,Airbus A350,Sabotage,"London, UK",Rain,15754,352,37,Night,Front,Partial - Low Monetary Damage
05/06/2012,Singapore Airlines,Severe,282,132,Boeing 747,Bird strike,"Paris, France",Fog,9229,166,13,Daylight,Back,Partial - High Monetary Damage
11/04/2023,American Airlines,Severe,231,247,Bombardier CRJ900,Structural failure,"Sydney, Australia",Snow,16418,489,25,Night,Front,Partial - High Monetary Damage
10/08/2013,Air India,Severe,161,2,Boeing 777,Severe turbulence,"Mumbai, India",Snow,11410,167,13,Daylight,Back,Partial - Low Monetary Damage
29/04/2019,Singapore Airlines,Severe,94,213,Boeing 777,Pilot error,"London, UK",Windy,13932,382,11,Night,Front,Full Plane
01/06/2012,Qatar Airways,Severe,271,191,Airbus A380,Structural failure,"New York, USA",Fog,19757,421,30,Night,Back,Partial - Low Monetary Damage
29/04/2018,United,Minor,7,122,Airbus A380,Controlled flight into terrain,"Paris, France",Snow,33573,333,36,Night,Front,Partial - High Monetary Damage
08/05/2016,Singapore Airlines,Minor,1,39,Boeing 737,Bird strike,"Beijing, China",Clear,312,125,28,Daylight,Front,Partial - High Monetary Damage
13/04/2022,United,Minor,4,89,Embraer 190,Pilot error,"Beijing, China",Fog,2091,460,34,Night,Back,Partial - High Monetary Damage
11/10/2020,Qatar Airways,Minor,3,55,Airbus A350,Landing gear malfunction,"Beijing, China",Fog,17950,203,2,Daylight,Front,Partial - High Monetary Damage
06/02/2025,Delta,Minor,5,232,Boeing 737,Mid-air collision,"Beijing, China",Thunderstorm,5243,180,31,Night,Back,Partial - Low Monetary Damage
13/06/2013,American Airlines,Severe,207,270,Airbus A380,Engine failure during takeoff,"Dubai, UAE",Clear,29777,174,3,Night,Front,Partial - High Monetary Damage
14/04/2010,United,Minor,3,154,Airbus A320,Severe turbulence,"Tokyo, Japan",Clear,8258,115,18,Night,Front,Full Plane
27/04/2012,Qatar Airways,Minor,4,0,Boeing 777,Sabotage,"Tokyo, Japan",Clear,20172,123,12,Night,Front,Partial - Low Monetary Damage
22/03/2013,Singapore Airlines,Minor,1,198,Airbus A320,Lightning strike,"New York, USA",Clear,7248,591,15,Daylight,Front,Partial - High Monetary Damage
22/11/2015,United,Minor,0,230,Boeing 737,Runway excursion,"Sydney, Australia",Rain,21692,430,23,Daylight,Front,Full Plane
28/11/2024,Air India,Minor,6,71,Boeing 747,Sabotage,"Toronto, Canada",Rain,22413,438,30,Night,Front,Partial - Low Monetary Damage
17/04/2011,Delta,Minor,1,218,Airbus A320,Landing gear malfunction,"Beijing, China",Clear,16161,337,15,Night,Front,Full Plane
08/02/2013,Lufthansa,Severe,215,228,Boeing 747,Sabotage,"Mumbai, India",Windy,26104,567,6,Daylight,Back,Full Plane
30/05/2018,Air India,Minor,6,72,Bombardier CRJ900,Pilot error,"Sydney, Australia",Windy,39344,532,34,Night,Back,Partial - High Monetary Damage
04/07/2016,Lufthansa,Minor,5,26,Boeing 777,Bird strike,"São Paulo, Brazil",Windy,7078,236,40,Daylight,Front,Full Plane
23/07/2017,Qatar Airways,Minor,0,139,Boeing 747,Pilot error,"Sydney, Australia",Thunderstorm,21471,386,39,Night,Back,Full Plane
16/03/2017,British Airways,Minor,10,45,Boeing 777,Bird strike,"Mumbai, India",Thunderstorm,35034,273,24,Night,Front,Partial - High Monetary Damage
14/07/2010,Air India,Minor,4,283,Embraer 190,Mid-air collision,"Dubai, UAE",Fog,22153,415,38,Daylight,Back,Partial - Low Monetary Damage
05/10/2024,Air India,Minor,7,220,Boeing 747,Runway excursion,"Beijing, China",Snow,20665,352,16,Daylight,Front,Partial - High Monetary Damage
19/04/2011,Qatar Airways,Severe,97,86,Boeing 777,Controlled flight into terrain,"New York, USA",Windy,30050,476,5,Daylight,Front,Partial - High Monetary Damage
03/09/2017,Turkish Airlines,Minor,5,100,Airbus A380,Mid-air collision,"Sydney, Australia",Windy,18467,165,6,Night,Back,Partial - Low Monetary Damage
20/08/2016,Qatar Airways,Severe,139,33,Embraer 190,Lightning strike,"Dubai, UAE",Clear,38335,230,28,Daylight,Back,Full Plane
26/03/2023,American Airlines,Severe,105,54,Boeing 747,Structural failure,"Dubai, UAE",Rain,1887,512,38,Night,Back,Partial - High Monetary Damage
14/09/2010,Delta,Severe,81,193,Boeing 777,Bird strike,"London, UK",Windy,25177,197,38,Night,Back,Full Plane
18/05/2021,American Airlines,Minor,0,227,Airbus A320,Runway excursion,"Mumbai, India",Windy,11410,384,12,Night,Back,Full Plane
26/10/2010,Emirates,Minor,7,282,Airbus A380,Mid-air collision,"Mumbai, India",Windy,32701,337,6,Daylight,Front,Full Plane
07/12/2024,Turkish Airlines,Severe,101,231,Airbus A320,Mid-air collision,"Tokyo, Japan",Fog,36903,580,13,Night,Front,Partial - High Monetary Damage
22/08/2022,Turkish Airlines,Minor,7,160,Boeing 737,Lightning strike,"Tokyo, Japan",Clear,24826,162,21,Daylight,Front,Full Plane
23/02/2023,Turkish Airlines,Minor,1,285,Boeing 777,Severe turbulence,"Sydney, Australia",Rain,979,174,16,Daylight,Front,Partial - Low Monetary Damage
08/05/2022,Delta,Minor,2,197,Boeing 747,Bird strike,"Toronto, Canada",Windy,10626,412,20,Daylight,Back,Partial - Low Monetary Damage
07/09/2014,American Airlines,Severe,87,132,Bombardier CRJ900,Severe turbulence,"Dubai, UAE",Snow,18189,279,30,Daylight,Front,Partial - High Monetary Damage
28/09/2022,Lufthansa,Severe,51,251,Embraer 190,Controlled flight into terrain,"Mumbai, India",Clear,10783,145,4,Night,Front,Partial - High Monetary Damage
15/02/2021,Singapore Airlines,Severe,162,132,Boeing 777,Controlled flight into terrain,"Sydney, Australia",Fog,24177,251,23,Daylight,Back,Partial - High Monetary Damage
02/01/2019,Delta,Severe,87,7,Airbus A380,Runway excursion,"Dubai, UAE",Rain,29633,271,1,Night,Front,Partial - High Monetary Damage
26/02/2024,British Airways,Minor,5,59,Boeing 737,Structural failure,"Dubai, UAE",Clear,4026,195,31,Night,Front,Partial - High Monetary Damage
11/04/2020,Singapore Airlines,Minor,0,73,Airbus A380,Engine failure during takeoff,"Dubai, UAE",Clear,15673,561,1,Daylight,Front,Full Plane
25/04/2015,Qatar Airways,Minor,8,186,Airbus A320,Landing gear malfunction,"London, UK",Fog,13952,467,32,Daylight,Front,Full Plane
03/09/2021,British Airways,Minor,10,176,Airbus A320,Bird strike,"Tokyo, Japan",Snow,14524,515,31,Night,Front,Partial - Low Monetary Damage
09/06/2021,Emirates,Severe,128,126,Airbus A320,Lightning strike,"New York, USA",Snow,9463,122,24,Daylight,Back,Full Plane
23/09/2020,United,Severe,132,61,Boeing 747,Mid-air collision,"Mumbai, India",Thunderstorm,22147,269,1,Night,Front,Partial - High Monetary Damage
11/01/2013,United,Minor,2,231,Boeing 777,Bird strike,"Paris, France",Rain,39307,446,36,Daylight,Back,Full Plane
13/12/2016,Lufthansa,Minor,4,171,Airbus A320,Runway excursion,"Paris, France",Fog,19078,362,36,Night,Back,Full Plane
20/06/2018,Air India,Minor,0,167,Bombardier CRJ900,Runway excursion,"Beijing, China",Windy,23516,552,20,Night,Front,Full Plane
08/03/2012,British Airways,Severe,190,0,Airbus A350,Engine failure during takeoff,"Toronto, Canada",Snow,11880,573,37,Daylight,Front,Partial - High Monetary Damage
15/10/2018,Turkish Airlines,Minor,8,133,Boeing 777,Sabotage,"New York, USA",Thunderstorm,14564,511,19,Night,Back,Full Plane
24/10/2014,American Airlines,Minor,6,200,Boeing 777,Lightning strike,"Beijing, China",Fog,5411,428,37,Night,Front,Full Plane
19/04/2010,United,Severe,234,52,Boeing 777,Runway excursion,"Toronto, Canada",Clear,21112,111,40,Daylight,Back,Partial - High Monetary Damage
15/07/2014,Air India,Minor,0,222,Airbus A380,Mid-air collision,"Beijing, China",Snow,35246,461,40,Night,Back,Partial - High Monetary Damage
29/04/2016,United,Minor,9,57,Boeing 737,Bird strike,"Toronto, Canada",Snow,9129,576,26,Night,Back,Partial - High Monetary Damage
31/07/2015,Delta,Minor,6,151,Airbus A350,Bird strike,"Sydney, Australia",Snow,34430,175,13,Night,Back,Full Plane
20/10/2021,American Airlines,Severe,222,119,Boeing 777,Severe turbulence,"Beijing, China",Thunderstorm,25354,567,23,Night,Front,Partial - High Monetary Damage
06/12/2014,Air India,Minor,9,277,Boeing 747,Engine failure during takeoff,"São Paulo, Brazil",Windy,14834,423,30,Night,Front,Partial - Low Monetary Damage
20/01/2025,United,Minor,2,139,Boeing 737,Severe turbulence,"Beijing, China",Rain,3020,585,25,Night,Back,Partial - High Monetary Damage
02/05/2011,Air India,Minor,5,25,Boeing 737,Engine failure during takeoff,"Mumbai, India",Windy,18319,364,33,Night,Back,Full Plane
14/08/2010,Emirates,Severe,246,116,Embraer 190,Bird strike,"Mumbai, India",Thunderstorm,1327,304,27,Night,Back,Partial - High Monetary Damage
03/09/2010,Emirates,Severe,291,238,Boeing 777,Mid-air collision,"Tokyo, Japan",Rain,9163,108,27,Daylight,Back,Full Plane
06/01/2023,American Airlines,Severe,108,64,Boeing 777,Bird strike,"Paris, France",Fog,39655,512,9,Daylight,Back,Full Plane
14/10/2011,Qatar Airways,Severe,258,193,Boeing 737,Engine failure during takeoff,"Tokyo, Japan",Windy,28513,294,5,Daylight,Front,Full Plane
12/07/2016,Lufthansa,Severe,110,244,Bombardier CRJ900,Engine failure during takeoff,"Sydney, Australia",Windy,25710,122,16,Daylight,Front,Partial - Low Monetary Damage
05/01/2015,United,Minor,6,172,Boeing 777,Severe turbulence,"Mumbai, India",Windy,12046,247,35,Night,Back,Full Plane
07/01/2017,Turkish Airlines,Severe,59,144,Boeing 777,Sabotage,"Dubai, UAE",Fog,39327,382,1,Daylight,Front,Full Plane
13/07/2013,United,Minor,1,176,Airbus A380,Runway excursion,"London, UK",Rain,5940,114,21,Night,Back,Partial - Low Monetary Damage
18/10/2023,American Airlines,Minor,10,225,Airbus A350,Landing gear malfunction,"Paris, France",Clear,29007,188,38,Daylight,Back,Full Plane
21/11/2016,Delta,Minor,0,214,Boeing 747,Structural failure,"São Paulo, Brazil",Rain,10350,505,23,Night,Front,Full Plane
15/11/2023,United,Severe,286,29,Bombardier CRJ900,Landing gear malfunction,"Paris, France",Snow,6501,578,5,Daylight,Back,Partial - Low Monetary Damage
26/01/2015,Turkish Airlines,Minor,9,297,Airbus A380,Landing gear malfunction,"Mumbai, India",Windy,31809,525,40,Night,Back,Full Plane
26/05/2010,British Airways,Minor,10,150,Bombardier CRJ900,Severe turbulence,"New York, USA",Windy,19365,193,17,Night,Front,Full Plane
11/01/2021,British Airways,Minor,9,45,Boeing 777,Engine failure during takeoff,"Toronto, Canada",Fog,10287,234,36,Night,Back,Partial - High Monetary Damage
06/07/2025,British Airways,Minor,9,132,Airbus A320,Engine failure during takeoff,"London, UK",Clear,39337,106,18,Night,Back,Partial - High Monetary Damage
27/03/2016,British Airways,Severe,110,66,Airbus A380,Runway excursion,"Dubai, UAE",Snow,9098,314,23,Night,Back,Full Plane
21/05/2012,American Airlines,Severe,250,182,Boeing 777,Controlled flight into terrain,"Beijing, China",Fog,8586,500,18,Night,Back,Full Plane
26/10/2019,British Airways,Minor,1,31,Boeing 737,Lightning strike,"Mumbai, India",Fog,1732,283,11,Daylight,Front,Full Plane
29/09/2022,Emirates,Minor,9,180,Airbus A320,Controlled flight into terrain,"Mumbai, India",Rain,19794,533,11,Daylight,Back,Full Plane
14/09/2022,Emirates,Minor,1,200,Embraer 190,Runway excursion,"Paris, France",Fog,5702,253,24,Night,Back,Partial - Low Monetary Damage
10/06/2024,Singapore Airlines,Severe,291,100,Boeing 777,Controlled flight into terrain,"London, UK",Clear,26690,553,38,Night,Front,Partial - Low Monetary Damage
05/04/2019,Lufthansa,Minor,4,209,Boeing 737,Structural failure,"Dubai, UAE",Snow,30409,344,22,Night,Back,Partial - High Monetary Damage
17/01/2017,Air India,Minor,0,28,Boeing 747,Sabotage,"Tokyo, Japan",Thunderstorm,35492,234,22,Daylight,Back,Partial - High Monetary Damage
02/02/2016,Emirates,Severe,56,111,Bombardier CRJ900,Landing gear malfunction,"New York, USA",Thunderstorm,11588,330,7,Daylight,Front,Full Plane
09/04/2019,Air India,Minor,9,260,Bombardier CRJ900,Severe turbulence,"New York, USA",Thunderstorm,7813,588,13,Night,Front,Full Plane
10/09/2018,Singapore Airlines,Minor,9,169,Embraer 190,Engine failure during takeoff,"Paris, France",Snow,23539,511,13,Night,Back,Full Plane
04/06/2013,Lufthansa,Minor,10,164,Embraer 190,Runway excursion,"Sydney, Australia",Clear,15777,304,3,Night,Back,Partial - Low Monetary Damage
26/06/2021,Emirates,Minor,8,82,Bombardier CRJ900,Severe turbulence,"Dubai, UAE",Snow,38688,454,21,Daylight,Front,Full Plane
21/11/2023,Emirates,Minor,1,259,Airbus A350,Pilot error,"Dubai, UAE",Rain,11540,410,40,Daylight,Front,Full Plane
19/02/2021,Lufthansa,Severe,92,267,Embraer 190,Mid-air collision,"London, UK",Snow,26615,594,5,Night,Front,Partial - High Monetary Damage
19/07/2025,Lufthansa,Severe,263,95,Boeing 747,Fuel exhaustion,"London, UK",Snow,25064,274,23,Night,Front,Full Plane
14/05/2014,Air India,Severe,234,97,Embraer 190,Landing gear malfunction,"Toronto, Canada",Thunderstorm,39591,121,19,Daylight,Back,Partial - High Monetary Damage
21/01/2018,Qatar Airways,Minor,9,59,Boeing 777,Severe turbulence,"Paris, France",Fog,13757,467,7,Night,Front,Partial - Low Monetary Damage
28/03/2012,United,Minor,7,107,Bombardier CRJ900,Pilot error,"Dubai, UAE",Snow,31119,396,38,Daylight,Front,Full Plane
15/09/2021,Delta,Severe,291,76,Boeing 777,Engine failure during takeoff,"Toronto, Canada",Snow,324,111,27,Daylight,Front,Partial - Low Monetary Damage
02/08/2023,British Airways,Severe,231,218,Boeing 737,Sabotage,"Toronto, Canada",Clear,25966,231,14,Daylight,Front,Partial - High Monetary Damage
21/06/2018,Singapore Airlines,Minor,1,248,Airbus A380,Mid-air collision,"Dubai, UAE",Windy,14502,545,23,Daylight,Back,Partial - High Monetary Damage
08/07/2013,Turkish Airlines,Minor,9,262,Airbus A320,Runway excursion,"Sydney, Australia",Rain,8270,142,8,Night,Front,Partial - Low Monetary Damage
05/04/2013,Qatar Airways,Minor,2,110,Airbus A350,Pilot error,"Beijing, China",Thunderstorm,23262,424,7,Daylight,Back,Partial - Low Monetary Damage
22/07/2017,United,Severe,219,158,Boeing 747,Fuel exhaustion,"São Paulo, Brazil",Snow,2163,357,2,Night,Front,Full Plane
25/06/2013,Delta,Minor,10,103,Airbus A320,Controlled flight into terrain,"São Paulo, Brazil",Fog,14119,597,39,Night,Front,Full Plane
23/02/2020,Emirates,Severe,97,183,Embraer 190,Mid-air collision,"Paris, France",Clear,7937,473,27,Daylight,Front,Partial - Low Monetary Damage
05/05/2017,Qatar Airways,Severe,182,274,Embraer 190,Controlled flight into terrain,"Tokyo, Japan",Clear,15114,399,32,Night,Front,Full Plane
04/03/2024,Qatar Airways,Severe,183,186,Embraer 190,Severe turbulence,"Mumbai, India",Thunderstorm,38428,358,20,Daylight,Back,Partial - High Monetary Damage
25/01/2019,American Airlines,Severe,164,296,Boeing 747,Lightning strike,"São Paulo, Brazil",Windy,10282,269,22,Night,Back,Full Plane
02/04/2011,Singapore Airlines,Severe,269,55,Airbus A350,Runway excursion,"Mumbai, India",Rain,32775,323,7,Night,Back,Partial - High Monetary Damage
04/02/2010,Turkish Airlines,Minor,4,237,Boeing 737,Engine failure during takeoff,"Mumbai, India",Fog,2959,300,15,Daylight,Back,Partial - Low Monetary Damage
21/09/2013,Singapore Airlines,Minor,1,238,Airbus A350,Structural failure,"São Paulo, Brazil",Windy,19796,593,28,Daylight,Front,Full Plane
09/11/2012,Air India,Minor,5,209,Bombardier CRJ900,Pilot error,"Mumbai, India",Clear,34841,452,15,Daylight,Front,Partial - High Monetary Damage
09/08/2015,British Airways,Minor,9,126,Airbus A380,Landing gear malfunction,"Dubai, UAE",Thunderstorm,23481,232,26,Night,Front,Full Plane
03/11/2010,United,Minor,4,262,Boeing 737,Runway excursion,"Dubai, UAE",Snow,497,204,23,Daylight,Front,Partial - High Monetary Damage
28/11/2012,Air India,Minor,9,185,Airbus A380,Controlled flight into terrain,"Tokyo, Japan",Thunderstorm,12120,118,39,Daylight,Back,Full Plane
13/01/2015,American Airlines,Severe,88,262,Embraer 190,Bird strike,"Beijing, China",Thunderstorm,9910,148,1,Night,Back,Partial - High Monetary Damage
08/06/2016,Air India,Minor,5,200,Boeing 777,Mid-air collision,"Dubai, UAE",Clear,2954,561,22,Daylight,Front,Full Plane
16/11/2010,Lufthansa,Minor,4,294,Bombardier CRJ900,Fuel exhaustion,"Mumbai, India",Snow,27393,299,2,Night,Front,Partial - High Monetary Damage
08/05/2018,United,Minor,10,75,Boeing 777,Pilot error,"Dubai, UAE",Thunderstorm,6240,268,17,Daylight,Front,Partial - High Monetary Damage
29/07/2018,British Airways,Severe,99,72,Boeing 747,Landing gear malfunction,"Mumbai, India",Snow,38341,421,5,Daylight,Front,Partial - High Monetary Damage
01/07/2020,Emirates,Severe,126,171,Embraer 190,Lightning strike,"London, UK",Rain,3194,530,32,Night,Back,Partial - High Monetary Damage
17/02/2020,Lufthansa,Minor,5,138,Airbus A380,Fuel exhaustion,"Sydney, Australia",Thunderstorm,6962,281,16,Night,Front,Partial - Low Monetary Damage
16/04/2012,Lufthansa,Severe,260,116,Boeing 777,Controlled flight into terrain,"London, UK",Fog,37778,320,32,Night,Front,Full Plane
20/02/2014,United,Minor,0,249,Boeing 737,Severe turbulence,"São Paulo, Brazil",Windy,15686,512,10,Night,Back,Partial - High Monetary Damage
23/01/2018,Lufthansa,Severe,88,208,Airbus A380,Engine failure during takeoff,"Mumbai, India",Windy,15959,168,10,Night,Front,Partial - Low Monetary Damage
08/10/2011,Emirates,Minor,6,100,Bombardier CRJ900,Engine failure during takeoff,"Toronto, Canada",Windy,13870,212,16,Daylight,Front,Full Plane
14/10/2024,Turkish Airlines,Minor,6,215,Boeing 747,Mid-air collision,"Mumbai, India",Rain,24488,363,17,Night,Back,Partial - Low Monetary Damage
11/04/2018,Singapore Airlines,Minor,4,207,Bombardier CRJ900,Sabotage,"Tokyo, Japan",Clear,14791,386,9,Night,Front,Full Plane
19/08/2021,United,Severe,215,90,Embraer 190,Engine failure during takeoff,"London, UK",Rain,32073,351,27,Night,Front,Full Plane
25/08/2022,Delta,Severe,94,257,Bombardier CRJ900,Structural failure,"Toronto, Canada",Fog,39596,371,32,Daylight,Front,Partial - High Monetary Damage
23/12/2010,Air India,Minor,7,254,Bombardier CRJ900,Landing gear malfunction,"London, UK",Rain,31930,360,33,Daylight,Back,Full Plane
20/11/2015,Emirates,Minor,3,49,Airbus A350,Bird strike,"New York, USA",Thunderstorm,5554,574,30,Daylight,Back,Full Plane
17/04/2012,British Airways,Minor,8,39,Airbus A380,Engine failure during takeoff,"Mumbai, India",Rain,39564,361,3,Night,Front,Partial - Low Monetary Damage
02/08/2021,Qatar Airways,Severe,289,236,Bombardier CRJ900,Fuel exhaustion,"New York, USA",Clear,4049,326,13,Night,Back,Full Plane
10/02/2024,Singapore Airlines,Minor,6,59,Boeing 777,Pilot error,"São Paulo, Brazil",Windy,135,472,12,Night,Back,Partial - Low Monetary Damage
21/09/2013,Turkish Airlines,Minor,10,223,Embraer 190,Fuel exhaustion,"New York, USA",Fog,3809,550,14,Daylight,Front,Partial - High Monetary Damage
15/05/2021,Emirates,Minor,9,189,Boeing 737,Sabotage,"Mumbai, India",Rain,1420,295,35,Night,Front,Full Plane
09/04/2010,Turkish Airlines,Minor,6,108,Airbus A380,Lightning strike,"Beijing, China",Fog,12045,277,8,Daylight,Front,Full Plane
22/07/2017,Emirates,Minor,6,175,Boeing 777,Landing gear malfunction,"Tokyo, Japan",Clear,38126,317,9,Night,Back,Full Plane
23/07/2011,Delta,Minor,4,170,Airbus A320,Structural failure,"London, UK",Windy,22386,456,34,Night,Front,Partial - Low Monetary Damage
05/04/2019,Emirates,Minor,8,177,Boeing 747,Severe turbulence,"Beijing, China",Fog,28199,566,6,Daylight,Back,Full Plane
11/01/2019,Emirates,Severe,66,99,Airbus A350,Fuel exhaustion,"Toronto, Canada",Thunderstorm,6517,600,29,Night,Front,Full Plane
04/09/2019,Delta,Minor,1,137,Boeing 737,Engine failure during takeoff,"Toronto, Canada",Windy,24692,414,5,Night,Front,Partial - High Monetary Damage
22/12/2010,British Airways,Minor,0,189,Airbus A350,Sabotage,"Beijing, China",Snow,9582,419,34,Night,Front,Full Plane
01/12/2025,American Airlines,Severe,135,24,Bombardier CRJ900,Engine failure during takeoff,"Beijing, China",Rain,12072,524,40,Daylight,Front,Full Plane
01/03/2022,British Airways,Severe,67,217,Embraer 190,Landing gear malfunction,"Toronto, Canada",Thunderstorm,22315,221,37,Night,Front,Partial - High Monetary Damage
29/07/2012,Delta,Minor,2,290,Embraer 190,Landing gear malfunction,"Paris, France",Clear,24679,137,15,Night,Front,Full Plane
12/01/2014,Singapore Airlines,Minor,9,266,Airbus A320,Controlled flight into terrain,"Mumbai, India",Clear,18400,205,23,Night,Back,Full Plane
17/11/2014,Qatar Airways,Minor,10,172,Boeing 747,Landing gear malfunction,"Paris, France",Clear,32258,299,20,Night,Front,Full Plane
28/12/2022,American Airlines,Severe,236,257,Airbus A350,Landing gear malfunction,"Mumbai, India",Thunderstorm,4193,437,29,Daylight,Back,Partial - Low Monetary Damage
07/11/2012,United,Minor,2,65,Bombardier CRJ900,Pilot error,"Dubai, UAE",Thunderstorm,33693,590,21,Night,Front,Partial - Low Monetary Damage
10/12/2020,Lufthansa,Minor,7,134,Boeing 737,Severe turbulence,"Beijing, China",Thunderstorm,24147,126,9,Night,Back,Partial - Low Monetary Damage
28/10/2021,Emirates,Severe,87,275,Bombardier CRJ900,Severe turbulence,"Toronto, Canada",Fog,23193,313,8,Night,Back,Partial - Low Monetary Damage
30/05/2022,Qatar Airways,Severe,259,211,Airbus A320,Engine failure during takeoff,"São Paulo, Brazil",Windy,39302,431,5,Daylight,Back,Full Plane
04/08/2016,British Airways,Severe,119,120,Airbus A350,Controlled flight into terrain,"Beijing, China",Fog,20257,165,11,Daylight,Back,Partial - Low Monetary Damage
06/03/2016,Delta,Minor,3,31,Airbus A350,Landing gear malfunction,"London, UK",Clear,161,553,29,Night,Front,Partial - High Monetary Damage
24/11/2020,Singapore Airlines,Minor,0,293,Airbus A380,Fuel exhaustion,"Toronto, Canada",Thunderstorm,29458,574,21,Daylight,Back,Full Plane
28/03/2024,Qatar Airways,Minor,6,236,Boeing 747,Pilot error,"London, UK",Rain,37969,170,38,Night,Front,Partial - Low Monetary Damage
11/10/2023,Turkish Airlines,Severe,176,77,Boeing 777,Severe turbulence,"Mumbai, India",Clear,9347,531,28,Night,Back,Full Plane
03/10/2010,Turkish Airlines,Severe,170,266,Boeing 737,Sabotage,"Tokyo, Japan",Fog,14870,402,16,Night,Front,Partial - High Monetary Damage
03/02/2023,United,Minor,7,170,Airbus A320,Severe turbulence,"Beijing, China",Thunderstorm,30,111,32,Daylight,Front,Partial - High Monetary Damage
28/06/2022,British Airways,Minor,9,166,Boeing 777,Sabotage,"Tokyo, Japan",Clear,18720,552,14,Night,Front,Full Plane
24/07/2018,Delta,Minor,8,141,Boeing 747,Mid-air collision,"Toronto, Canada",Snow,22552,145,5,Night,Front,Full Plane
06/05/2014,Singapore Airlines,Minor,3,62,Boeing 737,Pilot error,"Paris, France",Windy,14234,150,6,Night,Back,Full Plane
04/05/2019,Turkish Airlines,Severe,219,228,Boeing 737,Engine failure during takeoff,"Beijing, China",Fog,8959,509,20,Daylight,Back,Partial - High Monetary Damage
11/11/2011,Delta,Severe,148,297,Airbus A380,Structural failure,"Beijing, China",Clear,15357,472,39,Night,Back,Full Plane
27/04/2017,Qatar Airways,Severe,166,104,Airbus A350,Runway excursion,"Tokyo, Japan",Fog,5429,544,14,Daylight,Front,Partial - Low Monetary Damage
25/02/2013,Delta,Minor,7,153,Boeing 737,Fuel exhaustion,"Paris, France",Windy,25235,199,16,Daylight,Back,Partial - Low Monetary Damage
16/08/2020,Delta,Minor,8,112,Bombardier CRJ900,Severe turbulence,"New York, USA",Rain,30718,384,7,Daylight,Front,Full Plane
08/10/2018,American Airlines,Minor,1,43,Embraer 190,Landing gear malfunction,"Mumbai, India",Snow,30505,295,2,Daylight,Back,Full Plane
19/09/2023,Lufthansa,Minor,0,159,Airbus A350,Lightning strike,"Paris, France",Windy,35027,104,35,Night,Front,Full Plane
30/03/2017,Turkish Airlines,Minor,7,289,Bombardier CRJ900,Lightning strike,"Toronto, Canada",Snow,4945,572,33,Night,Back,Full Plane
17/05/2022,Lufthansa,Minor,0,60,Airbus A350,Pilot error,"São Paulo, Brazil",Snow,18668,243,26,Daylight,Back,Full Plane
27/04/2016,Qatar Airways,Severe,180,134,Airbus A350,Lightning strike,"São Paulo, Brazil",Windy,21725,346,11,Daylight,Front,Partial - High Monetary Damage
16/10/2016,Singapore Airlines,Minor,2,81,Boeing 747,Structural failure,"New York, USA",Clear,24696,525,16,Daylight,Back,Partial - High Monetary Damage
17/10/2016,Lufthansa,Minor,4,36,Airbus A350,Engine failure during takeoff,"Paris, France",Snow,18980,401,4,Night,Back,Full Plane
26/06/2013,Air India,Severe,295,182,Boeing 737,Runway excursion,"Paris, France",Fog,28907,241,28,Night,Front,Partial - High Monetary Damage
02/05/2010,British Airways,Minor,0,129,Airbus A320,Lightning strike,"London, UK",Snow,18870,440,22,Daylight,Back,Full Plane
31/03/2013,Qatar Airways,Severe,178,158,Bombardier CRJ900,Engine failure during takeoff,"São Paulo, Brazil",Thunderstorm,16060,485,38,Daylight,Front,Full Plane
04/08/2013,United,Minor,9,16,Bombardier CRJ900,Fuel exhaustion,"Paris, France",Fog,29093,328,17,Night,Back,Full Plane
28/10/2015,Emirates,Minor,3,296,Embraer 190,Runway excursion,"Sydney, Australia",Fog,842,562,2,Night,Front,Full Plane
26/07/2025,Singapore Airlines,Severe,212,205,Boeing 737,Mid-air collision,"London, UK",Thunderstorm,7750,551,2,Night,Front,Full Plane
16/06/2022,American Airlines,Severe,141,236,Airbus A320,Landing gear malfunction,"London, UK",Clear,19379,140,16,Daylight,Front,Full Plane
07/05/2013,Lufthansa,Minor,1,199,Boeing 777,Landing gear malfunction,"Paris, France",Fog,23117,485,35,Daylight,Front,Partial - High Monetary Damage
19/08/2015,American Airlines,Minor,3,75,Embraer 190,Runway excursion,"Paris, France",Rain,12832,395,7,Daylight,Front,Partial - High Monetary Damage
14/01/2022,Air India,Severe,98,159,Airbus A350,Mid-air collision,"São Paulo, Brazil",Windy,6842,415,33,Daylight,Back,Full Plane
17/03/2022,Lufthansa,Minor,1,73,Bombardier CRJ900,Pilot error,"Tokyo, Japan",Fog,5261,107,2,Night,Back,Full Plane
24/10/2018,Emirates,Minor,5,281,Boeing 747,Runway excursion,"Dubai, UAE",Rain,29580,209,16,Night,Front,Partial - Low Monetary Damage
17/04/2014,Emirates,Severe,166,184,Boeing 777,Bird strike,"Sydney, Australia",Rain,32699,360,27,Night,Front,Partial - High Monetary Damage
01/08/2011,Delta,Severe,197,253,Boeing 777,Landing gear malfunction,"New York, USA",Rain,28043,108,20,Night,Back,Full Plane
25/06/2015,Delta,Minor,2,133,Airbus A380,Runway excursion,"São Paulo, Brazil",Thunderstorm,27572,206,36,Night,Back,Full Plane
08/05/2020,Turkish Airlines,Severe,64,16,Airbus A320,Sabotage,"Toronto, Canada",Rain,28050,268,24,Night,Back,Partial - High Monetary Damage
07/04/2015,American Airlines,Severe,193,158,Embraer 190,Lightning strike,"São Paulo, Brazil",Snow,22281,162,6,Night,Back,Partial - Low Monetary Damage
12/05/2020,United,Minor,2,11,Boeing 747,Lightning strike,"São Paulo, Brazil",Snow,3828,489,3,Night,Front,Partial - Low Monetary Damage
22/09/2011,Delta,Minor,10,189,Embraer 190,Lightning strike,"Dubai, UAE",Clear,22583,469,3,Daylight,Front,Full Plane
25/09/2016,Singapore Airlines,Minor,3,81,Airbus A380,Landing gear malfunction,"São Paulo, Brazil",Rain,11586,473,9,Daylight,Back,Partial - High Monetary Damage
26/03/2018,Delta,Minor,6,248,Boeing 737,Bird strike,"London, UK",Thunderstorm,30862,231,5,Night,Front,Partial - High Monetary Damage
07/12/2010,Delta,Minor,6,238,Boeing 737,Landing gear malfunction,"Mumbai, India",Thunderstorm,27399,538,33,Daylight,Front,Partial - Low Monetary Damage
29/01/2015,Qatar Airways,Severe,71,10,Boeing 747,Lightning strike,"Dubai, UAE",Clear,4384,366,10,Daylight,Back,Full Plane
27/08/2011,Lufthansa,Minor,6,102,Boeing 737,Structural failure,"Toronto, Canada",Thunderstorm,8193,400,20,Night,Back,Partial - High Monetary Damage
19/06/2012,American Airlines,Minor,10,188,Boeing 777,Engine failure during takeoff,"São Paulo, Brazil",Windy,1736,508,5,Daylight,Back,Partial - High Monetary Damage
15/12/2021,Qatar Airways,Minor,2,128,Airbus A380,Runway excursion,"Toronto, Canada",Snow,37715,491,17,Night,Back,Full Plane
16/09/2010,Qatar Airways,Severe,54,236,Embraer 190,Mid-air collision,"Paris, France",Thunderstorm,10493,265,2,Daylight,Back,Partial - High Monetary Damage
07/08/2025,American Airlines,Severe,71,220,Airbus A380,Runway excursion,"New York, USA",Fog,36292,473,35,Night,Front,Partial - High Monetary Damage
03/06/2013,Emirates,Severe,164,194,Embraer 190,Landing gear malfunction,"Beijing, China",Fog,5671,225,6,Daylight,Back,Partial - Low Monetary Damage
13/07/2018,Delta,Minor,2,118,Boeing 777,Runway excursion,"São Paulo, Brazil",Rain,21047,386,29,Night,Front,Full Plane
25/03/2025,United,Severe,200,25,Embraer 190,Runway excursion,"Sydney, Australia",Clear,31246,186,3,Daylight,Back,Full Plane
16/07/2018,Emirates,Minor,5,231,Boeing 747,Runway excursion,"Dubai, UAE",Clear,35877,586,9,Daylight,Back,Full Plane
28/02/2024,Qatar Airways,Severe,237,226,Airbus A380,Controlled flight into terrain,"Mumbai, India",Windy,3600,467,34,Night,Front,Full Plane
04/03/2023,Air India,Minor,1,292,Boeing 737,Lightning strike,"London, UK",Thunderstorm,26658,391,17,Daylight,Back,Full Plane
24/09/2012,Air India,Severe,223,250,Airbus A320,Severe turbulence,"Mumbai, India",Thunderstorm,4861,248,28,Night,Back,Partial - High Monetary Damage
30/11/2015,British Airways,Severe,85,164,Boeing 777,Structural failure,"Dubai, UAE",Rain,3923,257,5,Night,Front,Partial - High Monetary Damage
22/09/2012,Delta,Minor,6,39,Boeing 737,Runway excursion,"London, UK",Clear,10215,137,28,Daylight,Front,Partial - High Monetary Damage
22/07/2023,Delta,Severe,214,0,Boeing 747,Controlled flight into terrain,"Toronto, Canada",Snow,8653,401,36,Daylight,Front,Partial - High Monetary Damage
30/07/2015,Emirates,Severe,265,298,Bombardier CRJ900,Controlled flight into terrain,"Beijing, China",Clear,16115,464,31,Daylight,Back,Full Plane
06/01/2025,Emirates,Minor,6,14,Airbus A320,Controlled flight into terrain,"Sydney, Australia",Thunderstorm,4538,485,35,Daylight,Back,Partial - High Monetary Damage
14/11/2022,United,Severe,64,202,Airbus A380,Structural failure,"Mumbai, India",Windy,7463,162,29,Daylight,Back,Partial - Low Monetary Damage
03/03/2019,United,Severe,275,181,Bombardier CRJ900,Lightning strike,"Paris, France",Clear,25610,232,13,Night,Front,Partial - High Monetary Damage
22/02/2010,Air India,Severe,224,50,Boeing 777,Severe turbulence,"Mumbai, India",Windy,31356,335,12,Night,Back,Full Plane
06/08/2018,Air India,Severe,193,144,Bombardier CRJ900,Fuel exhaustion,"Paris, France",Snow,35854,514,5,Night,Front,Partial - Low Monetary Damage
30/11/2011,American Airlines,Minor,6,11,Airbus A320,Engine failure during takeoff,"Toronto, Canada",Rain,28953,388,19,Daylight,Back,Full Plane
20/07/2010,Turkish Airlines,Minor,9,249,Airbus A320,Fuel exhaustion,"São Paulo, Brazil",Clear,1575,474,37,Daylight,Back,Partial - Low Monetary Damage
01/12/2015,Qatar Airways,Severe,158,86,Bombardier CRJ900,Lightning strike,"New York, USA",Thunderstorm,25321,124,39,Night,Front,Partial - High Monetary Damage
09/03/2020,Delta,Minor,1,116,Airbus A350,Landing gear malfunction,"London, UK",Windy,31314,590,37,Night,Back,Full Plane
28/01/2012,Air India,Minor,1,143,Airbus A350,Bird strike,"São Paulo, Brazil",Fog,28021,285,31,Daylight,Front,Partial - Low Monetary Damage
31/03/2021,Air India,Minor,0,208,Bombardier CRJ900,Fuel exhaustion,"Tokyo, Japan",Windy,13401,219,1,Daylight,Front,Partial - High Monetary Damage
26/09/2022,United,Severe,191,52,Boeing 747,Structural failure,"London, UK",Fog,21974,257,14,Daylight,Back,Partial - High Monetary Damage
13/10/2012,Delta,Minor,4,185,Airbus A350,Severe turbulence,"Mumbai, India",Snow,16126,325,9,Night,Front,Partial - Low Monetary Damage
15/04/2012,British Airways,Minor,0,21,Airbus A350,Lightning strike,"Sydney, Australia",Snow,8879,165,2,Daylight,Back,Full Plane
05/01/2023,British Airways,Minor,10,139,Boeing 777,Structural failure,"Toronto, Canada",Rain,9906,387,18,Night,Front,Full Plane
23/10/2023,American Airlines,Minor,3,60,Boeing 747,Landing gear malfunction,"Paris, France",Clear,13003,222,13,Daylight,Front,Full Plane
22/10/2012,Qatar Airways,Minor,9,32,Airbus A380,Engine failure during takeoff,"Beijing, China",Rain,31869,401,20,Night,Front,Full Plane
27/01/2017,British Airways,Minor,0,255,Airbus A380,Sabotage,"Beijing, China",Rain,8067,283,32,Night,Back,Full Plane
27/06/2018,American Airlines,Minor,9,25,Boeing 737,Lightning strike,"Sydney, Australia",Thunderstorm,35333,551,17,Daylight,Front,Partial - High Monetary Damage
02/10/2024,British Airways,Minor,2,262,Embraer 190,Mid-air collision,"Toronto, Canada",Fog,23313,147,14,Night,Back,Partial - High Monetary Damage
05/03/2025,United,Minor,10,78,Bombardier CRJ900,Bird strike,"London, UK",Rain,38389,590,14,Daylight,Front,Partial - Low Monetary Damage
11/06/2023,Delta,Minor,10,288,Boeing 747,Engine failure during takeoff,"Toronto, Canada",Clear,10178,476,20,Night,Front,Partial - Low Monetary Damage
17/03/2013,United,Minor,10,77,Airbus A350,Severe turbulence,"Toronto, Canada",Snow,4693,309,20,Daylight,Back,Partial - High Monetary Damage
24/10/2016,Emirates,Severe,292,71,Boeing 747,Bird strike,"Sydney, Australia",Clear,9047,342,9,Daylight,Back,Partial - High Monetary Damage
26/11/2020,United,Severe,172,26,Bombardier CRJ900,Landing gear malfunction,"Dubai, UAE",Snow,24808,210,7,Daylight,Back,Full Plane
07/03/2019,Delta,Minor,6,300,Embraer 190,Sabotage,"Tokyo, Japan",Rain,33870,427,3,Daylight,Back,Partial - High Monetary Damage
26/07/2022,British Airways,Minor,7,73,Boeing 737,Fuel exhaustion,"Sydney, Australia",Snow,18643,128,27,Night,Back,Partial - High Monetary Damage
21/05/2022,Turkish Airlines,Minor,3,162,Boeing 747,Structural failure,"Tokyo, Japan",Clear,33595,519,24,Daylight,Back,Partial - High Monetary Damage
03/01/2025,American Airlines,Minor,6,45,Boeing 747,Controlled flight into terrain,"London, UK",Rain,24093,388,5,Night,Front,Partial - Low Monetary Damage
28/09/2014,Turkish Airlines,Severe,55,107,Airbus A320,Runway excursion,"Beijing, China",Rain,27137,269,3,Night,Front,Partial - High Monetary Damage
29/06/2016,American Airlines,Minor,8,14,Boeing 777,Lightning strike,"Paris, France",Snow,14461,473,2,Night,Front,Partial - High Monetary Damage
04/06/2011,United,Minor,6,2,Airbus A380,Runway excursion,"Paris, France",Windy,32635,213,19,Daylight,Back,Full Plane
06/01/2011,Turkish Airlines,Minor,3,91,Airbus A380,Bird strike,"Sydney, Australia",Clear,5491,164,26,Night,Front,Full Plane
11/12/2014,British Airways,Severe,277,299,Airbus A380,Landing gear malfunction,"Dubai, UAE",Windy,5447,436,1,Night,Back,Full Plane
15/11/2015,Air India,Minor,3,182,Bombardier CRJ900,Engine failure during takeoff,"Tokyo, Japan",Windy,18747,473,5,Night,Back,Partial - Low Monetary Damage
06/10/2011,Turkish Airlines,Minor,3,22,Boeing 777,Pilot error,"Tokyo, Japan",Clear,9976,301,1,Night,Front,Partial - Low Monetary Damage
20/04/2016,Emirates,Severe,258,32,Airbus A320,Severe turbulence,"Tokyo, Japan",Rain,39732,352,19,Night,Front,Partial - Low Monetary Damage
03/02/2012,United,Severe,199,47,Airbus A350,Runway excursion,"Beijing, China",Thunderstorm,20418,104,8,Night,Back,Full Plane
11/06/2014,American Airlines,Minor,9,155,Embraer 190,Engine failure during takeoff,"Sydney, Australia",Rain,12619,513,13,Daylight,Back,Full Plane
26/07/2011,American Airlines,Minor,10,225,Embraer 190,Lightning strike,"Sydney, Australia",Rain,1413,384,8,Night,Back,Full Plane
26/07/2021,Delta,Minor,5,131,Embraer 190,Fuel exhaustion,"Beijing, China",Windy,2624,230,16,Daylight,Back,Partial - High Monetary Damage
29/04/2012,British Airways,Severe,61,228,Airbus A350,Bird strike,"Mumbai, India",Snow,1895,542,22,Daylight,Back,Full Plane
27/06/2012,American Airlines,Minor,6,90,Boeing 747,Severe turbulence,"New York, USA",Thunderstorm,16045,361,24,Night,Front,Full Plane
12/08/2022,Emirates,Minor,6,292,Airbus A320,Structural failure,"Tokyo, Japan",Windy,29724,488,22,Daylight,Back,Full Plane
17/03/2024,Delta,Minor,6,28,Airbus A380,Fuel exhaustion,"Tokyo, Japan",Rain,22062,364,30,Daylight,Back,Full Plane
28/04/2012,Qatar Airways,Severe,214,177,Boeing 777,Fuel exhaustion,"Tokyo, Japan",Fog,16099,306,37,Daylight,Front,Full Plane
31/12/2016,Air India,Minor,7,189,Bombardier CRJ900,Runway excursion,"Tokyo, Japan",Snow,37342,517,20,Daylight,Front,Partial - High Monetary Damage
21/03/2010,Emirates,Severe,159,164,Airbus A320,Fuel exhaustion,"New York, USA",Windy,35250,420,9,Night,Back,Partial - High Monetary Damage
01/09/2017,Singapore Airlines,Severe,52,64,Airbus A350,Severe turbulence,"New York, USA",Clear,37001,370,4,Daylight,Front,Partial - High Monetary Damage
05/12/2011,Turkish Airlines,Minor,5,123,Boeing 737,Structural failure,"London, UK",Thunderstorm,9732,483,31,Daylight,Front,Partial - High Monetary Damage
23/08/2025,Turkish Airlines,Minor,5,246,Embraer 190,Structural failure,"New York, USA",Clear,15944,494,10,Daylight,Front,Full Plane
15/10/2025,Lufthansa,Minor,0,258,Embraer 190,Structural failure,"São Paulo, Brazil",Windy,4793,311,9,Daylight,Back,Partial - Low Monetary Damage
12/03/2015,Air India,Severe,184,96,Embraer 190,Pilot error,"Tokyo, Japan",Thunderstorm,13577,527,15,Night,Back,Partial - Low Monetary Damage
06/07/2013,Singapore Airlines,Minor,10,14,Boeing 777,Sabotage,"São Paulo, Brazil",Thunderstorm,9384,509,39,Daylight,Front,Partial - Low Monetary Damage
23/01/2017,Singapore Airlines,Severe,56,129,Embraer 190,Severe turbulence,"Mumbai, India",Clear,17016,269,23,Night,Back,Full Plane
08/04/2024,Turkish Airlines,Minor,10,253,Bombardier CRJ900,Controlled flight into terrain,"Toronto, Canada",Clear,28662,294,28,Night,Front,Full Plane
06/08/2012,Delta,Severe,59,176,Boeing 737,Sabotage,"Paris, France",Rain,22582,452,30,Night,Back,Full Plane
24/12/2019,British Airways,Minor,5,245,Airbus A350,Bird strike,"Tokyo, Japan",Clear,39284,438,9,Daylight,Front,Partial - High Monetary Damage
04/03/2023,Lufthansa,Severe,262,149,Airbus A350,Structural failure,"New York, USA",Snow,32912,176,6,Night,Front,Full Plane
29/12/2024,American Airlines,Minor,0,160,Airbus A320,Pilot error,"São Paulo, Brazil",Fog,24910,403,32,Daylight,Front,Partial - Low Monetary Damage
19/01/2010,Air India,Severe,223,192,Boeing 747,Landing gear malfunction,"Paris, France",Clear,24902,556,25,Daylight,Front,Partial - Low Monetary Damage
12/12/2016,British Airways,Minor,9,278,Airbus A380,Lightning strike,"Mumbai, India",Windy,13676,185,5,Night,Front,Full Plane
29/12/2016,United,Minor,0,144,Bombardier CRJ900,Bird strike,"Dubai, UAE",Rain,8310,288,34,Night,Front,Partial - High Monetary Damage
07/02/2020,Singapore Airlines,Severe,190,145,Bombardier CRJ900,Severe turbulence,"London, UK",Rain,31375,496,39,Daylight,Back,Partial - Low Monetary Damage
12/11/2010,Turkish Airlines,Severe,105,69,Embraer 190,Severe turbulence,"London, UK",Rain,35086,439,36,Daylight,Front,Partial - Low Monetary Damage
08/04/2021,Emirates,Severe,61,195,Airbus A380,Runway excursion,"São Paulo, Brazil",Clear,16898,580,38,Daylight,Front,Partial - High Monetary Damage
06/02/2018,Emirates,Minor,6,118,Embraer 190,Controlled flight into terrain,"Tokyo, Japan",Snow,6768,439,36,Daylight,Front,Full Plane
16/04/2019,United,Severe,210,100,Embraer 190,Controlled flight into terrain,"Sydney, Australia",Rain,32170,373,32,Daylight,Front,Partial - High Monetary Damage
12/01/2010,Singapore Airlines,Minor,9,107,Airbus A380,Runway excursion,"São Paulo, Brazil",Clear,36290,439,36,Daylight,Back,Partial - Low Monetary Damage
04/11/2022,American Airlines,Minor,2,125,Boeing 747,Bird strike,"Beijing, China",Fog,13218,195,30,Night,Front,Partial - High Monetary Damage
01/03/2016,American Airlines,Minor,5,285,Airbus A380,Pilot error,"Beijing, China",Snow,32566,546,32,Night,Front,Partial - Low Monetary Damage
27/01/2011,United,Severe,62,278,Boeing 777,Severe turbulence,"Dubai, UAE",Windy,27048,553,28,Night,Front,Full Plane
01/09/2018,Delta,Severe,227,157,Airbus A350,Lightning strike,"Beijing, China",Snow,22445,181,31,Daylight,Back,Partial - High Monetary Damage
01/03/2020,American Airlines,Minor,9,212,Boeing 777,Sabotage,"Sydney, Australia",Fog,37363,369,29,Daylight,Back,Full Plane
30/03/2012,Air India,Severe,244,175,Airbus A350,Lightning strike,"Beijing, China",Fog,4690,563,24,Night,Back,Full Plane
21/08/2016,Lufthansa,Severe,179,33,Embraer 190,Landing gear malfunction,"São Paulo, Brazil",Clear,22336,184,5,Daylight,Back,Partial - High Monetary Damage
25/10/2024,Air India,Minor,0,292,Airbus A320,Bird strike,"São Paulo, Brazil",Snow,13782,467,14,Daylight,Back,Full Plane
16/04/2021,Qatar Airways,Minor,5,21,Airbus A320,Landing gear malfunction,"Beijing, China",Clear,34327,374,33,Daylight,Back,Partial - Low Monetary Damage
16/04/2020,Emirates,Minor,5,106,Airbus A320,Pilot error,"Tokyo, Japan",Windy,9139,561,31,Daylight,Front,Partial - High Monetary Damage
23/10/2021,Singapore Airlines,Minor,6,148,Airbus A320,Bird strike,"Tokyo, Japan",Fog,2702,100,30,Daylight,Front,Partial - High Monetary Damage
09/10/2014,Lufthansa,Minor,4,287,Boeing 737,Bird strike,"Toronto, Canada",Snow,6176,489,5,Daylight,Front,Partial - Low Monetary Damage
21/07/2011,Singapore Airlines,Minor,4,102,Boeing 777,Bird strike,"Tokyo, Japan",Thunderstorm,6446,491,9,Night,Front,Full Plane
28/06/2010,British Airways,Minor,1,27,Embraer 190,Lightning strike,"Mumbai, India",Thunderstorm,18008,156,14,Night,Back,Full Plane
10/06/2014,British Airways,Minor,9,286,Bombardier CRJ900,Structural failure,"Toronto, Canada",Fog,1987,369,39,Daylight,Back,Partial - High Monetary Damage
06/05/2012,Lufthansa,Minor,9,70,Airbus A320,Fuel exhaustion,"Dubai, UAE",Windy,25417,211,35,Daylight,Front,Full Plane
22/11/2015,Delta,Minor,4,150,Boeing 777,Runway excursion,"São Paulo, Brazil",Windy,23140,178,6,Night,Back,Partial - High Monetary Damage
07/12/2017,American Airlines,Minor,1,45,Boeing 737,Lightning strike,"Mumbai, India",Clear,10726,225,35,Night,Front,Full Plane
28/09/2018,American Airlines,Minor,2,106,Boeing 737,Severe turbulence,"Toronto, Canada",Fog,28047,291,37,Night,Back,Full Plane
05/02/2016,Turkish Airlines,Severe,116,21,Bombardier CRJ900,Structural failure,"Mumbai, India",Snow,25750,207,15,Night,Front,Partial - Low Monetary Damage
22/01/2017,American Airlines,Severe,104,60,Boeing 777,Engine failure during takeoff,"Tokyo, Japan",Rain,19191,121,40,Daylight,Back,Partial - High Monetary Damage
17/08/2020,Delta,Minor,6,216,Boeing 737,Sabotage,"Mumbai, India",Snow,12057,323,30,Night,Front,Partial - High Monetary Damage
22/10/2012,American Airlines,Minor,1,25,Boeing 777,Pilot error,"São Paulo, Brazil",Snow,28251,559,11,Night,Front,Full Plane
03/06/2013,American Airlines,Minor,6,207,Boeing 747,Sabotage,"Dubai, UAE",Thunderstorm,29171,361,3,Night,Back,Full Plane
07/04/2020,Air India,Minor,0,130,Airbus A350,Sabotage,"São Paulo, Brazil",Windy,14439,363,18,Daylight,Back,Partial - High Monetary Damage
11/05/2017,Delta,Minor,5,134,Airbus A350,Fuel exhaustion,"London, UK",Rain,24169,275,33,Daylight,Front,Full Plane
01/11/2024,American Airlines,Minor,0,297,Airbus A320,Pilot error,"Tokyo, Japan",Windy,4168,318,31,Daylight,Back,Full Plane
05/08/2020,Emirates,Minor,2,21,Boeing 737,Bird strike,"New York, USA",Windy,9469,374,15,Daylight,Front,Full Plane
14/06/2023,Delta,Minor,9,103,Boeing 777,Severe turbulence,"Dubai, UAE",Windy,31971,472,3,Night,Back,Partial - Low Monetary Damage
11/01/2016,British Airways,Severe,212,187,Boeing 747,Runway excursion,"Dubai, UAE",Clear,11998,252,18,Night,Front,Full Plane
24/03/2011,British Airways,Minor,9,289,Airbus A350,Fuel exhaustion,"London, UK",Windy,18327,448,24,Night,Front,Partial - High Monetary Damage
16/03/2020,Emirates,Minor,9,124,Airbus A320,Controlled flight into terrain,"Toronto, Canada",Thunderstorm,20704,582,8,Night,Back,Full Plane
03/01/2016,Singapore Airlines,Minor,0,148,Boeing 737,Pilot error,"Tokyo, Japan",Snow,22637,525,38,Daylight,Back,Partial - High Monetary Damage
12/08/2010,Singapore Airlines,Minor,7,60,Airbus A320,Fuel exhaustion,"Toronto, Canada",Snow,14457,316,17,Daylight,Back,Partial - High Monetary Damage
28/12/2014,Emirates,Minor,6,248,Boeing 737,Structural failure,"São Paulo, Brazil",Clear,16312,348,21,Daylight,Back,Full Plane
26/10/2014,Delta,Minor,1,247,Boeing 737,Engine failure during takeoff,"Tokyo, Japan",Fog,32047,564,22,Night,Back,Full Plane
02/02/2020,Turkish Airlines,Minor,9,99,Airbus A380,Fuel exhaustion,"London, UK",Thunderstorm,23948,309,33,Daylight,Back,Full Plane
16/12/2015,Turkish Airlines,Severe,80,104,Boeing 777,Landing gear malfunction,"Dubai, UAE",Rain,25706,427,27,Daylight,Front,Partial - High Monetary Damage
17/10/2015,Qatar Airways,Minor,10,145,Embraer 190,Runway excursion,"Beijing, China",Fog,20579,353,33,Night,Back,Full Plane
13/11/2023,Singapore Airlines,Minor,8,119,Bombardier CRJ900,Bird strike,"São Paulo, Brazil",Snow,25290,357,6,Daylight,Front,Full Plane
27/01/2024,Singapore Airlines,Severe,78,21,Airbus A320,Engine failure during takeoff,"São Paulo, Brazil",Windy,30753,109,30,Daylight,Front,Full Plane
09/01/2023,Lufthansa,Severe,239,232,Boeing 747,Lightning strike,"Paris, France",Rain,26917,412,15,Night,Front,Partial - High Monetary Damage
05/10/2023,American Airlines,Minor,4,56,Boeing 747,Bird strike,"Tokyo, Japan",Clear,17051,585,18,Night,Front,Full Plane
12/10/2021,Air India,Minor,9,280,Airbus A320,Bird strike,"Toronto, Canada",Thunderstorm,34664,304,8,Daylight,Back,Full Plane
02/02/2020,Air India,Minor,8,77,Boeing 747,Fuel exhaustion,"London, UK",Rain,28920,242,35,Night,Back,Partial - Low Monetary Damage
31/01/2010,Emirates,Minor,3,51,Boeing 777,Structural failure,"Toronto, Canada",Windy,33509,265,36,Daylight,Front,Partial - High Monetary Damage
22/07/2023,Lufthansa,Severe,155,272,Airbus A320,Engine failure during takeoff,"New York, USA",Thunderstorm,19235,510,2,Daylight,Front,Full Plane
25/02/2015,American Airlines,Minor,7,81,Bombardier CRJ900,Sabotage,"Mumbai, India",Windy,38579,382,32,Daylight,Front,Partial - High Monetary Damage
16/07/2015,Air India,Minor,8,47,Boeing 747,Lightning strike,"Tokyo, Japan",Snow,27909,212,38,Daylight,Back,Partial - High Monetary Damage
25/08/2023,Singapore Airlines,Severe,117,196,Boeing 777,Engine failure during takeoff,"São Paulo, Brazil",Fog,10468,345,26,Night,Back,Partial - High Monetary Damage
22/05/2012,Turkish Airlines,Minor,9,8,Airbus A320,Sabotage,"Beijing, China",Fog,10792,598,20,Night,Back,Partial - High Monetary Damage
18/11/2025,Turkish Airlines,Severe,53,222,Bombardier CRJ900,Engine failure during takeoff,"Beijing, China",Windy,18263,237,3,Daylight,Front,Partial - High Monetary Damage
17/02/2015,American Airlines,Minor,3,96,Airbus A380,Severe turbulence,"Mumbai, India",Fog,37863,475,16,Night,Front,Full Plane
26/10/2018,Air India,Severe,84,291,Boeing 747,Controlled flight into terrain,"London, UK",Rain,18872,243,7,Night,Back,Partial - Low Monetary Damage
17/10/2023,American Airlines,Minor,1,84,Boeing 737,Landing gear malfunction,"Beijing, China",Windy,24091,394,23,Night,Front,Partial - High Monetary Damage
24/06/2016,Delta,Minor,7,112,Embraer 190,Mid-air collision,"Paris, France",Thunderstorm,7884,266,32,Night,Back,Partial - High Monetary Damage
30/12/2011,Delta,Minor,7,34,Airbus A350,Sabotage,"Sydney, Australia",Fog,1420,525,21,Daylight,Front,Partial - Low Monetary Damage
03/03/2014,Lufthansa,Minor,4,270,Boeing 777,Fuel exhaustion,"Toronto, Canada",Fog,20108,394,33,Night,Front,Full Plane
18/02/2024,Emirates,Severe,194,192,Bombardier CRJ900,Landing gear malfunction,"Dubai, UAE",Clear,26659,343,22,Daylight,Back,Partial - Low Monetary Damage
27/01/2019,Air India,Minor,1,236,Bombardier CRJ900,Pilot error,"São Paulo, Brazil",Fog,9049,271,40,Daylight,Back,Partial - High Monetary Damage
27/09/2016,Air India,Severe,299,266,Airbus A350,Engine failure during takeoff,"Sydney, Australia",Snow,20637,175,13,Daylight,Back,Partial - Low Monetary Damage
04/08/2011,Qatar Airways,Severe,80,58,Boeing 747,Structural failure,"São Paulo, Brazil",Thunderstorm,380,140,37,Night,Back,Full Plane
05/02/2010,Singapore Airlines,Severe,246,43,Boeing 747,Bird strike,"London, UK",Rain,27084,218,7,Night,Front,Partial - High Monetary Damage
23/08/2018,Singapore Airlines,Severe,172,13,Embraer 190,Mid-air collision,"London, UK",Rain,37918,282,35,Night,Front,Partial - High Monetary Damage
19/05/2010,Air India,Minor,6,278,Embraer 190,Bird strike,"Dubai, UAE",Clear,8494,425,21,Daylight,Back,Partial - Low Monetary Damage
11/01/2015,Delta,Minor,7,31,Airbus A380,Pilot error,"Paris, France",Snow,37190,202,16,Night,Back,Partial - High Monetary Damage
06/10/2013,Emirates,Minor,5,78,Boeing 747,Structural failure,"New York, USA",Snow,27446,141,26,Daylight,Back,Full Plane
27/07/2019,United,Minor,5,120,Airbus A350,Bird strike,"Paris, France",Clear,21429,580,9,Daylight,Back,Partial - Low Monetary Damage
11/02/2020,American Airlines,Minor,0,277,Airbus A380,Runway excursion,"São Paulo, Brazil",Thunderstorm,25105,344,3,Night,Back,Partial - High Monetary Damage
12/11/2017,United,Minor,10,285,Airbus A380,Bird strike,"São Paulo, Brazil",Thunderstorm,34985,265,24,Night,Front,Partial - Low Monetary Damage
30/03/2015,British Airways,Minor,0,123,Bombardier CRJ900,Runway excursion,"Mumbai, India",Clear,21876,559,18,Daylight,Front,Full Plane
20/06/2011,Delta,Minor,4,204,Boeing 777,Lightning strike,"Sydney, Australia",Snow,7199,276,20,Night,Front,Full Plane
06/10/2025,Qatar Airways,Minor,3,295,Boeing 777,Fuel exhaustion,"São Paulo, Brazil",Windy,9371,450,39,Night,Back,Partial - High Monetary Damage
27/06/2024,Turkish Airlines,Minor,7,245,Boeing 737,Sabotage,"London, UK",Snow,3554,503,13,Daylight,Back,Partial - Low Monetary Damage
26/06/2022,Lufthansa,Minor,5,3,Airbus A320,Pilot error,"London, UK",Snow,27636,463,16,Night,Back,Partial - High Monetary Damage
08/01/2011,Lufthansa,Minor,10,71,Boeing 737,Engine failure during takeoff,"Tokyo, Japan",Thunderstorm,8282,268,38,Daylight,Front,Full Plane
19/10/2017,Delta,Minor,3,182,Airbus A320,Engine failure during takeoff,"Paris, France",Clear,29314,407,12,Daylight,Back,Partial - High Monetary Damage
19/12/2020,British Airways,Minor,1,230,Boeing 777,Severe turbulence,"Tokyo, Japan",Snow,27386,421,29,Daylight,Front,Full Plane
23/11/2018,Lufthansa,Minor,5,162,Airbus A320,Structural failure,"Toronto, Canada",Fog,32256,181,6,Daylight,Back,Full Plane
01/06/2015,American Airlines,Minor,7,122,Bombardier CRJ900,Runway excursion,"São Paulo, Brazil",Clear,11752,572,37,Daylight,Back,Partial - Low Monetary Damage
19/12/2011,Lufthansa,Severe,140,183,Boeing 777,Controlled flight into terrain,"London, UK",Windy,39143,357,21,Night,Front,Partial - High Monetary Damage
17/05/2025,Air India,Minor,10,216,Boeing 777,Runway excursion,"Beijing, China",Windy,15166,458,17,Daylight,Front,Partial - Low Monetary Damage
24/10/2010,Delta,Severe,290,158,Airbus A320,Bird strike,"Mumbai, India",Clear,20943,418,2,Night,Front,Full Plane
28/10/2011,British Airways,Minor,10,138,Boeing 747,Bird strike,"Tokyo, Japan",Snow,1427,350,27,Night,Back,Partial - High Monetary Damage
08/08/2010,Emirates,Severe,270,32,Airbus A350,Sabotage,"New York, USA",Windy,28891,240,15,Night,Front,Partial - High Monetary Damage
22/12/2021,Turkish Airlines,Severe,83,35,Airbus A350,Pilot error,"New York, USA",Snow,38293,375,34,Night,Front,Partial - Low Monetary Damage
08/07/2023,Delta,Minor,2,96,Airbus A380,Sabotage,"Tokyo, Japan",Clear,14123,462,21,Night,Back,Partial - Low Monetary Damage
09/02/2019,American Airlines,Minor,9,178,Bombardier CRJ900,Structural failure,"Tokyo, Japan",Snow,16869,334,27,Night,Back,Full Plane
11/06/2024,American Airlines,Minor,5,149,Embraer 190,Mid-air collision,"Dubai, UAE",Windy,17648,594,30,Daylight,Front,Partial - Low Monetary Damage
15/06/2017,Turkish Airlines,Minor,0,231,Embraer 190,Severe turbulence,"London, UK",Windy,9075,241,1,Daylight,Front,Partial - Low Monetary Damage
16/08/2016,Singapore Airlines,Minor,8,94,Airbus A320,Bird strike,"Toronto, Canada",Windy,4780,144,9,Night,Front,Partial - High Monetary Damage
17/02/2019,United,Minor,3,267,Boeing 747,Landing gear malfunction,"Toronto, Canada",Rain,8584,595,4,Daylight,Back,Full Plane
15/02/2012,American Airlines,Minor,8,200,Airbus A380,Severe turbulence,"Tokyo, Japan",Fog,37717,451,30,Night,Front,Partial - High Monetary Damage
19/09/2013,Emirates,Severe,150,127,Bombardier CRJ900,Landing gear malfunction,"New York, USA",Clear,7225,132,5,Night,Back,Full Plane
23/03/2017,Singapore Airlines,Minor,0,289,Boeing 737,Runway excursion,"Mumbai, India",Clear,19736,461,23,Night,Back,Partial - High Monetary Damage
25/01/2015,Emirates,Minor,3,200,Airbus A350,Fuel exhaustion,"Mumbai, India",Fog,28644,425,13,Night,Back,Partial - Low Monetary Damage
20/11/2018,Singapore Airlines,Severe,292,83,Boeing 777,Engine failure during takeoff,"Dubai, UAE",Windy,24330,249,30,Night,Back,Partial - High Monetary Damage
03/11/2010,British Airways,Minor,9,156,Embraer 190,Structural failure,"São Paulo, Brazil",Fog,286,597,36,Daylight,Back,Full Plane
18/09/2018,Turkish Airlines,Minor,0,8,Airbus A380,Severe turbulence,"Sydney, Australia",Thunderstorm,12192,369,18,Daylight,Front,Full Plane
22/06/2016,American Airlines,Severe,104,80,Airbus A350,Engine failure during takeoff,"Sydney, Australia",Thunderstorm,9656,297,12,Daylight,Front,Full Plane
24/06/2010,Singapore Airlines,Severe,158,118,Airbus A320,Fuel exhaustion,"Tokyo, Japan",Clear,12837,450,4,Night,Front,Full Plane
19/05/2011,United,Severe,176,257,Boeing 737,Runway excursion,"Paris, France",Clear,19182,554,23,Daylight,Front,Partial - Low Monetary Damage
20/04/2016,Turkish Airlines,Minor,4,134,Boeing 737,Controlled flight into terrain,"Paris, France",Rain,32337,575,23,Night,Back,Full Plane
21/11/2019,United,Minor,8,73,Boeing 747,Sabotage,"Mumbai, India",Snow,30242,180,23,Night,Front,Partial - High Monetary Damage
08/07/2016,United,Minor,6,29,Embraer 190,Engine failure during takeoff,"London, UK",Rain,36051,319,22,Daylight,Back,Partial - Low Monetary Damage
08/09/2021,Delta,Minor,7,115,Boeing 777,Severe turbulence,"Mumbai, India",Snow,409,327,15,Daylight,Back,Full Plane
21/12/2018,British Airways,Minor,5,36,Bombardier CRJ900,Severe turbulence,"São Paulo, Brazil",Rain,18800,265,21,Night,Back,Full Plane
28/05/2020,Turkish Airlines,Minor,6,243,Bombardier CRJ900,Lightning strike,"São Paulo, Brazil",Snow,22602,489,18,Night,Back,Full Plane
12/06/2023,Turkish Airlines,Minor,7,176,Embraer 190,Fuel exhaustion,"New York, USA",Clear,32292,161,19,Night,Back,Full Plane
26/09/2016,Air India,Minor,5,38,Airbus A350,Engine failure during takeoff,"Toronto, Canada",Rain,37174,529,3,Daylight,Back,Partial - Low Monetary Damage
05/08/2022,Singapore Airlines,Severe,268,133,Bombardier CRJ900,Lightning strike,"New York, USA",Fog,30385,483,29,Night,Front,Partial - Low Monetary Damage
29/06/2018,British Airways,Minor,3,164,Boeing 777,Bird strike,"Mumbai, India",Thunderstorm,8974,433,34,Night,Front,Partial - High Monetary Damage
03/04/2024,British Airways,Severe,247,5,Airbus A350,Structural failure,"Paris, France",Fog,24482,160,38,Night,Back,Partial - High Monetary Damage
08/04/2024,Turkish Airlines,Minor,5,22,Embraer 190,Severe turbulence,"Dubai, UAE",Fog,7616,504,27,Night,Front,Partial - Low Monetary Damage
05/02/2023,Lufthansa,Minor,1,12,Airbus A350,Controlled flight into terrain,"Sydney, Australia",Windy,34062,415,30,Night,Back,Full Plane
21/08/2021,Qatar Airways,Minor,5,97,Boeing 777,Severe turbulence,"New York, USA",Clear,19091,416,30,Night,Back,Partial - High Monetary Damage
03/04/2023,British Airways,Minor,3,186,Boeing 737,Fuel exhaustion,"London, UK",Clear,3403,352,33,Daylight,Front,Full Plane
04/02/2016,Air India,Minor,4,245,Boeing 777,Bird strike,"London, UK",Snow,30078,317,34,Daylight,Back,Partial - Low Monetary Damage
30/05/2021,Qatar Airways,Severe,219,70,Boeing 747,Landing gear malfunction,"Tokyo, Japan",Windy,1587,231,35,Night,Back,Partial - High Monetary Damage
30/08/2015,American Airlines,Minor,7,266,Embraer 190,Severe turbulence,"Paris, France",Thunderstorm,13343,271,38,Night,Front,Partial - High Monetary Damage
04/08/2021,United,Minor,4,192,Airbus A320,Sabotage,"Tokyo, Japan",Clear,15084,214,11,Night,Front,Partial - High Monetary Damage
23/07/2011,United,Minor,3,123,Bombardier CRJ900,Engine failure during takeoff,"London, UK",Rain,34714,237,9,Daylight,Back,Full Plane
25/06/2020,British Airways,Minor,9,174,Airbus A350,Sabotage,"New York, USA",Thunderstorm,8778,413,7,Daylight,Back,Partial - Low Monetary Damage
10/04/2010,Turkish Airlines,Severe,289,120,Boeing 777,Fuel exhaustion,"Paris, France",Windy,6134,308,3,Daylight,Front,Partial - Low Monetary Damage
27/07/2024,Singapore Airlines,Minor,2,295,Boeing 737,Mid-air collision,"São Paulo, Brazil",Windy,19176,282,3,Night,Back,Partial - High Monetary Damage
12/07/2015,Qatar Airways,Minor,7,45,Boeing 777,Structural failure,"Dubai, UAE",Fog,29673,503,30,Night,Front,Partial - Low Monetary Damage
03/02/2019,Singapore Airlines,Minor,0,12,Airbus A380,Engine failure during takeoff,"Tokyo, Japan",Fog,36405,262,9,Night,Front,Partial - Low Monetary Damage
22/05/2012,Air India,Severe,182,196,Bombardier CRJ900,Lightning strike,"Toronto, Canada",Clear,9438,136,1,Night,Back,Full Plane
27/07/2010,Singapore Airlines,Minor,1,246,Boeing 747,Bird strike,"Beijing, China",Rain,15926,492,18,Daylight,Back,Full Plane
15/03/2011,Lufthansa,Minor,2,115,Airbus A380,Mid-air collision,"Dubai, UAE",Fog,12652,283,2,Daylight,Front,Partial - High Monetary Damage
24/03/2020,Lufthansa,Minor,0,112,Boeing 777,Engine failure during takeoff,"Mumbai, India",Snow,29144,498,40,Daylight,Back,Full Plane
05/07/2020,Lufthansa,Minor,7,109,Embraer 190,Engine failure during takeoff,"Mumbai, India",Thunderstorm,10227,428,20,Night,Front,Full Plane
02/02/2010,Turkish Airlines,Severe,189,266,Boeing 737,Structural failure,"London, UK",Windy,3676,323,32,Daylight,Front,Partial - High Monetary Damage
12/08/2011,Qatar Airways,Minor,0,94,Boeing 737,Severe turbulence,"Paris, France",Clear,37184,259,5,Night,Back,Full Plane
21/12/2019,Air India,Minor,0,227,Airbus A350,Landing gear malfunction,"Sydney, Australia",Thunderstorm,17676,554,8,Daylight,Front,Full Plane
27/11/2020,United,Severe,103,196,Airbus A350,Lightning strike,"New York, USA",Thunderstorm,20752,157,12,Daylight,Front,Partial - High Monetary Damage
23/12/2014,United,Minor,7,163,Airbus A350,Fuel exhaustion,"Tokyo, Japan",Rain,4196,413,19,Night,Front,Partial - High Monetary Damage
31/08/2024,Singapore Airlines,Minor,8,110,Airbus A350,Controlled flight into terrain,"New York, USA",Rain,25867,306,26,Daylight,Back,Full Plane
11/10/2020,Singapore Airlines,Minor,1,151,Boeing 737,Engine failure during takeoff,"São Paulo, Brazil",Windy,31997,325,7,Daylight,Back,Partial - High Monetary Damage
09/01/2017,Air India,Minor,0,276,Airbus A320,Engine failure during takeoff,"Mumbai, India",Rain,26227,371,29,Night,Back,Partial - High Monetary Damage
17/11/2022,Delta,Minor,1,26,Bombardier CRJ900,Structural failure,"São Paulo, Brazil",Rain,29181,406,24,Daylight,Back,Partial - High Monetary Damage
14/12/2016,Air India,Severe,50,91,Airbus A380,Pilot error,"London, UK",Thunderstorm,770,318,32,Night,Front,Partial - High Monetary Damage
11/05/2023,Singapore Airlines,Minor,3,153,Airbus A380,Sabotage,"São Paulo, Brazil",Windy,25914,221,35,Night,Back,Full Plane
05/06/2014,American Airlines,Minor,10,295,Boeing 777,Controlled flight into terrain,"London, UK",Windy,12919,578,1,Daylight,Front,Partial - High Monetary Damage
13/07/2014,Turkish Airlines,Severe,86,199,Airbus A350,Severe turbulence,"New York, USA",Clear,26672,469,18,Night,Front,Full Plane
30/10/2010,Turkish Airlines,Minor,0,200,Boeing 747,Runway excursion,"Beijing, China",Snow,14398,104,7,Daylight,Back,Partial - Low Monetary Damage
18/12/2019,British Airways,Minor,8,266,Embraer 190,Lightning strike,"Mumbai, India",Windy,9215,567,2,Night,Back,Full Plane
02/11/2021,Singapore Airlines,Minor,2,294,Airbus A380,Pilot error,"New York, USA",Windy,34093,514,20,Daylight,Front,Full Plane
25/04/2012,Qatar Airways,Minor,3,87,Embraer 190,Runway excursion,"Dubai, UAE",Fog,27940,125,36,Night,Back,Full Plane
25/06/2012,British Airways,Minor,4,120,Boeing 737,Sabotage,"Beijing, China",Windy,13137,389,28,Daylight,Back,Partial - High Monetary Damage
29/08/2011,Emirates,Severe,282,285,Bombardier CRJ900,Fuel exhaustion,"Paris, France",Fog,284,589,27,Night,Front,Full Plane
03/12/2019,Singapore Airlines,Minor,1,185,Boeing 747,Sabotage,"Toronto, Canada",Clear,7394,205,31,Daylight,Front,Partial - High Monetary Damage
23/05/2012,Delta,Minor,6,280,Bombardier CRJ900,Pilot error,"Paris, France",Thunderstorm,4414,279,6,Daylight,Back,Partial - High Monetary Damage
14/11/2022,Emirates,Minor,0,176,Boeing 737,Mid-air collision,"Sydney, Australia",Clear,9064,477,34,Daylight,Back,Partial - Low Monetary Damage
11/10/2025,British Airways,Severe,202,169,Boeing 747,Controlled flight into terrain,"London, UK",Rain,9931,358,27,Daylight,Front,Full Plane
29/06/2019,United,Minor,10,93,Airbus A350,Bird strike,"Mumbai, India",Thunderstorm,1773,518,17,Daylight,Back,Partial - Low Monetary Damage
03/03/2011,Emirates,Severe,207,13,Boeing 737,Lightning strike,"São Paulo, Brazil",Windy,3211,194,18,Daylight,Back,Full Plane
27/10/2010,Emirates,Minor,0,37,Embraer 190,Runway excursion,"Toronto, Canada",Clear,33947,131,10,Daylight,Front,Partial - Low Monetary Damage
27/03/2016,Lufthansa,Minor,9,0,Airbus A320,Structural failure,"Paris, France",Snow,19148,527,28,Daylight,Back,Full Plane
26/10/2023,Qatar Airways,Minor,7,57,Bombardier CRJ900,Landing gear malfunction,"Sydney, Australia",Snow,32989,156,9,Daylight,Front,Partial - Low Monetary Damage
13/07/2010,United,Minor,5,186,Embraer 190,Lightning strike,"Sydney, Australia",Rain,17591,302,19,Daylight,Front,Partial - High Monetary Damage
26/10/2013,Qatar Airways,Severe,175,158,Bombardier CRJ900,Runway excursion,"Dubai, UAE",Windy,8290,501,20,Night,Back,Partial - Low Monetary Damage
31/01/2012,Qatar Airways,Minor,8,155,Airbus A380,Lightning strike,"Toronto, Canada",Fog,25408,198,32,Night,Front,Full Plane
05/01/2016,United,Minor,8,157,Airbus A350,Mid-air collision,"London, UK",Snow,16588,528,4,Night,Back,Full Plane
05/06/2016,Emirates,Minor,5,281,Airbus A380,Landing gear malfunction,"Paris, France",Rain,35595,119,17,Night,Front,Partial - High Monetary Damage
03/08/2016,Qatar Airways,Minor,1,158,Bombardier CRJ900,Fuel exhaustion,"Mumbai, India",Thunderstorm,13339,143,37,Daylight,Front,Partial - High Monetary Damage
07/12/2011,Lufthansa,Minor,6,251,Boeing 747,Bird strike,"São Paulo, Brazil",Thunderstorm,13408,488,36,Night,Back,Partial - High Monetary Damage
31/12/2017,Singapore Airlines,Minor,6,72,Boeing 747,Lightning strike,"Tokyo, Japan",Thunderstorm,13927,477,27,Daylight,Back,Partial - High Monetary Damage
30/06/2017,Emirates,Severe,71,2,Boeing 737,Pilot error,"Sydney, Australia",Thunderstorm,27712,267,31,Daylight,Front,Full Plane
11/04/2023,Air India,Minor,9,228,Airbus A380,Pilot error,"Tokyo, Japan",Fog,29580,394,6,Daylight,Back,Full Plane
27/06/2019,American Airlines,Severe,54,138,Boeing 747,Structural failure,"Paris, France",Thunderstorm,37765,343,8,Night,Front,Partial - High Monetary Damage
16/01/2020,Delta,Severe,177,29,Embraer 190,Severe turbulence,"Paris, France",Fog,24970,433,2,Daylight,Back,Partial - High Monetary Damage
07/04/2016,Turkish Airlines,Minor,6,187,Boeing 747,Landing gear malfunction,"Mumbai, India",Fog,1503,427,8,Night,Front,Partial - High Monetary Damage
07/02/2015,Singapore Airlines,Minor,4,53,Boeing 737,Sabotage,"Paris, France",Rain,33391,179,33,Night,Front,Full Plane
19/03/2015,Lufthansa,Minor,4,281,Airbus A380,Severe turbulence,"Tokyo, Japan",Windy,10904,188,30,Daylight,Back,Partial - High Monetary Damage
27/03/2015,Singapore Airlines,Minor,4,238,Boeing 737,Lightning strike,"New York, USA",Snow,35406,572,30,Night,Front,Partial - High Monetary Damage
05/12/2024,British Airways,Severe,279,7,Airbus A380,Sabotage,"New York, USA",Thunderstorm,39665,243,1,Night,Front,Partial - High Monetary Damage
05/11/2024,Lufthansa,Minor,9,96,Bombardier CRJ900,Runway excursion,"Mumbai, India",Clear,26572,174,15,Night,Front,Partial - High Monetary Damage
22/08/2021,Singapore Airlines,Minor,0,68,Airbus A380,Bird strike,"São Paulo, Brazil",Rain,32687,164,16,Night,Front,Full Plane
18/10/2016,Qatar Airways,Minor,4,87,Embraer 190,Structural failure,"Mumbai, India",Fog,5622,368,11,Daylight,Front,Full Plane
19/11/2024,Emirates,Minor,3,52,Boeing 737,Mid-air collision,"Sydney, Australia",Clear,13555,243,21,Night,Back,Partial - High Monetary Damage
31/08/2022,British Airways,Minor,9,231,Embraer 190,Pilot error,"London, UK",Fog,24981,488,30,Daylight,Back,Full Plane
18/02/2019,British Airways,Minor,4,233,Boeing 737,Runway excursion,"Mumbai, India",Windy,571,377,4,Daylight,Front,Partial - High Monetary Damage
24/09/2025,British Airways,Severe,240,168,Airbus A320,Severe turbulence,"Beijing, China",Thunderstorm,21991,505,19,Night,Front,Full Plane
06/09/2017,Air India,Minor,10,27,Boeing 747,Mid-air collision,"Toronto, Canada",Clear,16593,481,19,Night,Front,Partial - Low Monetary Damage
23/05/2018,Singapore Airlines,Severe,230,68,Embraer 190,Sabotage,"Paris, France",Windy,39753,210,15,Night,Front,Partial - Low Monetary Damage
18/08/2013,Emirates,Minor,6,176,Boeing 737,Severe turbulence,"London, UK",Snow,18745,256,2,Night,Front,Partial - High Monetary Damage
18/02/2015,Emirates,Severe,233,128,Boeing 747,Engine failure during takeoff,"Mumbai, India",Rain,28499,495,30,Night,Front,Full Plane
24/09/2022,Qatar Airways,Minor,1,271,Boeing 737,Pilot error,"Sydney, Australia",Clear,39281,439,16,Daylight,Front,Partial - High Monetary Damage
11/06/2012,Lufthansa,Minor,6,123,Bombardier CRJ900,Fuel exhaustion,"Sydney, Australia",Fog,8721,407,9,Night,Back,Partial - High Monetary Damage
07/10/2020,Turkish Airlines,Minor,10,293,Airbus A380,Engine failure during takeoff,"Paris, France",Rain,1574,185,20,Night,Back,Full Plane
31/03/2025,American Airlines,Minor,2,38,Boeing 747,Bird strike,"Tokyo, Japan",Thunderstorm,36850,345,25,Night,Back,Partial - High Monetary Damage
06/08/2010,Lufthansa,Minor,2,13,Airbus A320,Fuel exhaustion,"Toronto, Canada",Snow,24279,295,28,Daylight,Back,Full Plane
26/09/2014,Air India,Minor,2,106,Airbus A380,Runway excursion,"Tokyo, Japan",Thunderstorm,27479,310,34,Night,Front,Partial - High Monetary Damage
03/04/2015,Turkish Airlines,Severe,169,90,Embraer 190,Controlled flight into terrain,"Dubai, UAE",Clear,18345,383,37,Night,Back,Partial - High Monetary Damage
29/01/2018,Singapore Airlines,Severe,226,3,Airbus A350,Lightning strike,"Mumbai, India",Fog,37241,124,40,Night,Front,Partial - High Monetary Damage
21/06/2015,Turkish Airlines,Minor,7,140,Boeing 777,Landing gear malfunction,"Mumbai, India",Thunderstorm,3407,390,31,Night,Front,Partial - Low Monetary Damage
11/01/2010,Lufthansa,Minor,2,54,Airbus A380,Mid-air collision,"London, UK",Snow,7453,421,17,Daylight,Back,Partial - Low Monetary Damage
30/03/2011,Lufthansa,Minor,6,26,Boeing 737,Controlled flight into terrain,"London, UK",Thunderstorm,12307,366,39,Daylight,Back,Full Plane
23/12/2016,Qatar Airways,Minor,1,117,Embraer 190,Bird strike,"Sydney, Australia",Clear,9540,492,4,Daylight,Front,Partial - High Monetary Damage
05/11/2023,American Airlines,Minor,0,249,Airbus A320,Severe turbulence,"Beijing, China",Rain,17141,230,14,Night,Back,Full Plane
01/08/2025,United,Minor,5,67,Airbus A350,Structural failure,"Paris, France",Clear,24221,323,4,Night,Front,Full Plane
19/02/2023,Delta,Minor,4,260,Airbus A380,Pilot error,"Sydney, Australia",Thunderstorm,6132,435,17,Daylight,Back,Partial - High Monetary Damage
02/02/2023,United,Minor,10,34,Bombardier CRJ900,Mid-air collision,"Tokyo, Japan",Fog,36957,455,15,Night,Front,Partial - High Monetary Damage
15/01/2014,United,Minor,0,28,Boeing 737,Sabotage,"New York, USA",Clear,14100,125,33,Night,Back,Partial - Low Monetary Damage
18/08/2018,Singapore Airlines,Severe,93,76,Airbus A320,Fuel exhaustion,"Dubai, UAE",Thunderstorm,24523,588,7,Night,Front,Full Plane
20/01/2024,Delta,Minor,6,232,Boeing 777,Structural failure,"São Paulo, Brazil",Thunderstorm,3271,142,30,Night,Front,Partial - High Monetary Damage
25/01/2019,British Airways,Minor,0,88,Boeing 747,Pilot error,"Paris, France",Fog,59,511,29,Daylight,Back,Partial - High Monetary Damage
21/10/2017,Emirates,Minor,2,174,Boeing 777,Runway excursion,"Toronto, Canada",Thunderstorm,5075,424,40,Daylight,Front,Full Plane
23/10/2014,British Airways,Minor,8,229,Boeing 747,Mid-air collision,"Toronto, Canada",Clear,7096,547,39,Night,Back,Partial - High Monetary Damage
28/08/2018,Qatar Airways,Minor,10,167,Boeing 747,Fuel exhaustion,"Dubai, UAE",Rain,21744,359,33,Night,Back,Full Plane
03/07/2012,Singapore Airlines,Minor,4,182,Embraer 190,Bird strike,"Toronto, Canada",Clear,19121,597,38,Daylight,Front,Partial - High Monetary Damage
05/10/2023,Qatar Airways,Minor,6,58,Boeing 777,Landing gear malfunction,"New York, USA",Fog,25657,117,37,Daylight,Front,Partial - High Monetary Damage
17/09/2020,United,Minor,5,79,Embraer 190,Runway excursion,"Dubai, UAE",Windy,7190,240,10,Daylight,Front,Partial - Low Monetary Damage
11/07/2024,United,Minor,5,220,Airbus A380,Engine failure during takeoff,"São Paulo, Brazil",Snow,31142,104,17,Night,Back,Partial - Low Monetary Damage
27/03/2020,Turkish Airlines,Minor,9,109,Boeing 777,Landing gear malfunction,"Tokyo, Japan",Windy,22608,506,26,Daylight,Back,Partial - High Monetary Damage
13/04/2015,Qatar Airways,Minor,2,237,Airbus A350,Pilot error,"Sydney, Australia",Clear,34773,204,37,Daylight,Front,Partial - High Monetary Damage
30/04/2012,Emirates,Minor,1,28,Airbus A320,Runway excursion,"Sydney, Australia",Windy,3933,200,11,Daylight,Back,Partial - High Monetary Damage
11/03/2020,Air India,Minor,8,28,Boeing 747,Landing gear malfunction,"Sydney, Australia",Windy,35447,565,19,Daylight,Back,Full Plane
09/11/2014,American Airlines,Minor,9,252,Boeing 747,Engine failure during takeoff,"New York, USA",Thunderstorm,3197,253,30,Night,Front,Partial - High Monetary Damage
27/09/2022,United,Minor,5,218,Airbus A320,Sabotage,"Mumbai, India",Rain,14204,383,2,Night,Front,Full Plane
21/10/2016,Emirates,Severe,148,108,Airbus A320,Landing gear malfunction,"Paris, France",Clear,34335,102,19,Daylight,Back,Full Plane
04/08/2019,United,Minor,8,106,Boeing 777,Structural failure,"Beijing, China",Snow,33395,136,34,Night,Front,Partial - High Monetary Damage
30/07/2025,Air India,Severe,179,11,Airbus A320,Mid-air collision,"Dubai, UAE",Snow,37819,529,8,Night,Front,Partial - High Monetary Damage
21/06/2013,Turkish Airlines,Minor,6,92,Boeing 737,Lightning strike,"São Paulo, Brazil",Snow,2341,537,7,Night,Back,Partial - High Monetary Damage
15/02/2016,Emirates,Minor,4,81,Airbus A380,Runway excursion,"London, UK",Clear,18732,270,13,Daylight,Front,Full Plane
12/05/2021,Turkish Airlines,Minor,9,178,Airbus A320,Mid-air collision,"Sydney, Australia",Clear,16730,545,4,Daylight,Front,Full Plane
09/02/2021,Qatar Airways,Severe,197,52,Boeing 747,Sabotage,"Beijing, China",Fog,4465,212,6,Night,Back,Full Plane
01/06/2013,American Airlines,Minor,3,239,Boeing 777,Pilot error,"Beijing, China",Snow,4014,324,33,Daylight,Front,Full Plane
26/05/2014,Turkish Airlines,Minor,3,198,Airbus A320,Pilot error,"London, UK",Clear,18471,482,28,Night,Back,Full Plane
25/07/2022,Singapore Airlines,Minor,10,219,Bombardier CRJ900,Runway excursion,"Sydney, Australia",Snow,4026,223,19,Daylight,Back,Partial - Low Monetary Damage
29/10/2017,Air India,Minor,9,223,Airbus A350,Runway excursion,"London, UK",Clear,17821,291,16,Daylight,Front,Full Plane
19/10/2021,Delta,Minor,7,272,Airbus A320,Mid-air collision,"New York, USA",Fog,15859,506,9,Night,Back,Full Plane
09/06/2018,Air India,Severe,300,89,Bombardier CRJ900,Runway excursion,"London, UK",Clear,4186,551,16,Night,Back,Full Plane
23/05/2017,Singapore Airlines,Minor,4,60,Airbus A320,Pilot error,"Tokyo, Japan",Windy,22843,369,6,Daylight,Front,Partial - High Monetary Damage
30/10/2024,Lufthansa,Minor,5,84,Bombardier CRJ900,Bird strike,"Toronto, Canada",Fog,26585,304,17,Night,Back,Partial - High Monetary Damage
19/06/2015,United,Minor,3,250,Boeing 747,Fuel exhaustion,"Mumbai, India",Windy,25228,304,23,Night,Front,Partial - Low Monetary Damage
12/12/2023,Singapore Airlines,Minor,9,146,Airbus A320,Mid-air collision,"Paris, France",Clear,33355,482,25,Daylight,Back,Partial - High Monetary Damage
10/06/2013,Delta,Minor,1,213,Airbus A350,Landing gear malfunction,"Mumbai, India",Fog,22277,348,24,Daylight,Front,Full Plane
30/09/2020,Singapore Airlines,Minor,8,82,Airbus A320,Controlled flight into terrain,"São Paulo, Brazil",Rain,4970,153,7,Daylight,Back,Full Plane
11/10/2024,United,Minor,0,50,Airbus A350,Pilot error,"Beijing, China",Fog,13996,575,33,Daylight,Front,Full Plane
14/09/2018,British Airways,Minor,2,106,Boeing 777,Landing gear malfunction,"Sydney, Australia",Clear,21638,277,8,Daylight,Back,Partial - Low Monetary Damage
31/05/2022,Singapore Airlines,Minor,3,109,Embraer 190,Bird strike,"Beijing, China",Snow,12512,267,11,Daylight,Front,Partial - High Monetary Damage
01/03/2020,Singapore Airlines,Minor,8,155,Airbus A380,Runway excursion,"New York, USA",Rain,34238,233,30,Night,Front,Partial - Low Monetary Damage
20/11/2024,British Airways,Minor,4,186,Boeing 747,Engine failure during takeoff,"Mumbai, India",Rain,6752,239,24,Daylight,Back,Full Plane
28/01/2012,Delta,Severe,192,295,Boeing 737,Fuel exhaustion,"London, UK",Fog,17985,313,39,Night,Back,Partial - High Monetary Damage
07/11/2015,Air India,Minor,7,177,Airbus A320,Fuel exhaustion,"New York, USA",Windy,33754,550,6,Night,Back,Full Plane
24/09/2025,Lufthansa,Minor,6,287,Airbus A320,Engine failure during takeoff,"Paris, France",Fog,14237,108,31,Night,Back,Partial - High Monetary Damage
03/10/2011,Lufthansa,Severe,71,90,Boeing 777,Structural failure,"São Paulo, Brazil",Thunderstorm,31281,276,4,Night,Front,Partial - Low Monetary Damage
01/06/2015,Air India,Minor,10,188,Boeing 777,Structural failure,"São Paulo, Brazil",Rain,20335,225,2,Daylight,Back,Partial - High Monetary Damage
19/02/2016,Air India,Minor,4,203,Airbus A350,Pilot error,"New York, USA",Snow,30020,399,16,Night,Back,Partial - High Monetary Damage
06/12/2022,Air India,Minor,4,179,Boeing 777,Sabotage,"Dubai, UAE",Thunderstorm,20953,178,18,Night,Front,Full Plane
03/07/2014,Qatar Airways,Minor,4,203,Airbus A380,Engine failure during takeoff,"Toronto, Canada",Windy,23085,556,16,Night,Back,Full Plane
15/10/2012,Lufthansa,Minor,3,81,Bombardier CRJ900,Landing gear malfunction,"Paris, France",Snow,33140,301,30,Daylight,Front,Partial - Low Monetary Damage
20/10/2020,Turkish Airlines,Minor,3,32,Airbus A350,Fuel exhaustion,"New York, USA",Rain,3272,120,18,Night,Back,Partial - Low Monetary Damage
29/08/2023,Singapore Airlines,Severe,221,296,Boeing 737,Structural failure,"Beijing, China",Fog,12916,414,13,Daylight,Back,Partial - High Monetary Damage
05/10/2018,American Airlines,Minor,10,87,Airbus A350,Lightning strike,"Dubai, UAE",Clear,2756,555,10,Daylight,Back,Partial - High Monetary Damage
17/11/2019,Singapore Airlines,Minor,7,166,Embraer 190,Fuel exhaustion,"Toronto, Canada",Snow,787,323,23,Night,Front,Full Plane
01/10/2010,Emirates,Severe,281,16,Embraer 190,Fuel exhaustion,"Sydney, Australia",Windy,6757,348,25,Daylight,Front,Partial - Low Monetary Damage
28/08/2019,Delta,Severe,109,298,Airbus A320,Severe turbulence,"Paris, France",Fog,26431,538,31,Daylight,Front,Partial - Low Monetary Damage
18/02/2010,Air India,Severe,146,290,Embraer 190,Fuel exhaustion,"Sydney, Australia",Thunderstorm,33837,236,19,Daylight,Back,Full Plane
12/03/2018,American Airlines,Minor,10,155,Airbus A380,Landing gear malfunction,"Dubai, UAE",Clear,20824,576,2,Night,Front,Full Plane
28/02/2018,Lufthansa,Minor,10,152,Boeing 777,Bird strike,"São Paulo, Brazil",Clear,24997,482,22,Night,Front,Full Plane
18/07/2022,Turkish Airlines,Minor,0,38,Airbus A380,Mid-air collision,"London, UK",Snow,18470,522,14,Night,Front,Partial - High Monetary Damage
18/05/2024,Turkish Airlines,Severe,208,152,Bombardier CRJ900,Lightning strike,"Beijing, China",Windy,29319,306,25,Daylight,Front,Partial - High Monetary Damage
09/04/2012,Lufthansa,Minor,0,255,Airbus A320,Bird strike,"Beijing, China",Snow,7208,424,9,Daylight,Front,Partial - High Monetary Damage
18/09/2020,Emirates,Minor,8,186,Airbus A380,Sabotage,"Beijing, China",Thunderstorm,31919,458,21,Daylight,Back,Full Plane
19/02/2015,Air India,Severe,134,106,Bombardier CRJ900,Engine failure during takeoff,"Toronto, Canada",Clear,29543,170,6,Daylight,Front,Partial - High Monetary Damage
01/03/2017,British Airways,Minor,7,224,Bombardier CRJ900,Lightning strike,"London, UK",Fog,35973,353,10,Daylight,Front,Full Plane
16/05/2020,Delta,Severe,136,218,Embraer 190,Engine failure during takeoff,"São Paulo, Brazil",Thunderstorm,17187,169,14,Daylight,Front,Partial - High Monetary Damage
17/08/2023,British Airways,Minor,3,100,Airbus A350,Runway excursion,"Tokyo, Japan",Rain,2365,124,8,Night,Front,Partial - High Monetary Damage
23/10/2012,Qatar Airways,Severe,249,231,Airbus A350,Fuel exhaustion,"Paris, France",Thunderstorm,5977,422,5,Night,Front,Partial - Low Monetary Damage
28/08/2012,Singapore Airlines,Minor,7,284,Airbus A380,Fuel exhaustion,"Tokyo, Japan",Rain,39858,270,22,Daylight,Front,Full Plane
21/09/2012,Qatar Airways,Severe,204,89,Boeing 737,Severe turbulence,"Mumbai, India",Windy,2438,483,17,Night,Front,Partial - High Monetary Damage
19/09/2018,Emirates,Minor,4,178,Boeing 737,Engine failure during takeoff,"Paris, France",Rain,10142,205,7,Daylight,Front,Full Plane
21/01/2013,Singapore Airlines,Minor,7,213,Bombardier CRJ900,Structural failure,"New York, USA",Rain,30316,302,5,Night,Back,Full Plane
09/08/2017,Air India,Minor,6,149,Airbus A380,Controlled flight into terrain,"Tokyo, Japan",Rain,6731,573,8,Daylight,Back,Partial - High Monetary Damage
20/07/2010,Singapore Airlines,Minor,3,260,Boeing 737,Sabotage,"Sydney, Australia",Windy,26528,456,38,Daylight,Front,Partial - High Monetary Damage
27/10/2018,Singapore Airlines,Minor,1,181,Airbus A350,Pilot error,"Tokyo, Japan",Snow,39735,536,2,Daylight,Back,Partial - High Monetary Damage
23/08/2025,American Airlines,Minor,8,278,Boeing 737,Sabotage,"New York, USA",Fog,34545,506,9,Daylight,Front,Partial - Low Monetary Damage
06/03/2023,American Airlines,Minor,3,219,Airbus A350,Engine failure during takeoff,"Sydney, Australia",Clear,36618,253,2,Daylight,Front,Partial - High Monetary Damage
02/07/2022,Emirates,Minor,10,159,Airbus A350,Controlled flight into terrain,"Toronto, Canada",Rain,13382,419,25,Night,Back,Partial - Low Monetary Damage
26/09/2023,Qatar Airways,Minor,4,254,Embraer 190,Lightning strike,"Sydney, Australia",Rain,31701,393,1,Night,Back,Full Plane
20/03/2014,Lufthansa,Minor,2,223,Boeing 737,Severe turbulence,"Beijing, China",Windy,6739,132,32,Daylight,Back,Partial - High Monetary Damage
28/04/2018,Air India,Minor,9,213,Airbus A350,Mid-air collision,"Tokyo, Japan",Snow,28569,154,7,Night,Back,Full Plane
25/11/2015,Singapore Airlines,Minor,0,298,Bombardier CRJ900,Severe turbulence,"New York, USA",Snow,6121,406,16,Daylight,Front,Partial - High Monetary Damage
26/10/2018,Delta,Severe,53,183,Airbus A320,Severe turbulence,"Tokyo, Japan",Rain,6992,453,26,Night,Front,Partial - Low Monetary Damage
12/10/2016,Delta,Minor,2,165,Boeing 777,Severe turbulence,"Dubai, UAE",Windy,23973,178,38,Daylight,Front,Partial - Low Monetary Damage
27/12/2018,United,Minor,4,254,Airbus A320,Structural failure,"Dubai, UAE",Rain,33813,463,14,Daylight,Front,Partial - High Monetary Damage
06/09/2014,Singapore Airlines,Severe,288,248,Airbus A320,Runway excursion,"São Paulo, Brazil",Rain,25510,371,4,Night,Front,Partial - High Monetary Damage
17/04/2023,Singapore Airlines,Severe,201,2,Boeing 777,Landing gear malfunction,"São Paulo, Brazil",Fog,27806,520,3,Night,Front,Partial - High Monetary Damage
01/01/2022,Emirates,Minor,2,164,Bombardier CRJ900,Severe turbulence,"Beijing, China",Snow,33905,278,24,Daylight,Front,Partial - High Monetary Damage
25/07/2025,Delta,Minor,10,60,Bombardier CRJ900,Lightning strike,"Tokyo, Japan",Clear,27682,309,9,Daylight,Front,Full Plane
15/05/2023,Lufthansa,Severe,174,287,Airbus A350,Controlled flight into terrain,"São Paulo, Brazil",Clear,7393,327,12,Daylight,Front,Partial - Low Monetary Damage
17/01/2020,Lufthansa,Severe,187,208,Airbus A320,Engine failure during takeoff,"Toronto, Canada",Snow,5582,478,5,Daylight,Back,Partial - Low Monetary Damage
08/05/2010,British Airways,Minor,5,187,Boeing 737,Bird strike,"Beijing, China",Clear,37273,420,20,Night,Front,Full Plane
12/04/2012,Delta,Minor,2,26,Airbus A350,Fuel exhaustion,"Mumbai, India",Windy,37439,573,17,Night,Back,Partial - High Monetary Damage
21/08/2016,Lufthansa,Minor,3,202,Airbus A380,Pilot error,"Mumbai, India",Snow,30803,449,11,Night,Back,Full Plane
11/11/2024,Singapore Airlines,Minor,4,237,Boeing 747,Sabotage,"London, UK",Clear,25256,178,28,Night,Front,Full Plane
04/02/2024,British Airways,Minor,6,297,Embraer 190,Structural failure,"Paris, France",Windy,28740,511,29,Night,Back,Full Plane
27/06/2024,Delta,Minor,10,211,Boeing 747,Controlled flight into terrain,"Mumbai, India",Snow,23347,356,16,Daylight,Front,Partial - High Monetary Damage
08/05/2017,United,Minor,1,143,Boeing 737,Landing gear malfunction,"São Paulo, Brazil",Snow,37954,286,24,Night,Front,Full Plane
02/02/2018,Emirates,Minor,5,172,Airbus A320,Engine failure during takeoff,"Toronto, Canada",Thunderstorm,34164,477,13,Daylight,Front,Partial - Low Monetary Damage
25/11/2020,American Airlines,Minor,1,34,Boeing 737,Controlled flight into terrain,"Dubai, UAE",Rain,13235,121,36,Night,Back,Partial - High Monetary Damage
10/02/2010,Air India,Minor,2,50,Boeing 747,Sabotage,"Toronto, Canada",Windy,13055,187,17,Daylight,Front,Full Plane
06/03/2015,Emirates,Minor,1,191,Boeing 777,Bird strike,"London, UK",Rain,10474,143,9,Daylight,Back,Partial - Low Monetary Damage
11/06/2023,Delta,Severe,243,299,Boeing 747,Bird strike,"Toronto, Canada",Snow,27120,550,21,Night,Back,Partial - Low Monetary Damage
29/04/2015,Delta,Minor,6,2,Embraer 190,Controlled flight into terrain,"Beijing, China",Fog,4303,551,28,Daylight,Front,Full Plane
15/08/2015,Emirates,Minor,7,160,Boeing 777,Engine failure during takeoff,"Paris, France",Rain,31227,586,8,Daylight,Back,Partial - High Monetary Damage
01/11/2024,United,Minor,6,70,Boeing 747,Landing gear malfunction,"New York, USA",Rain,2731,282,8,Night,Front,Partial - High Monetary Damage
19/12/2012,Qatar Airways,Severe,238,169,Airbus A350,Sabotage,"Sydney, Australia",Rain,21027,596,27,Daylight,Front,Partial - High Monetary Damage
30/08/2020,Singapore Airlines,Minor,0,211,Embraer 190,Lightning strike,"São Paulo, Brazil",Thunderstorm,1840,264,7,Night,Front,Full Plane
08/08/2025,Delta,Severe,260,257,Airbus A320,Fuel exhaustion,"São Paulo, Brazil",Thunderstorm,21812,469,21,Night,Front,Partial - Low Monetary Damage
22/03/2012,Turkish Airlines,Severe,183,233,Airbus A350,Mid-air collision,"London, UK",Fog,35147,553,40,Night,Back,Partial - High Monetary Damage
18/02/2022,Lufthansa,Minor,9,1,Airbus A320,Fuel exhaustion,"London, UK",Fog,13590,535,37,Daylight,Front,Partial - High Monetary Damage
11/11/2018,Qatar Airways,Minor,6,158,Bombardier CRJ900,Pilot error,"Sydney, Australia",Snow,24571,501,40,Daylight,Front,Full Plane
01/12/2018,British Airways,Minor,0,84,Boeing 747,Sabotage,"Beijing, China",Windy,12425,432,20,Daylight,Back,Partial - High Monetary Damage
30/01/2023,British Airways,Minor,1,217,Boeing 747,Severe turbulence,"New York, USA",Rain,16749,529,18,Daylight,Front,Full Plane
21/05/2013,American Airlines,Minor,0,134,Embraer 190,Controlled flight into terrain,"Paris, France",Fog,23366,436,10,Night,Front,Full Plane
14/02/2018,British Airways,Minor,6,193,Boeing 737,Bird strike,"Beijing, China",Clear,35331,211,27,Daylight,Front,Partial - High Monetary Damage
24/03/2017,British Airways,Minor,6,255,Boeing 737,Engine failure during takeoff,"Paris, France",Thunderstorm,4389,385,6,Daylight,Back,Full Plane
30/10/2012,Air India,Minor,5,182,Boeing 747,Severe turbulence,"Tokyo, Japan",Snow,38539,225,35,Daylight,Front,Partial - Low Monetary Damage
22/07/2023,Emirates,Minor,8,23,Airbus A350,Controlled flight into terrain,"São Paulo, Brazil",Thunderstorm,22791,540,18,Night,Back,Partial - High Monetary Damage
18/07/2024,British Airways,Minor,9,279,Boeing 777,Bird strike,"São Paulo, Brazil",Clear,27655,110,22,Daylight,Front,Partial - High Monetary Damage
25/03/2011,Delta,Minor,7,24,Airbus A320,Bird strike,"London, UK",Rain,21440,444,21,Daylight,Front,Full Plane
21/05/2017,Singapore Airlines,Severe,178,153,Boeing 777,Structural failure,"São Paulo, Brazil",Windy,28818,354,14,Night,Front,Full Plane
15/07/2010,Emirates,Severe,223,203,Airbus A320,Fuel exhaustion,"Toronto, Canada",Thunderstorm,9827,332,29,Night,Back,Full Plane
07/12/2023,Turkish Airlines,Minor,2,208,Airbus A350,Lightning strike,"Paris, France",Thunderstorm,35745,274,21,Daylight,Back,Full Plane
23/11/2013,Delta,Severe,230,3,Airbus A320,Fuel exhaustion,"São Paulo, Brazil",Clear,24223,547,35,Daylight,Back,Partial - High Monetary Damage
26/09/2018,Turkish Airlines,Minor,4,199,Airbus A320,Engine failure during takeoff,"Toronto, Canada",Fog,16181,263,10,Daylight,Front,Partial - High Monetary Damage
16/03/2011,Emirates,Severe,83,112,Boeing 747,Engine failure during takeoff,"Toronto, Canada",Thunderstorm,23903,381,26,Night,Front,Partial - High Monetary Damage
28/02/2010,Delta,Severe,238,259,Airbus A350,Bird strike,"Mumbai, India",Clear,15690,171,34,Daylight,Front,Full Plane
28/01/2011,Air India,Severe,144,93,Airbus A350,Landing gear malfunction,"São Paulo, Brazil",Thunderstorm,16217,145,9,Night,Back,Partial - High Monetary Damage
15/12/2024,Singapore Airlines,Severe,266,258,Airbus A320,Sabotage,"Paris, France",Fog,37912,568,40,Night,Back,Partial - High Monetary Damage
20/10/2011,Delta,Severe,157,190,Boeing 777,Engine failure during takeoff,"Paris, France",Rain,38880,181,24,Daylight,Back,Partial - Low Monetary Damage
29/06/2012,Qatar Airways,Minor,5,16,Airbus A380,Severe turbulence,"Paris, France",Snow,33369,297,4,Night,Front,Full Plane
18/12/2024,Qatar Airways,Minor,8,151,Airbus A320,Fuel exhaustion,"Sydney, Australia",Thunderstorm,10688,193,35,Daylight,Front,Full Plane
30/03/2011,Turkish Airlines,Minor,2,52,Airbus A380,Severe turbulence,"Beijing, China",Clear,18500,313,7,Daylight,Front,Partial - High Monetary Damage
13/11/2011,Delta,Minor,9,213,Boeing 737,Fuel exhaustion,"Toronto, Canada",Thunderstorm,10434,233,18,Daylight,Front,Partial - High Monetary Damage
30/04/2017,Qatar Airways,Minor,3,72,Boeing 747,Mid-air collision,"Toronto, Canada",Clear,25421,211,40,Daylight,Front,Partial - Low Monetary Damage
07/07/2019,American Airlines,Minor,8,237,Boeing 747,Sabotage,"New York, USA",Rain,26226,582,38,Daylight,Back,Full Plane
28/08/2011,British Airways,Severe,259,169,Airbus A320,Bird strike,"Beijing, China",Thunderstorm,9307,410,20,Night,Front,Partial - High Monetary Damage
25/04/2019,British Airways,Minor,5,0,Boeing 747,Fuel exhaustion,"London, UK",Windy,6177,289,3,Night,Back,Partial - High Monetary Damage
31/07/2011,Emirates,Minor,4,83,Boeing 747,Controlled flight into terrain,"Paris, France",Fog,30679,303,12,Daylight,Back,Partial - High Monetary Damage
17/02/2023,American Airlines,Severe,229,14,Airbus A320,Controlled flight into terrain,"New York, USA",Thunderstorm,31586,344,13,Night,Back,Partial - High Monetary Damage
23/04/2020,United,Minor,10,80,Embraer 190,Controlled flight into terrain,"Tokyo, Japan",Thunderstorm,21964,428,9,Night,Front,Full Plane
27/04/2014,Singapore Airlines,Minor,0,92,Boeing 737,Lightning strike,"New York, USA",Clear,36671,362,13,Night,Back,Partial - Low Monetary Damage
08/08/2022,Lufthansa,Minor,10,171,Boeing 747,Pilot error,"Tokyo, Japan",Fog,2838,236,23,Night,Back,Partial - High Monetary Damage
14/10/2015,United,Minor,10,89,Embraer 190,Structural failure,"London, UK",Fog,4360,247,36,Night,Back,Full Plane
30/08/2015,British Airways,Severe,126,56,Airbus A320,Controlled flight into terrain,"Mumbai, India",Rain,21643,483,24,Night,Back,Partial - High Monetary Damage
26/12/2023,Singapore Airlines,Minor,4,94,Airbus A350,Lightning strike,"Paris, France",Clear,35351,302,38,Daylight,Front,Partial - High Monetary Damage
22/01/2024,Qatar Airways,Severe,210,114,Boeing 747,Fuel exhaustion,"São Paulo, Brazil",Rain,17542,101,15,Daylight,Back,Full Plane
14/07/2021,United,Minor,5,287,Boeing 737,Engine failure during takeoff,"Sydney, Australia",Snow,27873,328,23,Daylight,Back,Full Plane
02/11/2011,Qatar Airways,Severe,54,6,Boeing 777,Structural failure,"New York, USA",Rain,28033,387,33,Daylight,Front,Full Plane
15/02/2013,Air India,Minor,3,89,Airbus A320,Pilot error,"Dubai, UAE",Clear,35917,412,4,Daylight,Front,Partial - High Monetary Damage
20/12/2011,Emirates,Minor,9,297,Airbus A320,Engine failure during takeoff,"São Paulo, Brazil",Clear,31776,497,14,Daylight,Back,Partial - High Monetary Damage
08/03/2015,Singapore Airlines,Minor,8,144,Boeing 737,Structural failure,"Dubai, UAE",Rain,39633,526,22,Daylight,Front,Partial - High Monetary Damage
10/01/2010,Singapore Airlines,Minor,6,135,Airbus A320,Severe turbulence,"Sydney, Australia",Fog,13632,111,11,Night,Back,Full Plane
20/01/2011,United,Minor,3,195,Bombardier CRJ900,Structural failure,"Dubai, UAE",Windy,281,525,33,Night,Back,Full Plane
31/01/2025,Delta,Minor,8,68,Boeing 737,Sabotage,"Mumbai, India",Clear,13264,346,34,Night,Front,Partial - Low Monetary Damage
22/06/2022,Emirates,Minor,3,252,Bombardier CRJ900,Mid-air collision,"Beijing, China",Clear,423,525,2,Night,Front,Partial - High Monetary Damage
26/06/2021,Emirates,Minor,4,193,Airbus A350,Bird strike,"Dubai, UAE",Thunderstorm,9936,275,22,Daylight,Back,Partial - High Monetary Damage
20/02/2013,Turkish Airlines,Minor,6,124,Embraer 190,Structural failure,"New York, USA",Fog,33779,142,2,Night,Front,Partial - High Monetary Damage
10/09/2024,Turkish Airlines,Minor,6,165,Airbus A320,Lightning strike,"Beijing, China",Windy,22345,441,32,Daylight,Front,Full Plane
02/05/2014,British Airways,Severe,204,49,Boeing 747,Runway excursion,"London, UK",Windy,13402,500,21,Daylight,Front,Partial - High Monetary Damage
27/11/2021,Singapore Airlines,Minor,0,150,Boeing 777,Engine failure during takeoff,"Dubai, UAE",Windy,10327,557,3,Daylight,Front,Partial - High Monetary Damage
17/10/2016,Singapore Airlines,Severe,183,261,Airbus A380,Fuel exhaustion,"Paris, France",Clear,30279,388,32,Daylight,Front,Full Plane
08/12/2024,Delta,Minor,1,237,Airbus A320,Sabotage,"London, UK",Thunderstorm,11715,456,33,Night,Back,Full Plane
03/06/2018,Qatar Airways,Minor,4,134,Airbus A350,Sabotage,"Tokyo, Japan",Thunderstorm,31391,391,6,Daylight,Front,Partial - Low Monetary Damage
07/11/2022,Lufthansa,Minor,4,241,Boeing 777,Lightning strike,"New York, USA",Clear,25182,580,38,Night,Front,Partial - High Monetary Damage
03/01/2024,Air India,Minor,9,46,Boeing 777,Controlled flight into terrain,"Mumbai, India",Rain,28180,151,29,Night,Back,Partial - High Monetary Damage
24/02/2011,Lufthansa,Minor,8,161,Airbus A320,Fuel exhaustion,"Toronto, Canada",Thunderstorm,38831,410,14,Night,Back,Full Plane
05/04/2025,British Airways,Minor,6,49,Boeing 737,Controlled flight into terrain,"Toronto, Canada",Clear,36711,358,24,Night,Back,Full Plane
26/05/2025,Singapore Airlines,Severe,61,67,Bombardier CRJ900,Engine failure during takeoff,"Dubai, UAE",Rain,14547,133,17,Daylight,Front,Full Plane
25/11/2025,United,Minor,2,168,Airbus A380,Mid-air collision,"New York, USA",Snow,16714,333,19,Daylight,Back,Partial - High Monetary Damage
30/07/2022,United,Minor,9,141,Boeing 777,Controlled flight into terrain,"Beijing, China",Thunderstorm,20752,347,9,Night,Back,Partial - High Monetary Damage
30/01/2019,United,Minor,6,189,Boeing 777,Severe turbulence,"Beijing, China",Snow,4563,291,23,Night,Back,Partial - High Monetary Damage
21/09/2020,Lufthansa,Minor,5,286,Airbus A380,Engine failure during takeoff,"London, UK",Clear,24312,289,12,Daylight,Front,Full Plane
13/11/2012,Turkish Airlines,Severe,107,123,Embraer 190,Engine failure during takeoff,"New York, USA",Rain,4012,135,18,Night,Back,Partial - High Monetary Damage
30/05/2014,Qatar Airways,Minor,2,279,Boeing 737,Landing gear malfunction,"New York, USA",Fog,10787,178,31,Night,Front,Full Plane
11/02/2025,Lufthansa,Minor,10,160,Boeing 747,Pilot error,"Toronto, Canada",Fog,20967,393,32,Night,Back,Partial - High Monetary Damage
22/11/2014,Delta,Minor,8,114,Airbus A380,Controlled flight into terrain,"Tokyo, Japan",Rain,8243,446,32,Night,Back,Full Plane
26/08/2011,United,Minor,3,116,Bombardier CRJ900,Lightning strike,"Beijing, China",Rain,33938,452,31,Daylight,Back,Partial - High Monetary Damage
18/05/2011,Turkish Airlines,Minor,1,169,Airbus A380,Mid-air collision,"London, UK",Clear,24288,241,17,Daylight,Front,Full Plane
01/12/2015,Emirates,Minor,5,256,Boeing 737,Pilot error,"Tokyo, Japan",Fog,19649,253,19,Night,Back,Partial - High Monetary Damage
03/12/2024,Singapore Airlines,Minor,10,150,Embraer 190,Sabotage,"Paris, France",Fog,27949,149,18,Night,Front,Full Plane
20/11/2015,American Airlines,Minor,3,292,Airbus A380,Engine failure during takeoff,"Dubai, UAE",Snow,6979,506,37,Night,Front,Partial - High Monetary Damage
14/11/2021,Singapore Airlines,Minor,0,34,Embraer 190,Mid-air collision,"Beijing, China",Rain,15633,257,25,Night,Front,Full Plane
19/10/2012,Delta,Severe,172,221,Airbus A380,Sabotage,"Mumbai, India",Rain,289,409,17,Night,Back,Partial - High Monetary Damage
28/01/2021,Qatar Airways,Minor,0,177,Boeing 747,Lightning strike,"Paris, France",Thunderstorm,35675,499,38,Night,Front,Full Plane
02/03/2025,Delta,Minor,7,114,Airbus A350,Severe turbulence,"São Paulo, Brazil",Snow,30612,184,16,Daylight,Back,Partial - Low Monetary Damage
16/06/2020,Qatar Airways,Minor,9,178,Boeing 777,Engine failure during takeoff,"London, UK",Rain,12480,273,3,Night,Back,Full Plane
02/02/2024,Delta,Severe,254,173,Embraer 190,Pilot error,"New York, USA",Clear,501,205,20,Night,Back,Partial - High Monetary Damage
01/07/2015,Lufthansa,Minor,1,73,Embraer 190,Fuel exhaustion,"Tokyo, Japan",Windy,35072,444,28,Daylight,Back,Partial - Low Monetary Damage
02/02/2024,Turkish Airlines,Minor,9,68,Boeing 747,Bird strike,"Toronto, Canada",Thunderstorm,36982,151,19,Night,Front,Full Plane
04/04/2019,American Airlines,Minor,0,281,Boeing 747,Engine failure during takeoff,"Tokyo, Japan",Rain,30926,319,4,Night,Back,Partial - High Monetary Damage
20/02/2018,Air India,Minor,4,242,Airbus A380,Mid-air collision,"Beijing, China",Windy,8196,569,4,Daylight,Front,Full Plane
09/02/2017,Air India,Minor,8,164,Airbus A320,Landing gear malfunction,"London, UK",Windy,522,241,28,Night,Front,Partial - High Monetary Damage
26/05/2019,United,Minor,7,40,Embraer 190,Engine failure during takeoff,"Dubai, UAE",Rain,29928,417,1,Night,Front,Full Plane
30/07/2011,Lufthansa,Severe,182,66,Boeing 747,Runway excursion,"Dubai, UAE",Fog,14664,377,25,Night,Front,Partial - High Monetary Damage
04/08/2023,Delta,Minor,6,3,Bombardier CRJ900,Lightning strike,"Beijing, China",Clear,36409,191,37,Night,Front,Partial - High Monetary Damage
08/02/2013,Qatar Airways,Severe,291,292,Boeing 737,Sabotage,"São Paulo, Brazil",Windy,10939,366,35,Daylight,Back,Partial - High Monetary Damage
01/11/2012,Turkish Airlines,Minor,0,22,Airbus A320,Pilot error,"Toronto, Canada",Rain,31705,488,33,Night,Front,Full Plane
12/08/2011,Delta,Minor,1,33,Embraer 190,Severe turbulence,"New York, USA",Windy,31137,444,9,Daylight,Front,Partial - Low Monetary Damage
23/11/2021,Lufthansa,Minor,5,280,Airbus A380,Severe turbulence,"Tokyo, Japan",Thunderstorm,30745,489,25,Night,Back,Full Plane
08/04/2022,Air India,Severe,65,45,Boeing 747,Runway excursion,"São Paulo, Brazil",Snow,29876,225,20,Daylight,Back,Partial - High Monetary Damage
20/01/2013,American Airlines,Minor,8,254,Boeing 777,Pilot error,"Toronto, Canada",Clear,7599,364,35,Daylight,Front,Partial - High Monetary Damage
18/02/2013,American Airlines,Severe,231,154,Boeing 777,Controlled flight into terrain,"Dubai, UAE",Rain,7921,499,28,Night,Front,Partial - Low Monetary Damage
21/06/2010,Air India,Severe,245,294,Airbus A320,Lightning strike,"Sydney, Australia",Windy,32850,429,9,Daylight,Front,Partial - High Monetary Damage
19/03/2019,Turkish Airlines,Severe,213,234,Airbus A380,Severe turbulence,"Beijing, China",Thunderstorm,19168,272,30,Daylight,Back,Partial - Low Monetary Damage
14/10/2014,Qatar Airways,Minor,3,127,Boeing 777,Mid-air collision,"Tokyo, Japan",Clear,9188,439,24,Daylight,Front,Full Plane
31/10/2011,Turkish Airlines,Minor,3,32,Boeing 737,Controlled flight into terrain,"Sydney, Australia",Snow,20908,392,24,Night,Front,Partial - High Monetary Damage
21/10/2021,United,Minor,4,62,Airbus A380,Fuel exhaustion,"Paris, France",Windy,8406,343,14,Night,Front,Partial - Low Monetary Damage
02/12/2018,Turkish Airlines,Severe,257,40,Airbus A380,Lightning strike,"Dubai, UAE",Clear,31505,239,32,Night,Back,Partial - Low Monetary Damage
12/06/2016,Turkish Airlines,Severe,131,147,Boeing 737,Lightning strike,"Dubai, UAE",Windy,33027,325,30,Daylight,Front,Partial - High Monetary Damage
22/09/2012,Air India,Severe,68,216,Airbus A320,Bird strike,"Mumbai, India",Snow,25554,327,38,Daylight,Front,Full Plane
12/10/2020,Air India,Severe,95,122,Embraer 190,Runway excursion,"London, UK",Windy,13003,322,15,Night,Back,Partial - Low Monetary Damage
16/08/2018,British Airways,Minor,9,107,Boeing 777,Fuel exhaustion,"Toronto, Canada",Snow,71,279,36,Daylight,Back,Partial - Low Monetary Damage
02/06/2011,United,Severe,185,216,Airbus A380,Fuel exhaustion,"Beijing, China",Snow,39488,294,23,Night,Front,Full Plane
24/04/2024,Emirates,Minor,2,13,Boeing 747,Mid-air collision,"Dubai, UAE",Thunderstorm,4029,499,19,Night,Back,Partial - High Monetary Damage
15/02/2024,Air India,Severe,204,289,Airbus A320,Fuel exhaustion,"Dubai, UAE",Thunderstorm,564,263,25,Night,Front,Full Plane
27/01/2024,Lufthansa,Minor,10,277,Boeing 737,Controlled flight into terrain,"Beijing, China",Windy,29005,398,2,Night,Front,Partial - High Monetary Damage
04/01/2015,Lufthansa,Minor,4,49,Airbus A380,Lightning strike,"New York, USA",Rain,5435,559,38,Night,Back,Full Plane
27/08/2010,British Airways,Minor,5,27,Airbus A320,Fuel exhaustion,"Beijing, China",Windy,9596,118,7,Night,Front,Full Plane
28/06/2013,Qatar Airways,Minor,4,161,Boeing 737,Bird strike,"Paris, France",Thunderstorm,4796,346,9,Daylight,Front,Full Plane
03/04/2014,Air India,Minor,1,1,Embraer 190,Engine failure during takeoff,"Dubai, UAE",Snow,3149,109,8,Night,Back,Partial - High Monetary Damage
11/04/2019,United,Severe,180,144,Airbus A320,Fuel exhaustion,"Sydney, Australia",Fog,9277,285,2,Daylight,Front,Full Plane
15/11/2015,Air India,Minor,3,164,Airbus A350,Landing gear malfunction,"London, UK",Thunderstorm,18262,266,17,Night,Front,Full Plane
11/08/2012,American Airlines,Severe,101,199,Airbus A380,Severe turbulence,"London, UK",Rain,9228,255,2,Daylight,Front,Partial - Low Monetary Damage
25/06/2025,American Airlines,Minor,7,52,Bombardier CRJ900,Engine failure during takeoff,"São Paulo, Brazil",Thunderstorm,12678,471,30,Daylight,Front,Full Plane
30/01/2024,American Airlines,Minor,8,231,Boeing 777,Engine failure during takeoff,"Tokyo, Japan",Clear,19346,413,11,Daylight,Back,Full Plane
15/10/2019,Air India,Minor,8,137,Boeing 777,Landing gear malfunction,"New York, USA",Snow,19022,234,24,Daylight,Back,Full Plane
18/08/2023,Qatar Airways,Minor,1,31,Airbus A320,Structural failure,"New York, USA",Fog,32037,432,17,Daylight,Front,Partial - Low Monetary Damage
10/05/2015,American Airlines,Severe,127,14,Airbus A350,Lightning strike,"Paris, France",Fog,14195,506,23,Night,Front,Partial - Low Monetary Damage
02/07/2019,Singapore Airlines,Severe,216,185,Airbus A350,Lightning strike,"Beijing, China",Rain,3396,462,13,Night,Back,Full Plane
14/05/2021,Delta,Minor,7,251,Embraer 190,Engine failure during takeoff,"Sydney, Australia",Windy,22858,207,39,Night,Front,Partial - High Monetary Damage
31/03/2014,United,Minor,4,187,Embraer 190,Controlled flight into terrain,"São Paulo, Brazil",Snow,31681,426,28,Daylight,Front,Partial - High Monetary Damage
08/02/2017,Turkish Airlines,Severe,87,266,Boeing 747,Engine failure during takeoff,"Sydney, Australia",Thunderstorm,29296,527,3,Daylight,Back,Full Plane
13/01/2024,Delta,Minor,5,106,Bombardier CRJ900,Landing gear malfunction,"London, UK",Rain,30779,256,6,Night,Front,Partial - High Monetary Damage
02/09/2023,Qatar Airways,Severe,56,134,Airbus A380,Lightning strike,"Sydney, Australia",Windy,6156,213,28,Night,Back,Full Plane
04/04/2023,United,Minor,7,148,Boeing 777,Landing gear malfunction,"Paris, France",Windy,27996,492,4,Night,Back,Full Plane
26/06/2011,Singapore Airlines,Severe,255,183,Airbus A380,Runway excursion,"New York, USA",Snow,7884,321,37,Daylight,Back,Full Plane
14/04/2019,Lufthansa,Severe,284,139,Embraer 190,Engine failure during takeoff,"Toronto, Canada",Thunderstorm,37986,374,40,Daylight,Front,Partial - Low Monetary Damage
16/05/2020,Qatar Airways,Minor,4,86,Airbus A350,Severe turbulence,"New York, USA",Thunderstorm,38178,341,15,Night,Back,Partial - High Monetary Damage
30/09/2019,Delta,Severe,106,45,Airbus A380,Runway excursion,"Dubai, UAE",Snow,31112,436,10,Night,Back,Partial - Low Monetary Damage
22/02/2016,Delta,Severe,184,8,Airbus A380,Landing gear malfunction,"São Paulo, Brazil",Clear,7099,352,17,Night,Back,Partial - High Monetary Damage
03/05/2010,Emirates,Severe,266,153,Bombardier CRJ900,Sabotage,"Sydney, Australia",Rain,24654,152,30,Daylight,Back,Full Plane
21/06/2015,Singapore Airlines,Minor,2,83,Bombardier CRJ900,Structural failure,"Toronto, Canada",Windy,23905,272,2,Daylight,Front,Partial - Low Monetary Damage
22/04/2013,Emirates,Minor,0,8,Boeing 747,Structural failure,"Dubai, UAE",Thunderstorm,39971,540,29,Daylight,Front,Partial - Low Monetary Damage
20/01/2015,Turkish Airlines,Severe,260,260,Embraer 190,Pilot error,"New York, USA",Clear,28475,310,37,Daylight,Back,Full Plane
14/12/2022,Turkish Airlines,Minor,3,150,Boeing 737,Engine failure during takeoff,"Dubai, UAE",Fog,22928,509,10,Daylight,Back,Partial - High Monetary Damage
12/12/2024,British Airways,Minor,9,45,Boeing 747,Sabotage,"New York, USA",Fog,26133,388,26,Night,Front,Partial - Low Monetary Damage
09/07/2011,Turkish Airlines,Severe,141,263,Boeing 737,Mid-air collision,"New York, USA",Windy,26387,189,9,Night,Back,Full Plane
29/12/2025,Lufthansa,Severe,261,95,Embraer 190,Structural failure,"Tokyo, Japan",Windy,29835,586,24,Daylight,Back,Partial - High Monetary Damage
27/10/2022,Emirates,Minor,10,279,Bombardier CRJ900,Runway excursion,"Mumbai, India",Thunderstorm,26654,172,7,Night,Front,Partial - High Monetary Damage
12/02/2015,Singapore Airlines,Minor,0,208,Boeing 777,Pilot error,"Paris, France",Thunderstorm,19398,471,31,Night,Front,Partial - High Monetary Damage
09/10/2024,Qatar Airways,Severe,216,164,Boeing 737,Sabotage,"Sydney, Australia",Windy,2666,101,19,Night,Back,Partial - High Monetary Damage
11/01/2014,Singapore Airlines,Minor,0,138,Boeing 737,Controlled flight into terrain,"Sydney, Australia",Clear,39797,524,13,Daylight,Front,Full Plane
13/09/2017,Singapore Airlines,Severe,163,291,Bombardier CRJ900,Bird strike,"Dubai, UAE",Snow,39937,398,8,Night,Back,Full Plane
20/02/2013,American Airlines,Minor,8,18,Boeing 747,Sabotage,"London, UK",Rain,24748,236,26,Daylight,Back,Full Plane
20/12/2021,United,Severe,159,238,Airbus A380,Mid-air collision,"Tokyo, Japan",Fog,34341,493,4,Night,Front,Partial - High Monetary Damage
07/05/2013,Air India,Minor,7,280,Embraer 190,Controlled flight into terrain,"Mumbai, India",Clear,15370,413,14,Night,Front,Partial - Low Monetary Damage
30/03/2024,British Airways,Minor,7,226,Airbus A320,Mid-air collision,"Paris, France",Windy,12764,539,9,Night,Front,Full Plane
09/01/2019,Lufthansa,Minor,5,89,Boeing 747,Lightning strike,"Sydney, Australia",Clear,18846,559,24,Daylight,Back,Full Plane
09/03/2020,Turkish Airlines,Minor,5,166,Boeing 777,Pilot error,"São Paulo, Brazil",Snow,17433,127,4,Night,Front,Partial - High Monetary Damage
13/04/2012,Qatar Airways,Severe,50,168,Boeing 747,Pilot error,"Tokyo, Japan",Fog,1053,349,15,Daylight,Front,Full Plane
03/12/2013,United,Severe,58,17,Boeing 747,Lightning strike,"New York, USA",Fog,1144,307,38,Daylight,Back,Partial - High Monetary Damage
15/07/2018,American Airlines,Minor,5,191,Boeing 777,Sabotage,"New York, USA",Clear,24028,584,20,Daylight,Back,Partial - High Monetary Damage
07/07/2023,Singapore Airlines,Severe,98,159,Embraer 190,Fuel exhaustion,"Mumbai, India",Snow,9983,586,16,Daylight,Front,Partial - High Monetary Damage
24/05/2015,Singapore Airlines,Minor,5,61,Boeing 737,Mid-air collision,"Toronto, Canada",Rain,10582,455,39,Night,Front,Partial - Low Monetary Damage
05/05/2020,Delta,Minor,7,171,Bombardier CRJ900,Engine failure during takeoff,"Toronto, Canada",Thunderstorm,18451,223,33,Daylight,Back,Partial - High Monetary Damage
30/01/2023,British Airways,Minor,10,61,Airbus A320,Engine failure during takeoff,"Tokyo, Japan",Thunderstorm,9070,252,34,Night,Back,Partial - Low Monetary Damage
01/11/2015,Air India,Severe,211,24,Bombardier CRJ900,Landing gear malfunction,"Mumbai, India",Fog,24894,542,17,Daylight,Front,Full Plane
28/07/2023,Singapore Airlines,Minor,6,293,Airbus A350,Structural failure,"New York, USA",Fog,23889,157,18,Night,Front,Full Plane
04/01/2024,Emirates,Minor,0,104,Boeing 747,Structural failure,"New York, USA",Fog,12863,277,10,Daylight,Back,Partial - High Monetary Damage
25/09/2022,Lufthansa,Minor,10,234,Airbus A380,Landing gear malfunction,"London, UK",Fog,30074,207,30,Night,Back,Partial - Low Monetary Damage
13/03/2017,Turkish Airlines,Minor,3,189,Bombardier CRJ900,Bird strike,"Toronto, Canada",Windy,13126,284,36,Daylight,Back,Partial - High Monetary Damage
17/09/2013,United,Minor,6,229,Airbus A380,Fuel exhaustion,"Paris, France",Windy,11947,403,37,Night,Back,Full Plane
08/03/2014,Singapore Airlines,Minor,7,238,Boeing 747,Fuel exhaustion,"Dubai, UAE",Snow,8335,337,23,Night,Back,Partial - Low Monetary Damage
08/01/2017,United,Severe,103,1,Bombardier CRJ900,Engine failure during takeoff,"Mumbai, India",Windy,5783,338,10,Night,Back,Full Plane
24/02/2014,American Airlines,Severe,105,226,Embraer 190,Mid-air collision,"Tokyo, Japan",Thunderstorm,37975,163,16,Night,Back,Full Plane
17/10/2023,United,Severe,149,296,Boeing 747,Bird strike,"New York, USA",Fog,4976,126,28,Night,Front,Partial - High Monetary Damage
19/04/2019,United,Severe,67,194,Boeing 777,Controlled flight into terrain,"New York, USA",Windy,16932,439,6,Daylight,Back,Partial - High Monetary Damage
09/10/2015,Turkish Airlines,Severe,118,15,Bombardier CRJ900,Fuel exhaustion,"Toronto, Canada",Fog,15982,124,32,Daylight,Back,Partial - High Monetary Damage
16/10/2015,Turkish Airlines,Severe,96,205,Airbus A380,Engine failure during takeoff,"Paris, France",Fog,870,156,38,Night,Back,Partial - High Monetary Damage
04/10/2016,United,Severe,298,47,Bombardier CRJ900,Severe turbulence,"Tokyo, Japan",Snow,30058,163,17,Daylight,Front,Partial - High Monetary Damage
03/05/2025,American Airlines,Severe,114,216,Boeing 777,Structural failure,"Toronto, Canada",Thunderstorm,1392,586,37,Daylight,Front,Partial - High Monetary Damage
01/09/2021,Air India,Severe,170,300,Boeing 737,Mid-air collision,"London, UK",Rain,23713,270,27,Night,Back,Full Plane
30/03/2016,Emirates,Minor,4,141,Airbus A380,Landing gear malfunction,"Paris, France",Rain,18645,429,17,Night,Back,Full Plane
28/07/2015,Lufthansa,Severe,71,57,Bombardier CRJ900,Fuel exhaustion,"New York, USA",Clear,31341,229,22,Night,Front,Full Plane
16/02/2024,American Airlines,Severe,141,108,Embraer 190,Pilot error,"Toronto, Canada",Fog,15941,336,20,Night,Back,Full Plane
18/08/2019,Lufthansa,Minor,1,186,Airbus A380,Bird strike,"Dubai, UAE",Snow,27612,332,39,Daylight,Front,Partial - Low Monetary Damage
11/10/2025,Delta,Minor,6,51,Boeing 777,Landing gear malfunction,"Dubai, UAE",Fog,3281,539,23,Night,Back,Partial - Low Monetary Damage
28/02/2022,Qatar Airways,Severe,238,87,Airbus A320,Bird strike,"London, UK",Rain,7472,217,40,Daylight,Back,Partial - High Monetary Damage
04/10/2019,Air India,Minor,3,277,Boeing 747,Pilot error,"London, UK",Fog,21926,492,23,Daylight,Back,Partial - High Monetary Damage
18/05/2021,Lufthansa,Severe,88,134,Airbus A350,Severe turbulence,"Paris, France",Fog,32298,247,30,Daylight,Back,Partial - High Monetary Damage
14/07/2012,Emirates,Minor,9,284,Boeing 747,Structural failure,"São Paulo, Brazil",Thunderstorm,38452,414,33,Daylight,Back,Full Plane
09/08/2012,Lufthansa,Minor,5,104,Airbus A320,Runway excursion,"Sydney, Australia",Thunderstorm,7490,592,8,Daylight,Front,Partial - Low Monetary Damage
02/09/2011,Singapore Airlines,Minor,6,194,Boeing 747,Pilot error,"Tokyo, Japan",Thunderstorm,5414,234,12,Night,Front,Partial - Low Monetary Damage
07/12/2016,Air India,Minor,6,160,Boeing 747,Bird strike,"New York, USA",Snow,21545,223,29,Daylight,Front,Full Plane
29/12/2014,British Airways,Minor,1,184,Embraer 190,Lightning strike,"São Paulo, Brazil",Snow,2434,439,13,Daylight,Front,Partial - High Monetary Damage
14/12/2014,American Airlines,Minor,10,186,Boeing 737,Engine failure during takeoff,"Toronto, Canada",Windy,6303,136,7,Daylight,Back,Partial - Low Monetary Damage
15/01/2011,American Airlines,Severe,120,275,Airbus A320,Controlled flight into terrain,"London, UK",Fog,2874,519,32,Daylight,Back,Full Plane
23/07/2019,Emirates,Severe,180,81,Airbus A320,Bird strike,"Sydney, Australia",Rain,4537,557,19,Daylight,Back,Full Plane
11/10/2015,Emirates,Minor,2,248,Airbus A380,Controlled flight into terrain,"Toronto, Canada",Fog,26015,437,10,Night,Front,Full Plane
19/07/2010,Air India,Minor,4,237,Boeing 747,Lightning strike,"Dubai, UAE",Thunderstorm,9921,234,29,Daylight,Front,Full Plane
28/07/2023,Delta,Severe,217,31,Boeing 747,Sabotage,"Dubai, UAE",Thunderstorm,27463,455,7,Night,Front,Full Plane
14/11/2025,Singapore Airlines,Severe,111,209,Airbus A380,Bird strike,"London, UK",Fog,584,374,34,Daylight,Front,Partial - Low Monetary Damage
28/08/2021,Qatar Airways,Minor,6,298,Boeing 777,Mid-air collision,"New York, USA",Snow,2013,347,15,Night,Front,Partial - High Monetary Damage
20/07/2010,Qatar Airways,Minor,4,67,Bombardier CRJ900,Mid-air collision,"Beijing, China",Windy,33024,168,9,Daylight,Back,Full Plane
10/03/2017,Turkish Airlines,Severe,189,69,Boeing 737,Pilot error,"Mumbai, India",Fog,2142,188,10,Night,Front,Full Plane
09/08/2022,Singapore Airlines,Minor,5,212,Boeing 777,Fuel exhaustion,"Beijing, China",Fog,8817,280,18,Night,Back,Partial - High Monetary Damage
17/03/2021,Turkish Airlines,Minor,1,56,Boeing 737,Severe turbulence,"Sydney, Australia",Windy,26301,582,2,Night,Front,Partial - High Monetary Damage
28/09/2020,United,Minor,7,191,Airbus A350,Severe turbulence,"London, UK",Snow,22849,287,11,Night,Back,Partial - High Monetary Damage
29/11/2011,British Airways,Minor,8,198,Embraer 190,Engine failure during takeoff,"Toronto, Canada",Rain,36734,339,14,Night,Front,Partial - High Monetary Damage
28/06/2017,British Airways,Severe,91,288,Airbus A350,Sabotage,"London, UK",Windy,37474,592,39,Daylight,Back,Partial - High Monetary Damage
12/02/2017,Air India,Minor,7,128,Boeing 737,Engine failure during takeoff,"Tokyo, Japan",Fog,13692,356,14,Daylight,Back,Partial - High Monetary Damage
03/10/2025,Turkish Airlines,Minor,10,14,Bombardier CRJ900,Lightning strike,"Dubai, UAE",Clear,17147,272,26,Night,Front,Full Plane
19/10/2017,Delta,Minor,5,222,Airbus A380,Engine failure during takeoff,"São Paulo, Brazil",Fog,30718,305,9,Daylight,Front,Full Plane
27/04/2023,Singapore Airlines,Minor,7,10,Boeing 777,Controlled flight into terrain,"London, UK",Fog,22037,230,31,Daylight,Back,Full Plane
19/02/2025,Qatar Airways,Severe,171,268,Airbus A320,Landing gear malfunction,"Toronto, Canada",Windy,39182,153,25,Night,Back,Full Plane
20/10/2024,British Airways,Severe,101,91,Boeing 747,Controlled flight into terrain,"New York, USA",Fog,29865,214,7,Daylight,Back,Full Plane
28/07/2025,Lufthansa,Minor,0,254,Embraer 190,Engine failure during takeoff,"Toronto, Canada",Clear,36458,275,30,Daylight,Back,Partial - High Monetary Damage
03/04/2011,Singapore Airlines,Minor,6,217,Boeing 747,Fuel exhaustion,"Beijing, China",Snow,13323,238,27,Daylight,Back,Full Plane
12/05/2024,British Airways,Severe,67,63,Boeing 747,Mid-air collision,"Beijing, China",Clear,14460,431,18,Night,Back,Full Plane
19/09/2018,Air India,Minor,4,9,Airbus A380,Engine failure during takeoff,"Paris, France",Rain,20882,594,2,Night,Front,Full Plane
01/09/2025,Air India,Minor,6,5,Embraer 190,Controlled flight into terrain,"Sydney, Australia",Windy,18941,474,18,Daylight,Front,Full Plane
29/09/2013,American Airlines,Minor,0,86,Airbus A350,Runway excursion,"New York, USA",Clear,33266,424,3,Daylight,Front,Partial - High Monetary Damage
19/10/2020,American Airlines,Minor,1,115,Airbus A320,Runway excursion,"Dubai, UAE",Clear,32793,349,18,Daylight,Front,Partial - Low Monetary Damage
26/11/2021,Turkish Airlines,Minor,7,181,Embraer 190,Landing gear malfunction,"Paris, France",Thunderstorm,13567,258,25,Daylight,Back,Partial - High Monetary Damage
28/09/2020,Emirates,Severe,221,39,Bombardier CRJ900,Runway excursion,"Beijing, China",Snow,23472,148,22,Daylight,Front,Full Plane
05/09/2023,Singapore Airlines,Minor,4,70,Airbus A380,Pilot error,"Beijing, China",Fog,32243,301,24,Night,Front,Full Plane
04/03/2011,United,Minor,1,13,Airbus A380,Mid-air collision,"Dubai, UAE",Fog,5849,373,7,Night,Back,Full Plane
07/11/2013,American Airlines,Minor,9,132,Airbus A350,Engine failure during takeoff,"Dubai, UAE",Fog,39329,268,6,Daylight,Back,Partial - High Monetary Damage
29/12/2017,United,Minor,6,187,Boeing 737,Bird strike,"Mumbai, India",Snow,12248,548,11,Night,Back,Partial - High Monetary Damage
11/12/2022,Lufthansa,Minor,4,300,Airbus A350,Severe turbulence,"Dubai, UAE",Rain,7064,432,36,Night,Back,Partial - Low Monetary Damage
13/03/2012,Delta,Minor,0,196,Airbus A350,Severe turbulence,"London, UK",Rain,18591,291,25,Daylight,Back,Partial - High Monetary Damage
07/06/2025,Singapore Airlines,Minor,0,298,Bombardier CRJ900,Landing gear malfunction,"Sydney, Australia",Fog,37385,339,15,Night,Back,Full Plane
29/05/2013,Qatar Airways,Severe,65,56,Airbus A380,Landing gear malfunction,"New York, USA",Fog,26405,209,33,Night,Back,Partial - High Monetary Damage
10/05/2010,Lufthansa,Minor,9,171,Airbus A350,Structural failure,"Dubai, UAE",Rain,30932,417,6,Night,Front,Full Plane
30/12/2025,United,Minor,2,240,Bombardier CRJ900,Mid-air collision,"Mumbai, India",Thunderstorm,37364,440,8,Night,Back,Partial - Low Monetary Damage
23/12/2015,United,Minor,5,105,Airbus A380,Bird strike,"Dubai, UAE",Windy,5982,260,2,Night,Back,Full Plane
02/10/2018,United,Severe,155,133,Embraer 190,Lightning strike,"Paris, France",Clear,16524,177,23,Daylight,Back,Partial - High Monetary Damage
13/04/2015,Air India,Severe,223,133,Boeing 737,Engine failure during takeoff,"Tokyo, Japan",Snow,25192,221,1,Night,Front,Partial - Low Monetary Damage
30/06/2020,Turkish Airlines,Severe,180,99,Airbus A320,Pilot error,"Beijing, China",Snow,15890,540,9,Night,Back,Partial - High Monetary Damage
10/10/2013,Delta,Severe,252,287,Airbus A320,Controlled flight into terrain,"London, UK",Snow,33119,174,9,Daylight,Back,Partial - High Monetary Damage
10/08/2012,Lufthansa,Severe,101,177,Boeing 777,Fuel exhaustion,"Dubai, UAE",Fog,27077,374,35,Daylight,Front,Partial - Low Monetary Damage
02/04/2019,British Airways,Minor,10,216,Airbus A380,Structural failure,"New York, USA",Snow,25384,287,39,Daylight,Back,Full Plane
02/01/2014,Air India,Minor,5,102,Embraer 190,Fuel exhaustion,"Tokyo, Japan",Clear,18588,594,11,Daylight,Front,Partial - High Monetary Damage
25/11/2018,Delta,Minor,9,104,Boeing 737,Lightning strike,"Beijing, China",Windy,15732,290,3,Night,Back,Partial - High Monetary Damage
13/11/2018,American Airlines,Minor,10,244,Airbus A380,Runway excursion,"Beijing, China",Thunderstorm,10208,278,31,Daylight,Back,Partial - High Monetary Damage
04/07/2010,American Airlines,Minor,6,183,Bombardier CRJ900,Runway excursion,"Toronto, Canada",Rain,1503,382,19,Night,Back,Partial - High Monetary Damage
08/11/2014,American Airlines,Minor,2,290,Embraer 190,Structural failure,"Toronto, Canada",Rain,13609,109,22,Daylight,Front,Full Plane
09/04/2013,Lufthansa,Severe,164,262,Airbus A320,Fuel exhaustion,"Dubai, UAE",Clear,6004,527,38,Night,Back,Full Plane
08/04/2014,Turkish Airlines,Severe,183,137,Airbus A320,Lightning strike,"Sydney, Australia",Rain,32430,496,23,Night,Back,Full Plane
08/04/2017,United,Minor,3,43,Bombardier CRJ900,Bird strike,"Tokyo, Japan",Rain,9090,445,11,Night,Back,Full Plane
30/05/2021,British Airways,Severe,210,124,Boeing 777,Severe turbulence,"New York, USA",Windy,26716,483,34,Night,Front,Full Plane
29/08/2016,Emirates,Minor,8,276,Airbus A380,Bird strike,"Paris, France",Rain,27740,398,9,Daylight,Front,Partial - High Monetary Damage
17/08/2011,Lufthansa,Severe,171,242,Airbus A380,Lightning strike,"Dubai, UAE",Fog,23911,502,29,Night,Front,Full Plane
02/01/2022,Emirates,Minor,7,270,Airbus A380,Sabotage,"Sydney, Australia",Thunderstorm,9584,595,27,Night,Front,Full Plane
24/02/2010,United,Severe,172,254,Airbus A350,Lightning strike,"Mumbai, India",Clear,33976,528,32,Night,Back,Full Plane
06/12/2013,Turkish Airlines,Severe,147,1,Airbus A320,Landing gear malfunction,"Mumbai, India",Thunderstorm,9305,276,31,Daylight,Back,Full Plane
18/12/2023,Turkish Airlines,Minor,5,57,Boeing 737,Pilot error,"London, UK",Rain,20340,348,18,Daylight,Front,Partial - Low Monetary Damage
02/03/2017,United,Minor,4,287,Boeing 747,Bird strike,"Paris, France",Thunderstorm,25745,482,12,Daylight,Front,Partial - High Monetary Damage
24/09/2017,United,Minor,0,264,Boeing 737,Landing gear malfunction,"Dubai, UAE",Snow,35305,406,14,Daylight,Front,Partial - High Monetary Damage
03/10/2024,Singapore Airlines,Minor,2,45,Embraer 190,Engine failure during takeoff,"Toronto, Canada",Windy,21828,254,40,Daylight,Front,Full Plane
21/11/2023,Emirates,Minor,3,44,Airbus A320,Mid-air collision,"Sydney, Australia",Snow,17292,526,14,Night,Front,Partial - High Monetary Damage
22/03/2023,Turkish Airlines,Severe,126,61,Boeing 747,Mid-air collision,"London, UK",Snow,38813,349,21,Night,Back,Partial - High Monetary Damage
26/09/2022,United,Minor,7,118,Bombardier CRJ900,Landing gear malfunction,"Toronto, Canada",Clear,10908,285,17,Daylight,Back,Full Plane
25/12/2020,Emirates,Minor,1,119,Airbus A380,Controlled flight into terrain,"Tokyo, Japan",Fog,32640,575,14,Night,Front,Full Plane
04/07/2020,United,Minor,4,242,Airbus A320,Bird strike,"Beijing, China",Snow,8423,356,15,Night,Back,Full Plane
06/02/2015,Qatar Airways,Minor,5,166,Airbus A350,Engine failure during takeoff,"São Paulo, Brazil",Fog,19011,150,30,Night,Front,Full Plane
19/03/2020,United,Minor,1,81,Airbus A380,Sabotage,"New York, USA",Clear,171,434,13,Daylight,Front,Partial - Low Monetary Damage
24/10/2022,Singapore Airlines,Severe,276,106,Airbus A320,Bird strike,"Dubai, UAE",Clear,2581,309,9,Night,Back,Partial - High Monetary Damage
22/05/2014,British Airways,Severe,99,103,Airbus A320,Structural failure,"Beijing, China",Clear,2253,306,29,Daylight,Back,Partial - High Monetary Damage
30/06/2023,Turkish Airlines,Minor,7,48,Boeing 747,Fuel exhaustion,"Mumbai, India",Windy,9256,122,34,Daylight,Front,Full Plane
19/01/2018,Turkish Airlines,Minor,4,136,Airbus A380,Fuel exhaustion,"Mumbai, India",Thunderstorm,1362,179,14,Night,Back,Full Plane
18/12/2020,Emirates,Minor,10,120,Boeing 737,Runway excursion,"Tokyo, Japan",Rain,35789,503,39,Daylight,Front,Full Plane
26/12/2022,Qatar Airways,Minor,0,85,Bombardier CRJ900,Bird strike,"São Paulo, Brazil",Fog,25632,559,27,Daylight,Front,Partial - Low Monetary Damage
31/01/2017,Delta,Minor,2,141,Boeing 747,Severe turbulence,"Mumbai, India",Fog,3252,565,38,Daylight,Back,Partial - Low Monetary Damage
07/10/2017,Lufthansa,Severe,186,41,Boeing 777,Pilot error,"London, UK",Windy,5659,371,12,Night,Front,Partial - High Monetary Damage
07/07/2011,American Airlines,Severe,215,226,Boeing 737,Structural failure,"Sydney, Australia",Fog,19935,495,6,Night,Back,Partial - High Monetary Damage
28/08/2022,Turkish Airlines,Severe,250,6,Bombardier CRJ900,Structural failure,"New York, USA",Fog,24706,565,23,Daylight,Front,Partial - High Monetary Damage
07/06/2024,American Airlines,Minor,2,238,Airbus A380,Engine failure during takeoff,"Dubai, UAE",Thunderstorm,1144,234,8,Daylight,Back,Partial - Low Monetary Damage
11/04/2013,American Airlines,Minor,6,50,Embraer 190,Sabotage,"London, UK",Windy,20947,421,3,Night,Back,Full Plane
19/09/2015,United,Severe,259,74,Airbus A350,Lightning strike,"London, UK",Windy,5637,427,1,Daylight,Front,Full Plane
16/02/2020,Lufthansa,Severe,141,250,Airbus A320,Bird strike,"Tokyo, Japan",Fog,38615,160,9,Night,Back,Partial - High Monetary Damage
17/01/2016,British Airways,Severe,254,257,Airbus A320,Engine failure during takeoff,"London, UK",Fog,1578,497,25,Daylight,Back,Partial - High Monetary Damage
20/04/2025,Turkish Airlines,Severe,258,248,Airbus A380,Structural failure,"Mumbai, India",Thunderstorm,36665,199,1,Daylight,Back,Partial - High Monetary Damage
01/12/2011,United,Severe,215,213,Boeing 747,Severe turbulence,"São Paulo, Brazil",Thunderstorm,22145,310,32,Daylight,Back,Partial - Low Monetary Damage
26/08/2011,Turkish Airlines,Minor,6,122,Boeing 737,Severe turbulence,"Tokyo, Japan",Thunderstorm,18337,185,29,Daylight,Back,Partial - Low Monetary Damage
12/06/2011,United,Severe,296,125,Embraer 190,Fuel exhaustion,"London, UK",Thunderstorm,13662,222,11,Night,Front,Partial - High Monetary Damage
02/10/2020,Turkish Airlines,Severe,137,261,Airbus A350,Bird strike,"Dubai, UAE",Fog,9387,209,5,Night,Front,Partial - Low Monetary Damage
23/02/2025,Singapore Airlines,Severe,96,248,Airbus A350,Mid-air collision,"Sydney, Australia",Fog,32473,479,17,Daylight,Front,Partial - High Monetary Damage
10/11/2014,Qatar Airways,Severe,195,20,Bombardier CRJ900,Sabotage,"São Paulo, Brazil",Clear,7506,476,13,Night,Front,Full Plane
13/10/2018,United,Severe,107,262,Boeing 777,Runway excursion,"Sydney, Australia",Thunderstorm,26256,435,17,Night,Front,Full Plane
24/03/2020,Air India,Minor,10,35,Boeing 737,Engine failure during takeoff,"Beijing, China",Windy,13298,502,34,Night,Front,Partial - Low Monetary Damage
08/04/2010,American Airlines,Minor,6,98,Airbus A320,Bird strike,"Tokyo, Japan",Snow,3736,592,25,Daylight,Front,Partial - High Monetary Damage
25/11/2014,Turkish Airlines,Minor,7,88,Boeing 737,Mid-air collision,"São Paulo, Brazil",Windy,12985,426,37,Daylight,Back,Partial - High Monetary Damage
08/12/2025,Turkish Airlines,Minor,5,88,Boeing 747,Landing gear malfunction,"Sydney, Australia",Clear,15366,254,25,Night,Back,Partial - Low Monetary Damage
01/11/2021,Delta,Severe,149,25,Airbus A380,Sabotage,"Beijing, China",Thunderstorm,20989,327,22,Daylight,Back,Full Plane
20/07/2019,Lufthansa,Severe,95,259,Boeing 777,Bird strike,"Toronto, Canada",Thunderstorm,27578,100,14,Night,Front,Full Plane
30/04/2013,British Airways,Minor,7,72,Boeing 777,Severe turbulence,"São Paulo, Brazil",Rain,14225,253,32,Daylight,Front,Full Plane
19/12/2017,British Airways,Minor,5,92,Airbus A380,Controlled flight into terrain,"Sydney, Australia",Windy,24994,109,5,Daylight,Back,Partial - High Monetary Damage
25/10/2018,United,Minor,4,27,Boeing 737,Lightning strike,"São Paulo, Brazil",Thunderstorm,39208,338,24,Daylight,Back,Partial - High Monetary Damage
23/08/2024,Delta,Minor,5,156,Boeing 777,Sabotage,"Sydney, Australia",Clear,13157,152,23,Daylight,Back,Full Plane
21/05/2020,Emirates,Minor,10,144,Airbus A380,Controlled flight into terrain,"Dubai, UAE",Thunderstorm,843,228,31,Daylight,Front,Full Plane
02/09/2019,Lufthansa,Severe,261,265,Airbus A380,Bird strike,"Paris, France",Clear,5859,305,16,Daylight,Back,Full Plane
02/05/2012,Singapore Airlines,Minor,4,150,Airbus A380,Severe turbulence,"Toronto, Canada",Fog,3815,513,8,Night,Back,Partial - High Monetary Damage
27/04/2012,Singapore Airlines,Minor,0,122,Boeing 777,Fuel exhaustion,"Sydney, Australia",Snow,3726,403,2,Night,Back,Partial - Low Monetary Damage
06/08/2013,British Airways,Severe,109,162,Boeing 747,Runway excursion,"New York, USA",Rain,2471,599,23,Daylight,Back,Partial - Low Monetary Damage
08/03/2018,United,Minor,4,57,Bombardier CRJ900,Severe turbulence,"New York, USA",Clear,38622,327,12,Night,Back,Partial - Low Monetary Damage
18/06/2022,Turkish Airlines,Severe,199,251,Boeing 737,Runway excursion,"São Paulo, Brazil",Fog,3435,424,1,Night,Back,Partial - Low Monetary Damage
17/07/2016,Delta,Minor,10,263,Bombardier CRJ900,Lightning strike,"São Paulo, Brazil",Thunderstorm,34493,466,36,Daylight,Back,Full Plane
06/08/2013,United,Minor,8,287,Airbus A380,Structural failure,"Beijing, China",Clear,39006,149,37,Daylight,Back,Full Plane
09/08/2014,American Airlines,Minor,9,50,Boeing 777,Sabotage,"Beijing, China",Rain,38577,230,36,Night,Front,Partial - High Monetary Damage
31/08/2014,Turkish Airlines,Severe,113,212,Boeing 737,Engine failure during takeoff,"Toronto, Canada",Snow,15387,473,13,Night,Back,Full Plane
08/09/2010,Turkish Airlines,Minor,9,130,Airbus A320,Controlled flight into terrain,"Beijing, China",Rain,4323,352,5,Night,Back,Partial - High Monetary Damage
29/04/2010,Emirates,Minor,7,300,Airbus A380,Fuel exhaustion,"New York, USA",Fog,36244,442,36,Night,Front,Full Plane
07/03/2022,Singapore Airlines,Minor,5,180,Airbus A350,Lightning strike,"São Paulo, Brazil",Snow,29056,402,30,Daylight,Front,Full Plane
18/12/2010,Singapore Airlines,Minor,9,243,Boeing 747,Severe turbulence,"Paris, France",Snow,34146,350,15,Night,Front,Partial - High Monetary Damage
09/02/2018,Delta,Minor,5,57,Embraer 190,Landing gear malfunction,"Toronto, Canada",Rain,7468,468,2,Daylight,Front,Full Plane
04/12/2018,Delta,Minor,5,17,Boeing 777,Severe turbulence,"São Paulo, Brazil",Fog,232,514,37,Night,Front,Full Plane
04/08/2015,American Airlines,Severe,110,148,Airbus A320,Severe turbulence,"London, UK",Windy,20297,512,24,Night,Front,Full Plane
20/09/2010,United,Minor,6,72,Boeing 777,Runway excursion,"Tokyo, Japan",Rain,34845,520,4,Night,Back,Partial - Low Monetary Damage
25/05/2021,Turkish Airlines,Minor,10,174,Bombardier CRJ900,Landing gear malfunction,"London, UK",Clear,2939,455,31,Daylight,Front,Partial - High Monetary Damage
08/09/2025,Singapore Airlines,Minor,4,8,Embraer 190,Mid-air collision,"Tokyo, Japan",Windy,11369,225,40,Daylight,Back,Partial - Low Monetary Damage
12/04/2013,Emirates,Minor,10,7,Boeing 737,Runway excursion,"New York, USA",Clear,34519,598,14,Night,Back,Full Plane
19/12/2022,British Airways,Minor,2,95,Boeing 777,Fuel exhaustion,"Toronto, Canada",Windy,15115,248,15,Daylight,Back,Partial - High Monetary Damage
22/09/2013,Singapore Airlines,Minor,2,261,Airbus A350,Fuel exhaustion,"Beijing, China",Thunderstorm,22015,163,30,Daylight,Front,Partial - Low Monetary Damage
03/02/2024,British Airways,Minor,10,150,Boeing 737,Runway excursion,"Tokyo, Japan",Windy,18263,384,29,Daylight,Back,Partial - High Monetary Damage
02/09/2015,Air India,Minor,0,84,Boeing 777,Runway excursion,"Tokyo, Japan",Rain,4225,278,15,Night,Back,Full Plane
19/04/2024,Emirates,Minor,9,68,Embraer 190,Severe turbulence,"Dubai, UAE",Windy,21961,465,7,Night,Front,Full Plane
13/07/2022,Singapore Airlines,Minor,4,140,Airbus A320,Sabotage,"London, UK",Clear,35635,263,9,Daylight,Back,Partial - High Monetary Damage
15/02/2013,British Airways,Severe,162,49,Airbus A320,Lightning strike,"Sydney, Australia",Fog,39330,392,40,Daylight,Back,Partial - Low Monetary Damage
20/06/2021,Lufthansa,Severe,58,255,Boeing 777,Fuel exhaustion,"Beijing, China",Thunderstorm,11777,274,31,Night,Back,Partial - High Monetary Damage
17/06/2020,American Airlines,Minor,5,22,Airbus A380,Lightning strike,"New York, USA",Rain,3314,121,13,Night,Front,Partial - High Monetary Damage
03/01/2015,British Airways,Minor,4,63,Airbus A320,Sabotage,"New York, USA",Clear,15080,365,18,Daylight,Front,Partial - High Monetary Damage
04/11/2013,Air India,Minor,4,276,Boeing 777,Structural failure,"Sydney, Australia",Windy,3235,464,6,Daylight,Back,Partial - High Monetary Damage
25/06/2012,Turkish Airlines,Minor,7,114,Embraer 190,Sabotage,"Tokyo, Japan",Windy,17203,210,20,Daylight,Back,Partial - High Monetary Damage
19/11/2010,Turkish Airlines,Severe,271,48,Airbus A320,Structural failure,"São Paulo, Brazil",Thunderstorm,14458,355,34,Night,Back,Full Plane
31/07/2020,Delta,Minor,6,122,Embraer 190,Bird strike,"Paris, France",Thunderstorm,29064,580,22,Daylight,Back,Full Plane
26/04/2025,British Airways,Minor,5,253,Airbus A380,Sabotage,"Sydney, Australia",Rain,27338,245,4,Night,Back,Partial - High Monetary Damage
13/09/2021,United,Severe,179,252,Boeing 777,Sabotage,"Tokyo, Japan",Snow,27832,290,11,Night,Front,Full Plane
08/10/2021,Qatar Airways,Minor,3,141,Boeing 747,Severe turbulence,"Dubai, UAE",Fog,5801,465,30,Daylight,Front,Partial - Low Monetary Damage
19/07/2014,American Airlines,Severe,206,107,Airbus A350,Landing gear malfunction,"Paris, France",Thunderstorm,15888,492,24,Daylight,Back,Partial - Low Monetary Damage
13/11/2011,Lufthansa,Severe,219,131,Bombardier CRJ900,Runway excursion,"Mumbai, India",Thunderstorm,27360,306,39,Night,Back,Partial - High Monetary Damage
08/11/2013,Delta,Minor,0,17,Boeing 777,Runway excursion,"Paris, France",Thunderstorm,25815,118,2,Night,Front,Full Plane
12/04/2024,Qatar Airways,Minor,1,114,Airbus A380,Engine failure during takeoff,"Beijing, China",Fog,11166,162,34,Night,Back,Full Plane
25/11/2019,Turkish Airlines,Severe,291,30,Bombardier CRJ900,Sabotage,"São Paulo, Brazil",Rain,34982,336,10,Daylight,Front,Partial - Low Monetary Damage
24/02/2015,Singapore Airlines,Severe,193,174,Embraer 190,Engine failure during takeoff,"Beijing, China",Snow,1620,113,27,Daylight,Back,Full Plane
29/07/2019,British Airways,Minor,10,242,Boeing 777,Fuel exhaustion,"São Paulo, Brazil",Clear,33544,197,35,Night,Back,Partial - Low Monetary Damage
02/12/2017,Qatar Airways,Minor,7,293,Bombardier CRJ900,Mid-air collision,"Sydney, Australia",Thunderstorm,5396,411,2,Daylight,Back,Partial - Low Monetary Damage
08/07/2016,Lufthansa,Minor,6,87,Boeing 747,Structural failure,"Beijing, China",Fog,9196,522,1,Night,Back,Partial - Low Monetary Damage
21/03/2022,Emirates,Minor,9,170,Airbus A350,Runway excursion,"Toronto, Canada",Clear,8985,298,39,Night,Back,Partial - High Monetary Damage
29/10/2017,Emirates,Severe,92,46,Boeing 747,Sabotage,"New York, USA",Clear,28120,151,4,Daylight,Back,Partial - Low Monetary Damage
08/05/2013,Turkish Airlines,Minor,7,254,Airbus A380,Lightning strike,"São Paulo, Brazil",Fog,34073,109,31,Daylight,Front,Full Plane
15/02/2014,Singapore Airlines,Minor,0,114,Boeing 737,Mid-air collision,"Dubai, UAE",Windy,4376,139,10,Night,Back,Partial - High Monetary Damage
22/01/2010,Delta,Minor,4,114,Airbus A380,Severe turbulence,"London, UK",Thunderstorm,22858,335,12,Night,Front,Partial - High Monetary Damage
02/08/2020,Singapore Airlines,Minor,3,125,Embraer 190,Runway excursion,"Paris, France",Fog,37491,278,2,Night,Back,Partial - Low Monetary Damage
31/12/2012,Emirates,Minor,8,177,Boeing 747,Landing gear malfunction,"Tokyo, Japan",Snow,19863,415,36,Night,Front,Partial - High Monetary Damage
23/02/2010,British Airways,Severe,188,266,Embraer 190,Lightning strike,"São Paulo, Brazil",Windy,30072,447,31,Night,Back,Partial - High Monetary Damage
09/06/2011,Lufthansa,Severe,134,58,Bombardier CRJ900,Bird strike,"Sydney, Australia",Rain,16805,115,6,Night,Front,Full Plane
04/11/2023,Air India,Minor,2,119,Airbus A320,Runway excursion,"Mumbai, India",Windy,30015,437,11,Daylight,Back,Partial - Low Monetary Damage
28/01/2020,British Airways,Minor,8,209,Airbus A320,Lightning strike,"Beijing, China",Thunderstorm,245,533,8,Daylight,Front,Full Plane
04/07/2010,Air India,Minor,7,256,Boeing 777,Structural failure,"Sydney, Australia",Rain,22772,120,34,Daylight,Front,Full Plane
06/05/2022,Delta,Minor,1,83,Boeing 737,Bird strike,"Dubai, UAE",Thunderstorm,14436,488,38,Night,Back,Partial - High Monetary Damage
13/08/2016,United,Minor,5,83,Airbus A380,Runway excursion,"Dubai, UAE",Windy,4826,153,18,Night,Front,Full Plane
02/02/2013,British Airways,Minor,8,24,Airbus A320,Pilot error,"New York, USA",Clear,5785,324,23,Daylight,Back,Partial - Low Monetary Damage
21/03/2022,Turkish Airlines,Minor,3,41,Bombardier CRJ900,Fuel exhaustion,"Dubai, UAE",Rain,2381,483,12,Daylight,Front,Full Plane
16/07/2020,Qatar Airways,Severe,119,171,Embraer 190,Pilot error,"London, UK",Snow,22862,118,16,Night,Back,Partial - Low Monetary Damage
07/09/2015,Qatar Airways,Minor,10,79,Boeing 777,Engine failure during takeoff,"Dubai, UAE",Thunderstorm,35945,581,39,Daylight,Back,Partial - High Monetary Damage
07/02/2025,Singapore Airlines,Minor,10,249,Boeing 737,Controlled flight into terrain,"Paris, France",Rain,13899,296,21,Daylight,Back,Partial - High Monetary Damage
23/07/2011,British Airways,Minor,4,214,Boeing 777,Severe turbulence,"Toronto, Canada",Rain,16024,335,37,Daylight,Back,Partial - Low Monetary Damage
19/10/2019,Turkish Airlines,Minor,3,283,Airbus A380,Runway excursion,"Dubai, UAE",Snow,548,393,27,Night,Back,Partial - High Monetary Damage
17/04/2025,Air India,Minor,0,188,Boeing 777,Bird strike,"New York, USA",Thunderstorm,28354,504,3,Night,Back,Full Plane
05/08/2013,Turkish Airlines,Severe,83,147,Airbus A380,Bird strike,"Mumbai, India",Windy,32584,430,9,Night,Back,Full Plane
28/12/2020,Qatar Airways,Minor,9,206,Boeing 737,Sabotage,"Mumbai, India",Snow,13290,238,16,Daylight,Back,Partial - Low Monetary Damage
02/10/2023,British Airways,Minor,9,89,Airbus A320,Structural failure,"New York, USA",Fog,39627,394,14,Night,Front,Partial - High Monetary Damage
29/08/2025,Lufthansa,Severe,226,41,Airbus A380,Bird strike,"Paris, France",Clear,29351,117,5,Daylight,Front,Partial - High Monetary Damage
23/08/2019,British Airways,Severe,219,47,Airbus A320,Engine failure during takeoff,"Paris, France",Snow,33019,350,21,Daylight,Front,Partial - Low Monetary Damage
11/09/2014,Singapore Airlines,Minor,7,197,Airbus A350,Engine failure during takeoff,"New York, USA",Fog,19019,378,40,Daylight,Front,Full Plane
11/02/2024,Singapore Airlines,Minor,3,231,Airbus A320,Bird strike,"New York, USA",Snow,9142,321,40,Night,Back,Partial - High Monetary Damage
15/11/2018,American Airlines,Minor,8,4,Boeing 747,Runway excursion,"New York, USA",Windy,6203,458,34,Daylight,Front,Partial - Low Monetary Damage
26/04/2017,United,Minor,5,27,Boeing 747,Mid-air collision,"New York, USA",Snow,36549,405,30,Night,Back,Full Plane
27/06/2011,Air India,Minor,4,213,Airbus A350,Lightning strike,"São Paulo, Brazil",Windy,38307,191,23,Daylight,Back,Partial - Low Monetary Damage
10/07/2013,Singapore Airlines,Severe,119,84,Boeing 777,Pilot error,"São Paulo, Brazil",Thunderstorm,8178,583,8,Daylight,Front,Partial - Low Monetary Damage
05/01/2024,Singapore Airlines,Severe,273,22,Boeing 777,Runway excursion,"Sydney, Australia",Windy,20212,370,30,Daylight,Back,Partial - High Monetary Damage
04/05/2017,American Airlines,Severe,266,263,Boeing 737,Bird strike,"Paris, France",Snow,9170,260,24,Daylight,Front,Full Plane
05/12/2017,Qatar Airways,Minor,2,70,Embraer 190,Controlled flight into terrain,"Beijing, China",Snow,27668,260,29,Night,Front,Partial - High Monetary Damage
12/06/2017,Qatar Airways,Minor,4,54,Bombardier CRJ900,Mid-air collision,"Sydney, Australia",Windy,39741,448,40,Daylight,Back,Full Plane
19/01/2012,Turkish Airlines,Severe,65,67,Airbus A380,Bird strike,"Toronto, Canada",Rain,15255,150,2,Night,Back,Partial - High Monetary Damage
08/05/2025,Air India,Severe,89,137,Boeing 777,Controlled flight into terrain,"Paris, France",Snow,31088,303,13,Night,Back,Full Plane
29/11/2025,British Airways,Minor,9,5,Airbus A380,Bird strike,"Tokyo, Japan",Clear,26751,562,11,Night,Front,Full Plane
09/06/2010,United,Minor,4,234,Airbus A320,Engine failure during takeoff,"London, UK",Rain,23329,460,13,Daylight,Back,Partial - High Monetary Damage
31/05/2010,Delta,Minor,8,193,Boeing 777,Pilot error,"Tokyo, Japan",Snow,1886,179,1,Night,Back,Partial - High Monetary Damage
25/02/2018,Lufthansa,Severe,245,221,Bombardier CRJ900,Severe turbulence,"New York, USA",Windy,6805,156,36,Night,Back,Full Plane
24/10/2011,American Airlines,Minor,0,145,Airbus A320,Pilot error,"New York, USA",Snow,26577,483,34,Daylight,Back,Partial - High Monetary Damage
23/09/2010,United,Minor,4,172,Embraer 190,Pilot error,"São Paulo, Brazil",Thunderstorm,31838,508,35,Daylight,Front,Full Plane
06/07/2021,Delta,Severe,228,109,Airbus A320,Structural failure,"São Paulo, Brazil",Clear,27993,286,4,Daylight,Front,Partial - High Monetary Damage
29/07/2012,Lufthansa,Minor,6,199,Airbus A350,Pilot error,"Tokyo, Japan",Snow,31387,396,28,Daylight,Back,Partial - High Monetary Damage
15/11/2023,Singapore Airlines,Minor,8,78,Bombardier CRJ900,Controlled flight into terrain,"Tokyo, Japan",Windy,6441,514,1,Night,Back,Full Plane
22/10/2016,British Airways,Severe,184,294,Boeing 777,Mid-air collision,"London, UK",Snow,33363,499,39,Daylight,Front,Full Plane
12/06/2025,Air India,Severe,148,65,Boeing 747,Sabotage,"London, UK",Rain,32456,221,19,Night,Back,Partial - Low Monetary Damage
23/01/2022,Singapore Airlines,Minor,10,59,Airbus A350,Bird strike,"Beijing, China",Rain,31373,440,5,Night,Back,Full Plane
28/09/2015,Turkish Airlines,Minor,9,125,Boeing 737,Sabotage,"London, UK",Clear,26091,381,30,Night,Front,Partial - High Monetary Damage
04/12/2025,Emirates,Severe,232,170,Boeing 737,Runway excursion,"Sydney, Australia",Rain,8209,494,22,Night,Back,Partial - High Monetary Damage
21/11/2012,United,Severe,295,22,Boeing 737,Sabotage,"New York, USA",Snow,34784,505,1,Night,Back,Partial - High Monetary Damage
21/11/2012,British Airways,Minor,8,51,Boeing 737,Severe turbulence,"New York, USA",Windy,35565,572,11,Daylight,Back,Partial - High Monetary Damage
18/08/2019,Emirates,Minor,10,53,Boeing 737,Severe turbulence,"Tokyo, Japan",Windy,14204,399,18,Daylight,Back,Partial - High Monetary Damage
17/11/2013,Delta,Minor,9,122,Boeing 737,Landing gear malfunction,"London, UK",Fog,26815,317,8,Daylight,Back,Full Plane
31/08/2014,United,Minor,0,138,Airbus A320,Fuel exhaustion,"Sydney, Australia",Fog,15478,327,15,Night,Front,Partial - High Monetary Damage
24/06/2025,American Airlines,Minor,8,131,Airbus A350,Lightning strike,"Tokyo, Japan",Thunderstorm,28340,305,2,Daylight,Back,Partial - Low Monetary Damage
26/01/2011,Turkish Airlines,Severe,232,193,Boeing 777,Lightning strike,"Dubai, UAE",Thunderstorm,35700,446,4,Daylight,Front,Partial - Low Monetary Damage
16/04/2010,British Airways,Minor,7,277,Airbus A320,Sabotage,"Paris, France",Rain,34469,227,29,Daylight,Back,Full Plane
15/09/2014,Delta,Minor,6,296,Airbus A320,Mid-air collision,"Dubai, UAE",Fog,23431,280,33,Daylight,Back,Partial - High Monetary Damage
21/05/2019,Delta,Minor,3,167,Airbus A380,Sabotage,"Toronto, Canada",Fog,1610,201,35,Daylight,Back,Full Plane
29/03/2010,Qatar Airways,Severe,277,13,Bombardier CRJ900,Engine failure during takeoff,"Paris, France",Fog,5752,504,28,Night,Front,Partial - High Monetary Damage
19/02/2020,Lufthansa,Severe,279,67,Airbus A320,Controlled flight into terrain,"Toronto, Canada",Windy,25985,319,32,Daylight,Front,Partial - Low Monetary Damage
07/01/2013,Air India,Minor,4,288,Bombardier CRJ900,Bird strike,"Tokyo, Japan",Fog,10581,349,23,Daylight,Back,Partial - High Monetary Damage
22/11/2012,Delta,Severe,290,42,Airbus A350,Sabotage,"São Paulo, Brazil",Snow,30139,222,34,Night,Front,Partial - High Monetary Damage
26/05/2015,Turkish Airlines,Minor,10,269,Boeing 737,Controlled flight into terrain,"Tokyo, Japan",Rain,26313,288,32,Daylight,Front,Partial - High Monetary Damage
24/03/2017,Emirates,Minor,2,146,Boeing 737,Sabotage,"Toronto, Canada",Thunderstorm,11265,550,21,Daylight,Back,Partial - Low Monetary Damage
10/11/2010,British Airways,Minor,7,260,Boeing 777,Engine failure during takeoff,"Tokyo, Japan",Clear,38805,444,22,Night,Back,Full Plane
11/06/2013,British Airways,Severe,92,299,Airbus A350,Bird strike,"New York, USA",Fog,10414,507,35,Night,Back,Partial - Low Monetary Damage
03/09/2024,Turkish Airlines,Minor,4,131,Airbus A350,Engine failure during takeoff,"Sydney, Australia",Clear,12063,282,22,Daylight,Back,Partial - High Monetary Damage
12/11/2021,Singapore Airlines,Minor,7,182,Embraer 190,Controlled flight into terrain,"New York, USA",Fog,27860,460,1,Daylight,Back,Full Plane
07/03/2015,Qatar Airways,Severe,256,139,Airbus A320,Mid-air collision,"São Paulo, Brazil",Windy,28328,369,38,Daylight,Front,Partial - High Monetary Damage
24/01/2010,Turkish Airlines,Minor,7,298,Boeing 747,Engine failure during takeoff,"Mumbai, India",Snow,28506,404,22,Night,Back,Partial - High Monetary Damage
27/10/2025,Emirates,Minor,1,142,Boeing 747,Pilot error,"Beijing, China",Snow,29088,308,37,Night,Back,Full Plane
09/04/2014,United,Minor,1,224,Boeing 747,Sabotage,"São Paulo, Brazil",Windy,33732,123,7,Daylight,Back,Full Plane
07/01/2025,American Airlines,Minor,5,72,Boeing 777,Sabotage,"London, UK",Snow,33743,350,20,Night,Front,Partial - High Monetary Damage
04/02/2016,American Airlines,Severe,164,180,Airbus A320,Bird strike,"São Paulo, Brazil",Windy,733,129,22,Daylight,Back,Full Plane
25/04/2025,Emirates,Minor,8,150,Boeing 777,Mid-air collision,"Sydney, Australia",Clear,37347,332,3,Night,Back,Full Plane
12/03/2013,Lufthansa,Minor,7,238,Bombardier CRJ900,Bird strike,"Toronto, Canada",Windy,12760,165,19,Daylight,Front,Partial - High Monetary Damage
07/05/2024,Singapore Airlines,Severe,99,75,Boeing 747,Bird strike,"Beijing, China",Clear,29330,168,40,Night,Back,Partial - High Monetary Damage
28/02/2016,Qatar Airways,Severe,172,28,Bombardier CRJ900,Sabotage,"Sydney, Australia",Rain,26023,373,29,Daylight,Back,Partial - High Monetary Damage
06/06/2014,Lufthansa,Minor,8,147,Airbus A320,Structural failure,"Paris, France",Snow,5611,375,12,Daylight,Back,Partial - Low Monetary Damage
31/03/2020,Emirates,Severe,71,250,Boeing 777,Structural failure,"New York, USA",Rain,25898,209,16,Night,Back,Full Plane
03/06/2017,Turkish Airlines,Severe,137,128,Boeing 777,Fuel exhaustion,"New York, USA",Snow,21290,238,26,Daylight,Back,Partial - Low Monetary Damage
04/08/2014,Singapore Airlines,Minor,6,156,Boeing 747,Bird strike,"New York, USA",Rain,11076,498,27,Daylight,Back,Partial - High Monetary Damage
18/11/2022,Singapore Airlines,Minor,1,64,Boeing 737,Sabotage,"Tokyo, Japan",Fog,12272,143,40,Night,Back,Partial - High Monetary Damage
28/07/2012,Lufthansa,Severe,264,55,Airbus A350,Severe turbulence,"Tokyo, Japan",Rain,36064,595,19,Daylight,Back,Partial - High Monetary Damage
02/10/2019,Turkish Airlines,Severe,276,229,Embraer 190,Mid-air collision,"São Paulo, Brazil",Clear,39467,209,26,Daylight,Back,Partial - High Monetary Damage
09/11/2022,United,Minor,6,184,Bombardier CRJ900,Fuel exhaustion,"Beijing, China",Clear,35243,218,9,Daylight,Back,Full Plane
05/03/2013,Emirates,Minor,2,210,Boeing 737,Sabotage,"Paris, France",Windy,39924,510,29,Daylight,Front,Partial - Low Monetary Damage
26/07/2022,Air India,Severe,66,118,Embraer 190,Mid-air collision,"Paris, France",Clear,44,276,12,Night,Front,Full Plane
04/09/2010,Lufthansa,Severe,239,291,Bombardier CRJ900,Engine failure during takeoff,"Sydney, Australia",Fog,30395,519,33,Daylight,Back,Partial - High Monetary Damage
06/08/2023,Emirates,Minor,7,131,Boeing 737,Bird strike,"London, UK",Windy,19099,154,28,Daylight,Back,Full Plane
05/07/2012,United,Severe,104,300,Boeing 737,Runway excursion,"London, UK",Thunderstorm,38062,485,22,Night,Front,Full Plane
28/04/2019,Delta,Minor,6,0,Boeing 737,Severe turbulence,"Paris, France",Thunderstorm,38255,199,7,Night,Front,Partial - High Monetary Damage
29/11/2025,Qatar Airways,Minor,7,134,Boeing 737,Landing gear malfunction,"Toronto, Canada",Windy,15849,413,35,Night,Back,Partial - High Monetary Damage
22/11/2018,British Airways,Severe,266,196,Boeing 747,Fuel exhaustion,"London, UK",Windy,20839,103,8,Daylight,Front,Partial - High Monetary Damage
17/12/2014,Air India,Severe,71,166,Airbus A380,Engine failure during takeoff,"London, UK",Fog,37067,138,19,Daylight,Back,Partial - High Monetary Damage
12/10/2012,British Airways,Minor,3,51,Embraer 190,Landing gear malfunction,"São Paulo, Brazil",Fog,35091,239,9,Daylight,Front,Partial - High Monetary Damage
20/06/2019,British Airways,Minor,8,145,Airbus A350,Pilot error,"London, UK",Fog,6958,197,3,Night,Front,Full Plane
25/07/2019,Turkish Airlines,Severe,234,154,Airbus A350,Landing gear malfunction,"Mumbai, India",Snow,8885,124,20,Night,Back,Full Plane
25/09/2023,Lufthansa,Minor,7,132,Airbus A320,Mid-air collision,"London, UK",Snow,21198,409,15,Daylight,Front,Partial - High Monetary Damage
25/08/2018,Singapore Airlines,Severe,100,156,Airbus A350,Engine failure during takeoff,"Tokyo, Japan",Windy,22373,339,36,Daylight,Back,Partial - High Monetary Damage
09/07/2022,Emirates,Minor,1,215,Boeing 747,Controlled flight into terrain,"São Paulo, Brazil",Rain,31235,566,18,Night,Back,Full Plane
27/07/2020,Delta,Severe,124,185,Boeing 777,Engine failure during takeoff,"Mumbai, India",Thunderstorm,31475,538,21,Night,Front,Full Plane
01/03/2025,Delta,Minor,0,248,Embraer 190,Fuel exhaustion,"Beijing, China",Rain,30464,258,3,Night,Front,Partial - High Monetary Damage
08/11/2016,Singapore Airlines,Minor,10,158,Embraer 190,Sabotage,"Mumbai, India",Fog,9980,184,17,Night,Back,Partial - High Monetary Damage
17/03/2010,Qatar Airways,Severe,105,264,Airbus A320,Lightning strike,"São Paulo, Brazil",Windy,28431,352,26,Daylight,Back,Partial - High Monetary Damage
31/07/2015,Singapore Airlines,Minor,1,34,Airbus A380,Mid-air collision,"Dubai, UAE",Fog,21149,425,10,Night,Back,Full Plane
18/08/2014,Turkish Airlines,Minor,9,149,Embraer 190,Structural failure,"Tokyo, Japan",Rain,39535,258,7,Daylight,Back,Full Plane
12/01/2010,Air India,Minor,1,162,Boeing 777,Structural failure,"Beijing, China",Thunderstorm,32506,599,32,Night,Front,Partial - High Monetary Damage
14/09/2015,Air India,Minor,6,81,Boeing 747,Structural failure,"Dubai, UAE",Windy,24915,414,25,Daylight,Back,Partial - High Monetary Damage
21/05/2018,Qatar Airways,Minor,6,162,Airbus A380,Fuel exhaustion,"New York, USA",Thunderstorm,19423,216,17,Daylight,Front,Partial - High Monetary Damage
31/03/2016,Lufthansa,Minor,6,68,Airbus A350,Landing gear malfunction,"Paris, France",Windy,1634,321,13,Daylight,Back,Full Plane
02/09/2015,Turkish Airlines,Minor,1,261,Airbus A350,Lightning strike,"Beijing, China",Snow,35982,307,19,Daylight,Back,Full Plane
11/06/2011,Lufthansa,Severe,158,261,Boeing 737,Severe turbulence,"New York, USA",Windy,12318,535,39,Night,Front,Full Plane
04/06/2010,American Airlines,Minor,2,273,Airbus A350,Lightning strike,"London, UK",Thunderstorm,36506,444,13,Night,Front,Full Plane
27/09/2018,British Airways,Minor,4,201,Boeing 747,Runway excursion,"Mumbai, India",Clear,24206,572,37,Daylight,Back,Partial - High Monetary Damage
26/03/2012,Turkish Airlines,Minor,10,152,Boeing 777,Mid-air collision,"Paris, France",Snow,34878,215,19,Night,Back,Partial - High Monetary Damage
11/10/2019,Emirates,Minor,10,194,Embraer 190,Bird strike,"Mumbai, India",Snow,1614,260,7,Night,Front,Partial - Low Monetary Damage
08/10/2018,Qatar Airways,Minor,6,162,Boeing 737,Severe turbulence,"Paris, France",Snow,20780,345,28,Daylight,Front,Full Plane
02/12/2015,United,Minor,9,8,Boeing 737,Controlled flight into terrain,"Beijing, China",Fog,1921,464,25,Daylight,Back,Full Plane
06/01/2023,British Airways,Severe,235,286,Bombardier CRJ900,Engine failure during takeoff,"Sydney, Australia",Fog,4747,495,29,Daylight,Back,Partial - High Monetary Damage
31/05/2020,Singapore Airlines,Minor,8,117,Boeing 737,Controlled flight into terrain,"Sydney, Australia",Fog,19064,472,17,Night,Back,Full Plane
05/02/2010,Delta,Minor,8,12,Embraer 190,Bird strike,"New York, USA",Thunderstorm,8178,390,3,Daylight,Back,Partial - High Monetary Damage
08/09/2010,Singapore Airlines,Severe,235,128,Airbus A380,Lightning strike,"Toronto, Canada",Snow,28889,311,29,Night,Front,Partial - Low Monetary Damage
19/05/2025,Delta,Minor,9,121,Airbus A380,Severe turbulence,"Mumbai, India",Windy,7167,326,36,Daylight,Back,Full Plane
05/04/2022,Singapore Airlines,Minor,10,42,Embraer 190,Landing gear malfunction,"Sydney, Australia",Snow,25397,493,36,Night,Front,Partial - High Monetary Damage
12/06/2016,Qatar Airways,Severe,237,243,Bombardier CRJ900,Controlled flight into terrain,"Tokyo, Japan",Windy,21604,519,27,Night,Back,Partial - Low Monetary Damage
04/07/2016,Air India,Severe,160,285,Airbus A350,Controlled flight into terrain,"Tokyo, Japan",Thunderstorm,31643,552,37,Daylight,Front,Partial - High Monetary Damage
06/06/2017,Delta,Minor,7,150,Boeing 737,Sabotage,"Tokyo, Japan",Clear,36138,132,33,Night,Front,Full Plane
22/05/2022,Singapore Airlines,Minor,6,79,Boeing 777,Severe turbulence,"Beijing, China",Rain,38188,586,24,Daylight,Back,Partial - Low Monetary Damage
14/08/2010,Qatar Airways,Minor,2,39,Boeing 777,Structural failure,"Beijing, China",Windy,12351,455,35,Night,Back,Partial - High Monetary Damage
28/03/2012,Singapore Airlines,Severe,289,121,Airbus A320,Pilot error,"Tokyo, Japan",Snow,37464,237,21,Daylight,Front,Partial - High Monetary Damage
20/05/2017,Turkish Airlines,Severe,238,50,Boeing 737,Landing gear malfunction,"Beijing, China",Rain,4585,366,29,Daylight,Back,Partial - High Monetary Damage
17/09/2024,Qatar Airways,Severe,69,114,Boeing 747,Lightning strike,"Sydney, Australia",Clear,9114,593,18,Daylight,Back,Partial - High Monetary Damage
18/02/2012,American Airlines,Severe,178,223,Boeing 737,Engine failure during takeoff,"Sydney, Australia",Thunderstorm,38681,111,40,Night,Front,Full Plane
26/12/2020,British Airways,Minor,2,255,Airbus A320,Bird strike,"Toronto, Canada",Snow,23100,200,5,Night,Back,Partial - High Monetary Damage
18/02/2019,Turkish Airlines,Severe,96,174,Embraer 190,Lightning strike,"Dubai, UAE",Clear,25983,460,6,Daylight,Back,Full Plane
18/09/2016,American Airlines,Minor,4,133,Boeing 747,Sabotage,"New York, USA",Thunderstorm,22997,493,4,Daylight,Back,Full Plane
15/03/2013,Lufthansa,Minor,7,269,Airbus A320,Runway excursion,"London, UK",Windy,6082,537,26,Daylight,Back,Partial - High Monetary Damage
05/01/2023,Air India,Minor,9,112,Boeing 737,Mid-air collision,"New York, USA",Clear,35021,598,28,Daylight,Front,Partial - High Monetary Damage
06/04/2019,American Airlines,Minor,10,109,Boeing 747,Severe turbulence,"São Paulo, Brazil",Windy,34922,556,30,Night,Back,Full Plane
20/07/2025,American Airlines,Severe,211,249,Boeing 747,Engine failure during takeoff,"Dubai, UAE",Fog,28927,441,10,Night,Back,Partial - Low Monetary Damage
24/10/2013,Turkish Airlines,Minor,2,248,Boeing 777,Pilot error,"Beijing, China",Windy,5261,105,28,Night,Front,Partial - High Monetary Damage
26/07/2021,Emirates,Minor,2,247,Bombardier CRJ900,Mid-air collision,"New York, USA",Windy,7480,440,19,Night,Back,Partial - Low Monetary Damage
30/01/2010,American Airlines,Minor,4,67,Bombardier CRJ900,Sabotage,"Dubai, UAE",Rain,20209,126,6,Night,Back,Full Plane
25/02/2023,Delta,Minor,7,225,Airbus A380,Runway excursion,"São Paulo, Brazil",Snow,34444,568,33,Daylight,Front,Partial - Low Monetary Damage
27/11/2012,Qatar Airways,Minor,6,62,Airbus A380,Pilot error,"London, UK",Windy,28084,333,29,Daylight,Front,Partial - Low Monetary Damage
19/08/2016,Delta,Minor,10,185,Embraer 190,Severe turbulence,"São Paulo, Brazil",Rain,2580,444,40,Daylight,Back,Partial - Low Monetary Damage
25/02/2012,British Airways,Minor,8,128,Airbus A380,Lightning strike,"Dubai, UAE",Thunderstorm,3675,469,16,Night,Front,Partial - Low Monetary Damage
01/09/2012,Lufthansa,Minor,6,77,Airbus A320,Landing gear malfunction,"Dubai, UAE",Rain,23662,216,38,Daylight,Back,Partial - High Monetary Damage
17/01/2018,Lufthansa,Severe,162,83,Embraer 190,Landing gear malfunction,"Paris, France",Thunderstorm,2856,511,29,Night,Back,Partial - High Monetary Damage
19/02/2010,Air India,Severe,60,131,Boeing 747,Bird strike,"São Paulo, Brazil",Windy,285,286,35,Night,Front,Partial - High Monetary Damage
16/02/2017,British Airways,Minor,10,59,Airbus A380,Bird strike,"Toronto, Canada",Snow,39548,496,40,Daylight,Back,Partial - Low Monetary Damage
29/05/2010,Air India,Severe,166,84,Boeing 777,Lightning strike,"Tokyo, Japan",Snow,12034,421,21,Daylight,Front,Partial - Low Monetary Damage
03/09/2024,Singapore Airlines,Minor,1,162,Airbus A320,Severe turbulence,"Beijing, China",Snow,17163,323,14,Daylight,Back,Full Plane
05/09/2023,Singapore Airlines,Minor,6,0,Boeing 777,Mid-air collision,"New York, USA",Rain,17679,531,30,Night,Front,Partial - Low Monetary Damage
24/02/2019,Emirates,Severe,265,104,Embraer 190,Severe turbulence,"Dubai, UAE",Thunderstorm,38952,286,31,Night,Back,Partial - High Monetary Damage
20/10/2023,Qatar Airways,Minor,7,269,Boeing 747,Landing gear malfunction,"Sydney, Australia",Clear,11858,387,4,Night,Front,Full Plane
09/11/2022,Lufthansa,Minor,1,107,Boeing 777,Structural failure,"Dubai, UAE",Windy,34265,516,5,Night,Front,Partial - High Monetary Damage
25/10/2025,Qatar Airways,Minor,10,140,Boeing 747,Engine failure during takeoff,"New York, USA",Rain,29308,178,11,Night,Back,Partial - High Monetary Damage
29/04/2019,Delta,Minor,4,50,Embraer 190,Runway excursion,"São Paulo, Brazil",Snow,36777,299,18,Night,Front,Partial - High Monetary Damage
19/03/2012,British Airways,Minor,8,95,Boeing 747,Engine failure during takeoff,"Mumbai, India",Thunderstorm,32196,522,37,Night,Back,Partial - High Monetary Damage
18/05/2014,Air India,Minor,10,147,Boeing 777,Fuel exhaustion,"São Paulo, Brazil",Windy,22910,112,14,Daylight,Back,Partial - Low Monetary Damage
27/09/2012,Delta,Minor,9,243,Boeing 737,Landing gear malfunction,"London, UK",Thunderstorm,30346,362,8,Night,Back,Partial - High Monetary Damage
26/05/2017,Singapore Airlines,Minor,5,70,Airbus A380,Runway excursion,"Toronto, Canada",Snow,3263,189,28,Night,Front,Partial - High Monetary Damage
23/08/2013,United,Minor,7,92,Embraer 190,Fuel exhaustion,"Beijing, China",Rain,15264,598,18,Night,Back,Full Plane
20/11/2025,American Airlines,Minor,9,117,Boeing 777,Landing gear malfunction,"Mumbai, India",Snow,1091,535,23,Night,Front,Full Plane
07/06/2017,Air India,Severe,86,233,Airbus A350,Landing gear malfunction,"Dubai, UAE",Thunderstorm,9259,275,39,Night,Front,Partial - High Monetary Damage
10/05/2018,Air India,Severe,135,74,Embraer 190,Structural failure,"Toronto, Canada",Fog,38643,192,34,Night,Front,Full Plane
02/08/2013,Lufthansa,Minor,7,22,Airbus A380,Engine failure during takeoff,"Paris, France",Windy,12856,585,10,Daylight,Back,Partial - High Monetary Damage
29/08/2025,Turkish Airlines,Minor,8,227,Airbus A320,Landing gear malfunction,"Mumbai, India",Snow,1180,442,17,Night,Front,Full Plane
27/06/2015,Qatar Airways,Severe,144,152,Boeing 747,Mid-air collision,"Paris, France",Fog,8093,312,16,Daylight,Front,Partial - Low Monetary Damage
14/08/2025,United,Minor,2,35,Boeing 747,Sabotage,"Sydney, Australia",Clear,6663,221,29,Daylight,Front,Full Plane
25/08/2013,Lufthansa,Severe,99,247,Airbus A320,Landing gear malfunction,"Beijing, China",Snow,9825,559,35,Night,Front,Partial - High Monetary Damage
26/12/2012,American Airlines,Severe,294,176,Bombardier CRJ900,Bird strike,"Dubai, UAE",Thunderstorm,22275,473,1,Night,Front,Full Plane
26/10/2024,Lufthansa,Minor,5,110,Boeing 737,Severe turbulence,"Paris, France",Fog,864,341,18,Daylight,Back,Partial - High Monetary Damage
25/05/2022,Lufthansa,Severe,88,244,Embraer 190,Lightning strike,"Mumbai, India",Fog,4181,514,29,Night,Front,Partial - High Monetary Damage
29/01/2011,Lufthansa,Minor,9,25,Boeing 747,Runway excursion,"Toronto, Canada",Thunderstorm,33238,402,1,Night,Front,Partial - High Monetary Damage
11/04/2017,Qatar Airways,Minor,8,26,Embraer 190,Landing gear malfunction,"New York, USA",Clear,25652,584,19,Night,Front,Full Plane
15/04/2021,Lufthansa,Minor,0,219,Boeing 777,Fuel exhaustion,"New York, USA",Clear,2367,235,3,Daylight,Back,Full Plane
19/04/2022,Lufthansa,Minor,0,120,Airbus A350,Fuel exhaustion,"Beijing, China",Snow,32335,462,31,Daylight,Back,Full Plane
01/05/2014,Lufthansa,Severe,250,82,Airbus A350,Engine failure during takeoff,"London, UK",Clear,18037,498,38,Daylight,Front,Partial - Low Monetary Damage
24/03/2020,Lufthansa,Minor,9,120,Boeing 747,Pilot error,"Dubai, UAE",Snow,11201,509,13,Daylight,Front,Full Plane
13/07/2024,Turkish Airlines,Severe,98,285,Boeing 737,Lightning strike,"Tokyo, Japan",Fog,37461,134,25,Daylight,Back,Partial - High Monetary Damage
25/12/2019,Air India,Minor,4,284,Boeing 777,Pilot error,"London, UK",Thunderstorm,1504,172,23,Daylight,Front,Full Plane
06/04/2024,United,Minor,1,250,Embraer 190,Pilot error,"São Paulo, Brazil",Clear,26312,553,5,Night,Back,Full Plane
27/10/2016,Delta,Minor,3,233,Airbus A380,Pilot error,"Dubai, UAE",Thunderstorm,39369,359,33,Daylight,Back,Full Plane
10/04/2015,Delta,Severe,248,107,Airbus A350,Controlled flight into terrain,"São Paulo, Brazil",Thunderstorm,22585,542,29,Daylight,Front,Full Plane
05/11/2017,Delta,Severe,163,115,Airbus A350,Engine failure during takeoff,"Mumbai, India",Fog,9780,490,24,Night,Front,Partial - Low Monetary Damage
30/01/2016,American Airlines,Minor,3,190,Boeing 777,Structural failure,"London, UK",Clear,11872,367,26,Daylight,Front,Full Plane
15/04/2011,Turkish Airlines,Minor,4,81,Boeing 747,Landing gear malfunction,"São Paulo, Brazil",Clear,10620,299,38,Night,Back,Full Plane
08/09/2025,Emirates,Minor,5,49,Airbus A380,Landing gear malfunction,"London, UK",Thunderstorm,14880,319,12,Daylight,Back,Partial - High Monetary Damage
29/12/2025,Singapore Airlines,Minor,4,0,Boeing 737,Mid-air collision,"Sydney, Australia",Rain,12388,580,28,Night,Front,Full Plane
12/11/2016,Emirates,Minor,2,271,Airbus A320,Controlled flight into terrain,"London, UK",Rain,26743,398,38,Daylight,Front,Full Plane
22/02/2021,American Airlines,Severe,123,174,Bombardier CRJ900,Pilot error,"Dubai, UAE",Rain,39631,153,9,Daylight,Front,Full Plane
28/01/2019,Air India,Minor,7,271,Embraer 190,Lightning strike,"Mumbai, India",Windy,13816,145,4,Night,Back,Partial - High Monetary Damage
29/11/2013,Turkish Airlines,Severe,263,96,Boeing 747,Mid-air collision,"Mumbai, India",Thunderstorm,7803,514,15,Daylight,Back,Full Plane
16/08/2017,Air India,Minor,1,235,Embraer 190,Sabotage,"Tokyo, Japan",Windy,36752,164,11,Night,Back,Partial - Low Monetary Damage
03/03/2025,American Airlines,Minor,1,187,Boeing 747,Mid-air collision,"New York, USA",Snow,1027,444,31,Daylight,Front,Partial - High Monetary Damage
14/06/2014,Turkish Airlines,Severe,138,182,Boeing 747,Lightning strike,"Beijing, China",Thunderstorm,25194,165,14,Daylight,Front,Partial - Low Monetary Damage
13/05/2023,Qatar Airways,Minor,5,279,Boeing 737,Landing gear malfunction,"Sydney, Australia",Rain,11019,589,22,Night,Front,Partial - High Monetary Damage
02/03/2018,American Airlines,Minor,8,91,Airbus A380,Fuel exhaustion,"London, UK",Rain,2742,200,32,Night,Front,Partial - Low Monetary Damage
18/01/2011,United,Minor,2,212,Airbus A320,Engine failure during takeoff,"New York, USA",Thunderstorm,893,507,8,Night,Front,Partial - High Monetary Damage
22/05/2012,Singapore Airlines,Minor,2,115,Airbus A350,Pilot error,"New York, USA",Windy,32668,510,10,Night,Back,Partial - Low Monetary Damage
14/12/2011,Qatar Airways,Minor,1,81,Airbus A380,Controlled flight into terrain,"Toronto, Canada",Snow,12816,185,24,Night,Front,Partial - Low Monetary Damage
06/08/2012,British Airways,Severe,192,44,Boeing 777,Lightning strike,"Tokyo, Japan",Thunderstorm,1298,138,25,Daylight,Back,Full Plane
24/05/2017,Lufthansa,Minor,1,270,Boeing 747,Landing gear malfunction,"Dubai, UAE",Rain,8919,235,31,Night,Back,Full Plane
27/07/2013,Turkish Airlines,Severe,261,143,Airbus A350,Bird strike,"Paris, France",Rain,17149,420,12,Night,Back,Full Plane
13/04/2017,United,Minor,9,189,Boeing 777,Structural failure,"New York, USA",Rain,11322,436,5,Night,Back,Partial - High Monetary Damage
01/03/2017,Emirates,Minor,5,51,Bombardier CRJ900,Mid-air collision,"Beijing, China",Thunderstorm,25224,185,10,Daylight,Front,Full Plane
12/05/2021,Singapore Airlines,Minor,1,31,Boeing 737,Bird strike,"Sydney, Australia",Rain,27752,265,16,Daylight,Front,Full Plane
20/05/2025,British Airways,Minor,7,285,Airbus A350,Bird strike,"Sydney, Australia",Clear,9102,543,1,Daylight,Front,Full Plane
07/10/2019,American Airlines,Minor,1,267,Boeing 737,Landing gear malfunction,"New York, USA",Fog,17010,181,2,Night,Front,Full Plane
27/01/2014,Singapore Airlines,Severe,250,177,Boeing 747,Bird strike,"New York, USA",Rain,37631,512,36,Daylight,Front,Full Plane
20/05/2020,Emirates,Severe,204,259,Boeing 737,Landing gear malfunction,"London, UK",Thunderstorm,29571,293,22,Night,Front,Partial - High Monetary Damage
28/12/2019,Singapore Airlines,Minor,0,288,Boeing 747,Severe turbulence,"Dubai, UAE",Thunderstorm,23821,142,30,Night,Front,Full Plane
17/10/2025,Air India,Minor,7,296,Airbus A380,Severe turbulence,"São Paulo, Brazil",Rain,15677,572,33,Daylight,Back,Partial - High Monetary Damage
09/03/2022,British Airways,Severe,260,264,Airbus A380,Pilot error,"Paris, France",Clear,30773,155,37,Night,Back,Partial - High Monetary Damage
21/05/2022,United,Minor,0,47,Airbus A380,Bird strike,"São Paulo, Brazil",Clear,18892,399,23,Night,Back,Full Plane
27/01/2022,American Airlines,Severe,161,270,Airbus A380,Pilot error,"Dubai, UAE",Clear,1630,350,38,Daylight,Back,Partial - Low Monetary Damage
22/12/2013,Delta,Severe,166,62,Airbus A350,Mid-air collision,"Toronto, Canada",Thunderstorm,21406,504,8,Night,Back,Partial - High Monetary Damage
06/01/2019,Singapore Airlines,Severe,170,51,Airbus A380,Landing gear malfunction,"London, UK",Snow,32428,428,24,Daylight,Front,Partial - Low Monetary Damage
27/11/2010,American Airlines,Severe,217,138,Boeing 747,Controlled flight into terrain,"New York, USA",Thunderstorm,6030,379,15,Daylight,Front,Full Plane
16/12/2014,Air India,Minor,6,92,Airbus A350,Bird strike,"London, UK",Rain,18159,390,10,Night,Back,Partial - High Monetary Damage
07/11/2011,Emirates,Minor,10,287,Airbus A320,Sabotage,"Dubai, UAE",Snow,19993,512,20,Daylight,Front,Full Plane
26/12/2019,Emirates,Minor,9,61,Embraer 190,Fuel exhaustion,"Paris, France",Thunderstorm,25626,600,12,Night,Front,Partial - Low Monetary Damage
13/03/2016,Lufthansa,Minor,3,254,Airbus A380,Controlled flight into terrain,"Dubai, UAE",Snow,39161,175,22,Night,Back,Full Plane
03/12/2021,British Airways,Minor,1,286,Boeing 777,Runway excursion,"Tokyo, Japan",Fog,24083,531,25,Night,Back,Full Plane
07/03/2023,Turkish Airlines,Minor,3,120,Airbus A320,Sabotage,"Sydney, Australia",Rain,26739,270,25,Daylight,Back,Partial - Low Monetary Damage
03/06/2010,Delta,Minor,1,146,Airbus A320,Fuel exhaustion,"London, UK",Windy,32508,514,2,Daylight,Front,Partial - Low Monetary Damage
04/05/2015,Air India,Minor,6,69,Airbus A320,Pilot error,"Mumbai, India",Clear,16758,416,1,Daylight,Back,Partial - High Monetary Damage
12/06/2010,Air India,Minor,4,1,Bombardier CRJ900,Controlled flight into terrain,"London, UK",Rain,3257,542,38,Daylight,Back,Full Plane
18/09/2015,Turkish Airlines,Minor,5,210,Bombardier CRJ900,Bird strike,"Dubai, UAE",Clear,24931,256,35,Daylight,Front,Partial - High Monetary Damage
17/01/2018,Qatar Airways,Minor,3,130,Airbus A320,Severe turbulence,"New York, USA",Thunderstorm,35569,301,1,Night,Back,Partial - High Monetary Damage
20/12/2021,United,Minor,8,97,Boeing 737,Controlled flight into terrain,"Beijing, China",Thunderstorm,32305,600,22,Daylight,Back,Full Plane
20/05/2021,Singapore Airlines,Severe,100,102,Airbus A380,Runway excursion,"São Paulo, Brazil",Rain,13649,488,32,Night,Front,Partial - High Monetary Damage
27/02/2010,Qatar Airways,Severe,99,163,Airbus A380,Runway excursion,"Mumbai, India",Rain,23716,488,35,Daylight,Back,Partial - High Monetary Damage
07/11/2025,Lufthansa,Severe,152,173,Airbus A320,Controlled flight into terrain,"New York, USA",Rain,19918,263,14,Night,Back,Partial - Low Monetary Damage
20/04/2023,Qatar Airways,Severe,277,96,Airbus A380,Engine failure during takeoff,"Toronto, Canada",Clear,16590,331,27,Daylight,Front,Partial - High Monetary Damage
24/07/2020,American Airlines,Minor,4,158,Bombardier CRJ900,Runway excursion,"Sydney, Australia",Fog,24423,593,39,Night,Front,Full Plane
22/08/2012,Turkish Airlines,Severe,91,100,Airbus A380,Sabotage,"Sydney, Australia",Fog,14343,235,3,Daylight,Front,Partial - High Monetary Damage
11/03/2022,Air India,Minor,5,96,Boeing 777,Structural failure,"Mumbai, India",Rain,16671,422,14,Daylight,Front,Partial - Low Monetary Damage
08/09/2019,Air India,Minor,5,145,Embraer 190,Lightning strike,"Paris, France",Rain,21646,422,2,Night,Back,Partial - Low Monetary Damage
07/07/2011,United,Severe,52,288,Airbus A350,Controlled flight into terrain,"Beijing, China",Rain,4298,239,13,Daylight,Back,Partial - High Monetary Damage
10/12/2016,American Airlines,Minor,3,232,Airbus A380,Lightning strike,"Beijing, China",Clear,18395,293,18,Night,Front,Partial - Low Monetary Damage
11/12/2012,British Airways,Minor,5,50,Boeing 737,Severe turbulence,"Sydney, Australia",Snow,24957,568,5,Daylight,Front,Partial - Low Monetary Damage
29/12/2013,Lufthansa,Severe,112,227,Embraer 190,Sabotage,"New York, USA",Snow,28123,290,16,Daylight,Back,Full Plane
31/08/2023,British Airways,Severe,112,65,Boeing 737,Lightning strike,"Beijing, China",Snow,35977,458,26,Daylight,Front,Partial - Low Monetary Damage
09/12/2014,Air India,Severe,227,6,Airbus A320,Landing gear malfunction,"Dubai, UAE",Thunderstorm,35157,209,22,Night,Front,Partial - High Monetary Damage
03/04/2018,Air India,Minor,2,138,Airbus A320,Bird strike,"Dubai, UAE",Rain,27448,192,13,Night,Back,Partial - Low Monetary Damage
04/10/2025,British Airways,Minor,1,25,Bombardier CRJ900,Controlled flight into terrain,"Toronto, Canada",Clear,23195,291,9,Night,Front,Full Plane
14/05/2017,Qatar Airways,Minor,0,289,Airbus A350,Mid-air collision,"Sydney, Australia",Fog,33692,451,38,Night,Back,Full Plane
10/07/2025,American Airlines,Minor,1,110,Embraer 190,Sabotage,"Paris, France",Fog,13017,519,33,Night,Front,Full Plane
13/08/2016,United,Minor,2,94,Airbus A320,Pilot error,"Beijing, China",Fog,17541,262,21,Night,Back,Full Plane
26/10/2024,Turkish Airlines,Minor,5,149,Bombardier CRJ900,Sabotage,"Sydney, Australia",Snow,33205,243,28,Night,Back,Partial - High Monetary Damage
05/03/2018,United,Severe,292,75,Embraer 190,Severe turbulence,"New York, USA",Thunderstorm,12995,246,35,Daylight,Front,Partial - High Monetary Damage
17/05/2023,Turkish Airlines,Minor,4,141,Boeing 737,Controlled flight into terrain,"London, UK",Snow,19442,573,18,Night,Front,Partial - Low Monetary Damage
23/01/2014,Lufthansa,Minor,6,100,Boeing 737,Lightning strike,"Tokyo, Japan",Thunderstorm,36802,139,40,Night,Back,Full Plane
06/01/2011,Delta,Minor,7,16,Boeing 777,Lightning strike,"London, UK",Clear,14984,156,39,Daylight,Back,Partial - Low Monetary Damage
24/04/2017,Qatar Airways,Severe,133,12,Airbus A380,Controlled flight into terrain,"Mumbai, India",Snow,23145,366,29,Night,Front,Partial - High Monetary Damage
28/11/2017,Lufthansa,Severe,246,41,Boeing 737,Landing gear malfunction,"Paris, France",Fog,35850,149,29,Daylight,Back,Partial - Low Monetary Damage
22/08/2022,Singapore Airlines,Minor,9,235,Boeing 737,Pilot error,"New York, USA",Rain,28112,508,2,Night,Back,Partial - Low Monetary Damage
15/02/2019,British Airways,Minor,1,115,Airbus A320,Mid-air collision,"Mumbai, India",Thunderstorm,10487,495,32,Night,Front,Partial - Low Monetary Damage
08/12/2019,British Airways,Minor,4,57,Airbus A350,Mid-air collision,"Toronto, Canada",Clear,27295,452,3,Daylight,Back,Partial - Low Monetary Damage
16/03/2017,Lufthansa,Minor,9,192,Embraer 190,Runway excursion,"Paris, France",Windy,32409,372,28,Night,Front,Partial - High Monetary Damage
24/12/2019,United,Minor,9,98,Airbus A320,Fuel exhaustion,"Beijing, China",Clear,14144,440,3,Night,Back,Full Plane
14/02/2021,United,Minor,10,113,Boeing 777,Mid-air collision,"Toronto, Canada",Thunderstorm,28454,535,2,Night,Back,Partial - High Monetary Damage
13/06/2023,American Airlines,Minor,9,68,Boeing 737,Bird strike,"Dubai, UAE",Clear,25666,491,32,Night,Back,Full Plane
15/08/2023,Emirates,Severe,141,150,Airbus A380,Sabotage,"Beijing, China",Fog,19642,563,18,Night,Front,Full Plane
25/12/2011,United,Minor,9,116,Embraer 190,Pilot error,"Paris, France",Thunderstorm,33920,456,25,Night,Back,Partial - High Monetary Damage
26/05/2012,British Airways,Minor,7,1,Airbus A350,Structural failure,"Mumbai, India",Fog,20525,275,7,Daylight,Front,Full Plane
07/04/2025,American Airlines,Minor,7,264,Bombardier CRJ900,Bird strike,"São Paulo, Brazil",Clear,15750,143,18,Night,Front,Partial - High Monetary Damage
24/03/2014,United,Severe,60,254,Bombardier CRJ900,Fuel exhaustion,"Sydney, Australia",Snow,10109,209,16,Daylight,Back,Partial - Low Monetary Damage
28/01/2020,Singapore Airlines,Severe,109,87,Boeing 747,Controlled flight into terrain,"London, UK",Rain,1920,295,16,Daylight,Back,Partial - High Monetary Damage
16/04/2023,Singapore Airlines,Severe,74,156,Boeing 747,Engine failure during takeoff,"Toronto, Canada",Rain,30193,571,29,Daylight,Front,Full Plane
19/04/2022,Air India,Severe,229,130,Airbus A320,Fuel exhaustion,"Sydney, Australia",Fog,30982,330,3,Night,Back,Full Plane
05/01/2015,American Airlines,Minor,7,245,Embraer 190,Runway excursion,"São Paulo, Brazil",Fog,23915,196,4,Daylight,Back,Partial - High Monetary Damage
31/05/2010,Qatar Airways,Severe,50,257,Boeing 737,Mid-air collision,"Dubai, UAE",Snow,34375,361,18,Night,Back,Partial - Low Monetary Damage
23/11/2025,Qatar Airways,Minor,5,122,Airbus A380,Mid-air collision,"Dubai, UAE",Windy,30867,594,38,Night,Back,Full Plane
07/11/2016,Singapore Airlines,Minor,6,293,Embraer 190,Mid-air collision,"Mumbai, India",Thunderstorm,299,109,6,Daylight,Back,Partial - High Monetary Damage
07/06/2017,Turkish Airlines,Minor,8,14,Airbus A350,Pilot error,"London, UK",Clear,33285,451,32,Night,Front,Partial - High Monetary Damage
28/06/2020,Emirates,Severe,218,248,Airbus A350,Mid-air collision,"Dubai, UAE",Fog,39908,273,20,Daylight,Front,Partial - High Monetary Damage
27/03/2019,British Airways,Minor,2,60,Boeing 777,Engine failure during takeoff,"Toronto, Canada",Clear,19053,173,19,Daylight,Back,Partial - Low Monetary Damage
15/03/2013,Delta,Minor,5,69,Boeing 737,Sabotage,"Dubai, UAE",Windy,15971,129,13,Daylight,Front,Full Plane
02/12/2019,United,Minor,8,42,Airbus A320,Mid-air collision,"Sydney, Australia",Rain,10424,205,25,Night,Back,Partial - High Monetary Damage
11/08/2015,Emirates,Minor,3,85,Boeing 747,Severe turbulence,"Toronto, Canada",Windy,26772,382,36,Daylight,Back,Full Plane
17/04/2017,Lufthansa,Severe,97,187,Airbus A320,Severe turbulence,"New York, USA",Clear,39982,522,29,Night,Front,Partial - High Monetary Damage
25/04/2025,Qatar Airways,Severe,60,253,Airbus A320,Sabotage,"São Paulo, Brazil",Snow,36756,431,6,Night,Back,Full Plane
02/05/2012,American Airlines,Minor,1,276,Boeing 747,Fuel exhaustion,"Sydney, Australia",Snow,14315,429,25,Night,Back,Partial - High Monetary Damage
20/12/2011,Delta,Minor,4,221,Airbus A320,Controlled flight into terrain,"Sydney, Australia",Windy,16503,376,16,Night,Back,Partial - High Monetary Damage
23/09/2018,American Airlines,Minor,3,39,Boeing 747,Runway excursion,"Sydney, Australia",Snow,19711,151,33,Daylight,Front,Partial - High Monetary Damage
05/01/2010,Air India,Minor,5,25,Airbus A380,Structural failure,"Mumbai, India",Fog,15981,453,30,Daylight,Back,Partial - High Monetary Damage
29/04/2022,Qatar Airways,Severe,128,75,Airbus A380,Landing gear malfunction,"Sydney, Australia",Clear,28221,403,28,Night,Front,Partial - High Monetary Damage
14/10/2022,Air India,Minor,5,155,Embraer 190,Engine failure during takeoff,"Dubai, UAE",Snow,39129,210,12,Daylight,Back,Partial - High Monetary Damage
31/12/2017,Air India,Severe,149,57,Bombardier CRJ900,Fuel exhaustion,"Dubai, UAE",Rain,22099,327,6,Daylight,Back,Full Plane
25/11/2021,Singapore Airlines,Minor,3,291,Airbus A350,Sabotage,"Beijing, China",Windy,35099,528,23,Night,Front,Full Plane
18/10/2022,Singapore Airlines,Minor,6,257,Boeing 737,Pilot error,"London, UK",Clear,2075,587,31,Night,Front,Partial - Low Monetary Damage
04/06/2020,Qatar Airways,Severe,273,91,Boeing 777,Fuel exhaustion,"Tokyo, Japan",Fog,23332,469,32,Daylight,Front,Partial - Low Monetary Damage
16/11/2010,Air India,Minor,7,241,Embraer 190,Structural failure,"Toronto, Canada",Rain,1558,319,20,Night,Front,Partial - High Monetary Damage
12/06/2012,Emirates,Minor,9,83,Airbus A380,Sabotage,"Sydney, Australia",Windy,20027,362,1,Daylight,Front,Partial - High Monetary Damage
26/10/2017,British Airways,Minor,8,143,Boeing 777,Landing gear malfunction,"São Paulo, Brazil",Snow,20914,254,21,Night,Back,Partial - High Monetary Damage
14/10/2024,Delta,Minor,8,148,Boeing 777,Sabotage,"Toronto, Canada",Clear,3904,499,17,Night,Front,Partial - High Monetary Damage
07/10/2013,Air India,Severe,225,184,Airbus A380,Lightning strike,"São Paulo, Brazil",Snow,23670,151,24,Night,Back,Partial - High Monetary Damage
27/01/2014,Turkish Airlines,Minor,3,90,Boeing 777,Controlled flight into terrain,"Beijing, China",Thunderstorm,2089,374,33,Daylight,Front,Partial - Low Monetary Damage
10/08/2012,Lufthansa,Severe,161,19,Airbus A320,Pilot error,"Tokyo, Japan",Windy,39051,498,28,Daylight,Front,Partial - High Monetary Damage
08/08/2014,Turkish Airlines,Minor,8,225,Airbus A380,Structural failure,"Beijing, China",Clear,11460,559,28,Night,Back,Partial - Low Monetary Damage
09/07/2014,Turkish Airlines,Severe,160,196,Bombardier CRJ900,Fuel exhaustion,"Toronto, Canada",Snow,34865,243,8,Daylight,Front,Partial - Low Monetary Damage
02/07/2018,Singapore Airlines,Minor,3,292,Boeing 747,Structural failure,"Toronto, Canada",Thunderstorm,17638,541,34,Night,Front,Full Plane
28/11/2025,United,Minor,6,298,Airbus A350,Landing gear malfunction,"London, UK",Snow,26272,354,10,Daylight,Front,Partial - Low Monetary Damage
13/09/2021,Qatar Airways,Minor,10,39,Airbus A350,Lightning strike,"Dubai, UAE",Thunderstorm,30374,580,19,Daylight,Back,Full Plane
08/05/2023,Air India,Minor,4,182,Embraer 190,Sabotage,"Tokyo, Japan",Snow,10825,141,35,Daylight,Front,Full Plane
07/06/2018,Air India,Minor,10,73,Airbus A320,Sabotage,"New York, USA",Thunderstorm,536,233,32,Night,Front,Partial - High Monetary Damage
13/05/2011,Singapore Airlines,Severe,129,276,Airbus A320,Pilot error,"Paris, France",Fog,3351,295,20,Night,Back,Partial - Low Monetary Damage
05/03/2010,American Airlines,Minor,4,107,Boeing 747,Sabotage,"Mumbai, India",Rain,30007,443,5,Night,Front,Partial - High Monetary Damage
12/07/2021,American Airlines,Minor,9,43,Boeing 737,Controlled flight into terrain,"New York, USA",Rain,12915,168,18,Night,Front,Partial - Low Monetary Damage
23/05/2014,Delta,Severe,179,46,Boeing 747,Fuel exhaustion,"New York, USA",Fog,18373,184,11,Night,Back,Partial - High Monetary Damage
09/02/2016,British Airways,Severe,274,289,Boeing 777,Mid-air collision,"Sydney, Australia",Snow,11286,114,32,Daylight,Back,Partial - Low Monetary Damage
14/04/2020,Turkish Airlines,Severe,79,237,Embraer 190,Fuel exhaustion,"London, UK",Rain,39551,584,33,Daylight,Back,Partial - Low Monetary Damage
15/09/2019,Qatar Airways,Minor,0,252,Boeing 737,Mid-air collision,"São Paulo, Brazil",Clear,12854,138,24,Night,Front,Partial - High Monetary Damage
08/04/2025,American Airlines,Minor,10,259,Airbus A350,Landing gear malfunction,"Beijing, China",Fog,37168,233,15,Night,Back,Partial - High Monetary Damage
31/07/2011,United,Severe,153,295,Boeing 737,Fuel exhaustion,"São Paulo, Brazil",Rain,2993,438,5,Night,Back,Partial - Low Monetary Damage
30/11/2012,United,Minor,3,182,Airbus A350,Lightning strike,"Tokyo, Japan",Thunderstorm,30634,367,17,Daylight,Front,Full Plane
23/01/2025,Air India,Minor,2,54,Airbus A380,Structural failure,"Toronto, Canada",Snow,29283,224,7,Daylight,Back,Partial - High Monetary Damage
21/05/2021,British Airways,Minor,6,218,Bombardier CRJ900,Pilot error,"Beijing, China",Rain,14894,201,39,Daylight,Back,Partial - High Monetary Damage
03/04/2024,Turkish Airlines,Minor,7,207,Embraer 190,Landing gear malfunction,"Dubai, UAE",Snow,32114,224,33,Daylight,Front,Partial - Low Monetary Damage
17/12/2022,Turkish Airlines,Minor,3,183,Embraer 190,Landing gear malfunction,"Dubai, UAE",Clear,9298,265,33,Daylight,Front,Full Plane
30/07/2021,British Airways,Minor,9,28,Embraer 190,Sabotage,"Paris, France",Rain,38685,236,31,Night,Front,Partial - High Monetary Damage
28/02/2023,Delta,Severe,85,54,Boeing 737,Lightning strike,"Mumbai, India",Rain,20626,599,12,Night,Back,Partial - High Monetary Damage
06/11/2023,Delta,Minor,10,273,Airbus A320,Runway excursion,"Beijing, China",Clear,17671,130,27,Daylight,Front,Partial - Low Monetary Damage
05/02/2015,United,Severe,56,24,Airbus A320,Landing gear malfunction,"Paris, France",Thunderstorm,22633,560,14,Night,Front,Full Plane
27/02/2010,Air India,Minor,6,26,Boeing 777,Severe turbulence,"Beijing, China",Fog,313,149,17,Daylight,Front,Partial - High Monetary Damage
28/05/2025,Lufthansa,Minor,0,190,Embraer 190,Landing gear malfunction,"New York, USA",Rain,15839,156,37,Night,Front,Partial - High Monetary Damage
13/02/2021,Air India,Minor,4,141,Boeing 737,Mid-air collision,"Beijing, China",Thunderstorm,36846,194,12,Daylight,Front,Partial - High Monetary Damage
19/04/2016,Air India,Minor,2,151,Boeing 737,Pilot error,"Sydney, Australia",Windy,1872,326,6,Night,Back,Full Plane
04/10/2018,Qatar Airways,Severe,272,10,Airbus A380,Bird strike,"Sydney, Australia",Thunderstorm,4157,186,11,Daylight,Back,Full Plane
16/05/2012,Qatar Airways,Minor,9,73,Boeing 737,Severe turbulence,"São Paulo, Brazil",Rain,27637,377,9,Night,Back,Partial - Low Monetary Damage
15/08/2012,Turkish Airlines,Severe,125,238,Airbus A380,Bird strike,"Dubai, UAE",Snow,9024,206,14,Night,Back,Full Plane
12/07/2015,British Airways,Minor,2,224,Airbus A350,Fuel exhaustion,"London, UK",Clear,21959,566,15,Night,Back,Full Plane
01/11/2022,Qatar Airways,Severe,207,199,Embraer 190,Pilot error,"Dubai, UAE",Snow,36640,299,37,Daylight,Front,Partial - Low Monetary Damage
22/07/2023,American Airlines,Minor,9,30,Embraer 190,Fuel exhaustion,"London, UK",Rain,23013,105,38,Night,Front,Partial - Low Monetary Damage
02/05/2024,Air India,Severe,271,59,Airbus A320,Engine failure during takeoff,"Mumbai, India",Thunderstorm,7204,200,34,Daylight,Front,Full Plane
30/09/2020,Turkish Airlines,Minor,2,64,Boeing 737,Runway excursion,"Sydney, Australia",Windy,23222,100,11,Daylight,Back,Full Plane
13/12/2022,Singapore Airlines,Severe,243,113,Embraer 190,Sabotage,"Beijing, China",Windy,2519,360,8,Night,Front,Partial - High Monetary Damage
02/05/2023,American Airlines,Severe,69,49,Boeing 777,Engine failure during takeoff,"Tokyo, Japan",Fog,8693,346,21,Daylight,Front,Partial - High Monetary Damage
03/11/2012,British Airways,Minor,1,199,Bombardier CRJ900,Lightning strike,"Mumbai, India",Snow,318,549,37,Night,Front,Full Plane
18/06/2020,United,Minor,9,70,Airbus A320,Fuel exhaustion,"Dubai, UAE",Rain,19654,498,2,Night,Back,Full Plane
11/05/2012,United,Minor,2,173,Airbus A350,Lightning strike,"Mumbai, India",Windy,22511,302,1,Daylight,Back,Partial - High Monetary Damage
16/03/2024,Emirates,Minor,4,241,Airbus A380,Pilot error,"Beijing, China",Clear,1517,571,30,Daylight,Front,Full Plane
13/05/2017,United,Severe,164,188,Airbus A320,Runway excursion,"Tokyo, Japan",Rain,12123,249,8,Night,Front,Full Plane
11/08/2025,Lufthansa,Severe,117,47,Boeing 777,Severe turbulence,"Dubai, UAE",Snow,36852,339,14,Night,Back,Partial - High Monetary Damage
02/11/2018,Qatar Airways,Minor,3,12,Airbus A380,Fuel exhaustion,"New York, USA",Windy,6174,564,9,Night,Back,Partial - High Monetary Damage
03/02/2011,Delta,Minor,10,17,Boeing 747,Bird strike,"Sydney, Australia",Snow,20424,347,1,Night,Back,Partial - High Monetary Damage
10/12/2014,Lufthansa,Minor,10,9,Airbus A350,Landing gear malfunction,"Beijing, China",Clear,13744,123,19,Daylight,Front,Full Plane
27/09/2014,United,Severe,137,110,Airbus A350,Lightning strike,"Beijing, China",Fog,22506,474,18,Night,Back,Partial - High Monetary Damage
06/09/2021,British Airways,Minor,0,197,Boeing 737,Bird strike,"London, UK",Windy,14875,393,33,Daylight,Front,Partial - High Monetary Damage
07/03/2025,Delta,Severe,160,210,Embraer 190,Fuel exhaustion,"London, UK",Thunderstorm,4242,105,17,Night,Front,Full Plane
23/11/2020,Delta,Severe,204,275,Boeing 777,Fuel exhaustion,"London, UK",Clear,9127,315,23,Night,Front,Partial - High Monetary Damage
18/02/2022,Delta,Severe,219,178,Embraer 190,Lightning strike,"Tokyo, Japan",Fog,30408,438,27,Night,Front,Full Plane
23/08/2021,American Airlines,Minor,7,241,Airbus A320,Landing gear malfunction,"Toronto, Canada",Windy,39100,440,30,Daylight,Back,Partial - High Monetary Damage
05/03/2025,Singapore Airlines,Severe,188,159,Bombardier CRJ900,Landing gear malfunction,"Paris, France",Snow,17355,347,31,Night,Front,Full Plane
29/11/2017,Emirates,Minor,2,122,Bombardier CRJ900,Pilot error,"São Paulo, Brazil",Rain,15239,322,5,Night,Back,Partial - High Monetary Damage
07/04/2013,Emirates,Minor,0,299,Embraer 190,Structural failure,"São Paulo, Brazil",Rain,14666,155,24,Daylight,Front,Full Plane
07/07/2021,British Airways,Severe,197,243,Boeing 777,Bird strike,"London, UK",Fog,32209,597,18,Daylight,Front,Full Plane
14/03/2018,Singapore Airlines,Minor,9,121,Airbus A380,Severe turbulence,"São Paulo, Brazil",Windy,21666,378,8,Daylight,Back,Full Plane
01/06/2024,Delta,Severe,238,280,Boeing 747,Mid-air collision,"Dubai, UAE",Clear,12326,221,30,Night,Front,Full Plane
31/07/2022,Delta,Severe,103,138,Boeing 747,Engine failure during takeoff,"Toronto, Canada",Fog,5155,497,25,Daylight,Front,Partial - Low Monetary Damage
16/10/2023,Qatar Airways,Severe,178,230,Boeing 737,Structural failure,"Paris, France",Clear,6590,338,25,Night,Front,Partial - High Monetary Damage
27/06/2021,Turkish Airlines,Severe,172,46,Airbus A320,Pilot error,"New York, USA",Rain,7318,293,1,Night,Front,Full Plane
23/11/2018,United,Severe,84,279,Airbus A380,Bird strike,"Sydney, Australia",Snow,9321,173,19,Night,Back,Partial - Low Monetary Damage
30/06/2021,Delta,Minor,1,137,Boeing 747,Mid-air collision,"Paris, France",Snow,15663,479,21,Daylight,Front,Partial - High Monetary Damage
15/08/2024,British Airways,Minor,1,187,Boeing 737,Fuel exhaustion,"Beijing, China",Fog,23107,409,27,Daylight,Back,Partial - High Monetary Damage
09/05/2012,Qatar Airways,Minor,2,257,Bombardier CRJ900,Sabotage,"Paris, France",Rain,37755,291,36,Daylight,Front,Partial - High Monetary Damage
01/04/2022,Lufthansa,Minor,0,38,Airbus A380,Lightning strike,"Mumbai, India",Snow,1913,101,38,Daylight,Front,Full Plane
17/10/2015,Lufthansa,Minor,3,198,Airbus A350,Severe turbulence,"Tokyo, Japan",Rain,18007,347,15,Daylight,Front,Full Plane
08/04/2015,Qatar Airways,Minor,8,116,Boeing 747,Pilot error,"Beijing, China",Snow,10935,315,37,Night,Front,Partial - High Monetary Damage
27/11/2022,American Airlines,Minor,2,24,Airbus A380,Bird strike,"São Paulo, Brazil",Clear,26286,434,6,Night,Back,Full Plane
26/06/2020,United,Severe,235,90,Bombardier CRJ900,Landing gear malfunction,"São Paulo, Brazil",Thunderstorm,23459,347,7,Daylight,Front,Partial - Low Monetary Damage
18/11/2018,United,Minor,9,54,Boeing 777,Severe turbulence,"Dubai, UAE",Fog,12101,452,26,Night,Front,Partial - High Monetary Damage
17/08/2025,Singapore Airlines,Severe,207,89,Embraer 190,Pilot error,"London, UK",Rain,30193,529,20,Night,Back,Full Plane
12/06/2015,United,Minor,8,39,Boeing 737,Engine failure during takeoff,"São Paulo, Brazil",Fog,17314,133,24,Daylight,Front,Full Plane
24/02/2011,Emirates,Minor,3,274,Airbus A380,Controlled flight into terrain,"São Paulo, Brazil",Clear,9764,425,29,Night,Front,Partial - Low Monetary Damage
18/12/2025,Emirates,Minor,9,81,Airbus A380,Pilot error,"Beijing, China",Fog,36133,313,26,Daylight,Back,Partial - Low Monetary Damage
01/10/2022,Air India,Minor,9,98,Airbus A350,Controlled flight into terrain,"Tokyo, Japan",Clear,28451,194,32,Daylight,Back,Partial - High Monetary Damage
12/03/2010,Air India,Minor,0,208,Airbus A320,Runway excursion,"Sydney, Australia",Snow,24923,590,29,Night,Back,Full Plane
20/06/2024,American Airlines,Minor,1,99,Boeing 737,Lightning strike,"São Paulo, Brazil",Windy,12004,148,26,Night,Back,Partial - Low Monetary Damage
03/02/2010,American Airlines,Minor,5,242,Airbus A320,Mid-air collision,"New York, USA",Thunderstorm,22540,355,24,Daylight,Back,Full Plane
19/07/2020,Singapore Airlines,Minor,0,68,Airbus A350,Mid-air collision,"Sydney, Australia",Windy,7275,175,31,Night,Front,Full Plane
28/04/2015,Qatar Airways,Minor,10,169,Bombardier CRJ900,Bird strike,"Sydney, Australia",Thunderstorm,3349,121,28,Daylight,Front,Full Plane
18/02/2021,Singapore Airlines,Minor,10,57,Boeing 737,Landing gear malfunction,"Beijing, China",Thunderstorm,34312,244,25,Night,Back,Full Plane
05/03/2023,American Airlines,Minor,5,47,Boeing 737,Severe turbulence,"New York, USA",Rain,23820,379,26,Night,Front,Partial - High Monetary Damage
20/05/2016,United,Severe,209,71,Airbus A350,Pilot error,"Mumbai, India",Snow,32499,368,17,Night,Back,Partial - High Monetary Damage
21/10/2023,Singapore Airlines,Minor,5,266,Airbus A320,Fuel exhaustion,"London, UK",Thunderstorm,14643,532,31,Daylight,Front,Partial - High Monetary Damage
23/01/2023,United,Minor,4,16,Boeing 747,Pilot error,"London, UK",Thunderstorm,34637,364,26,Night,Back,Full Plane
21/09/2023,Turkish Airlines,Severe,175,105,Boeing 747,Mid-air collision,"New York, USA",Rain,12611,302,3,Daylight,Front,Full Plane
28/08/2024,Turkish Airlines,Minor,6,44,Boeing 777,Sabotage,"Dubai, UAE",Snow,36307,387,36,Night,Back,Partial - High Monetary Damage
31/08/2016,American Airlines,Minor,1,26,Boeing 737,Engine failure during takeoff,"London, UK",Rain,22943,125,23,Daylight,Back,Partial - Low Monetary Damage
16/03/2016,Turkish Airlines,Severe,161,78,Bombardier CRJ900,Structural failure,"Dubai, UAE",Clear,22843,436,9,Night,Front,Full Plane
05/01/2017,British Airways,Severe,193,194,Boeing 747,Lightning strike,"Mumbai, India",Windy,19172,253,1,Night,Front,Partial - Low Monetary Damage
17/05/2020,Singapore Airlines,Minor,0,78,Boeing 777,Landing gear malfunction,"Beijing, China",Rain,22427,152,33,Night,Front,Partial - High Monetary Damage
05/05/2025,Singapore Airlines,Minor,10,119,Embraer 190,Mid-air collision,"Paris, France",Clear,5259,356,22,Night,Front,Partial - High Monetary Damage
30/05/2024,Qatar Airways,Minor,6,225,Embraer 190,Controlled flight into terrain,"Beijing, China",Snow,17009,299,9,Night,Back,Full Plane
16/10/2024,Air India,Minor,8,12,Embraer 190,Structural failure,"London, UK",Thunderstorm,28271,516,38,Night,Back,Full Plane
01/09/2015,American Airlines,Minor,0,185,Boeing 747,Mid-air collision,"Dubai, UAE",Windy,2685,394,28,Night,Front,Partial - Low Monetary Damage
12/12/2016,Singapore Airlines,Minor,3,18,Bombardier CRJ900,Severe turbulence,"Paris, France",Rain,39559,213,20,Daylight,Front,Partial - Low Monetary Damage
20/03/2016,Lufthansa,Minor,0,196,Airbus A320,Controlled flight into terrain,"New York, USA",Windy,5296,122,22,Night,Back,Partial - Low Monetary Damage
22/06/2012,Delta,Minor,4,232,Boeing 747,Engine failure during takeoff,"London, UK",Snow,38312,215,21,Daylight,Front,Partial - Low Monetary Damage
21/12/2010,American Airlines,Minor,0,150,Boeing 777,Engine failure during takeoff,"Sydney, Australia",Windy,15214,553,12,Daylight,Front,Full Plane
19/02/2020,Qatar Airways,Minor,0,285,Airbus A350,Runway excursion,"New York, USA",Fog,21245,523,5,Night,Front,Partial - High Monetary Damage
15/01/2019,Air India,Minor,5,89,Embraer 190,Controlled flight into terrain,"Beijing, China",Fog,6145,443,32,Daylight,Back,Full Plane
16/01/2023,British Airways,Minor,10,179,Airbus A380,Controlled flight into terrain,"Tokyo, Japan",Clear,5137,182,24,Daylight,Back,Full Plane
27/10/2013,Qatar Airways,Minor,4,81,Boeing 777,Sabotage,"São Paulo, Brazil",Snow,31236,298,4,Night,Front,Partial - Low Monetary Damage
23/07/2019,United,Minor,6,78,Airbus A350,Severe turbulence,"Sydney, Australia",Snow,19951,532,19,Daylight,Front,Partial - High Monetary Damage
14/01/2013,Qatar Airways,Minor,8,294,Airbus A320,Structural failure,"New York, USA",Windy,22545,252,37,Night,Back,Full Plane
25/08/2018,Emirates,Minor,0,81,Boeing 747,Runway excursion,"Paris, France",Fog,23427,435,40,Night,Back,Partial - Low Monetary Damage
11/05/2024,Emirates,Minor,1,166,Boeing 737,Fuel exhaustion,"Toronto, Canada",Snow,20490,268,35,Night,Front,Full Plane
13/09/2017,Singapore Airlines,Minor,3,144,Boeing 747,Bird strike,"Dubai, UAE",Rain,14412,507,34,Daylight,Back,Full Plane
22/05/2016,United,Minor,1,201,Airbus A380,Bird strike,"London, UK",Windy,29737,305,32,Night,Back,Partial - High Monetary Damage
03/09/2024,Air India,Minor,4,172,Boeing 777,Severe turbulence,"São Paulo, Brazil",Snow,2048,231,34,Daylight,Back,Full Plane
18/03/2015,Qatar Airways,Minor,3,142,Airbus A380,Severe turbulence,"Sydney, Australia",Thunderstorm,27386,414,9,Night,Back,Full Plane
04/09/2016,American Airlines,Severe,284,253,Airbus A320,Fuel exhaustion,"New York, USA",Windy,8894,319,38,Daylight,Back,Partial - High Monetary Damage
20/02/2020,Singapore Airlines,Minor,3,192,Boeing 777,Sabotage,"New York, USA",Snow,31057,339,36,Daylight,Front,Full Plane
15/12/2017,Emirates,Minor,6,113,Airbus A380,Runway excursion,"Paris, France",Rain,12220,252,33,Night,Back,Partial - Low Monetary Damage
28/09/2022,American Airlines,Minor,0,39,Boeing 747,Structural failure,"Dubai, UAE",Clear,35639,155,32,Night,Back,Partial - High Monetary Damage
12/06/2012,American Airlines,Severe,284,221,Boeing 777,Severe turbulence,"New York, USA",Snow,7055,401,10,Daylight,Back,Full Plane
18/06/2025,Qatar Airways,Minor,5,47,Embraer 190,Runway excursion,"Paris, France",Thunderstorm,27245,413,30,Daylight,Back,Partial - High Monetary Damage
09/10/2018,Emirates,Minor,7,152,Embraer 190,Pilot error,"London, UK",Fog,29860,142,24,Night,Front,Partial - High Monetary Damage
11/09/2010,British Airways,Minor,4,189,Boeing 737,Fuel exhaustion,"Tokyo, Japan",Fog,13093,305,20,Daylight,Back,Partial - Low Monetary Damage
24/10/2015,Qatar Airways,Minor,3,181,Embraer 190,Bird strike,"Toronto, Canada",Windy,16216,118,18,Daylight,Back,Partial - High Monetary Damage
06/08/2015,Turkish Airlines,Severe,97,27,Boeing 737,Mid-air collision,"São Paulo, Brazil",Fog,28984,265,10,Night,Back,Partial - High Monetary Damage
24/08/2017,Lufthansa,Severe,76,105,Bombardier CRJ900,Fuel exhaustion,"Tokyo, Japan",Fog,16395,467,11,Night,Front,Partial - Low Monetary Damage
02/01/2023,Emirates,Minor,1,197,Boeing 777,Controlled flight into terrain,"Tokyo, Japan",Thunderstorm,25249,563,1,Daylight,Back,Partial - High Monetary Damage
18/08/2024,Singapore Airlines,Severe,80,173,Embraer 190,Pilot error,"Tokyo, Japan",Clear,6256,450,28,Daylight,Front,Partial - High Monetary Damage
24/07/2021,Air India,Severe,282,115,Airbus A320,Sabotage,"New York, USA",Windy,9201,485,5,Night,Front,Partial - High Monetary Damage
11/09/2014,Lufthansa,Severe,138,181,Bombardier CRJ900,Bird strike,"London, UK",Windy,5693,218,36,Daylight,Back,Partial - High Monetary Damage
17/09/2023,British Airways,Minor,4,144,Embraer 190,Landing gear malfunction,"London, UK",Rain,20805,411,24,Daylight,Back,Partial - Low Monetary Damage
26/07/2021,Singapore Airlines,Minor,9,81,Boeing 737,Runway excursion,"Beijing, China",Windy,31170,449,3,Daylight,Back,Full Plane
22/05/2017,British Airways,Minor,5,104,Bombardier CRJ900,Structural failure,"New York, USA",Snow,24546,110,27,Night,Front,Partial - High Monetary Damage
21/01/2024,British Airways,Minor,9,225,Boeing 777,Pilot error,"New York, USA",Thunderstorm,27733,298,39,Night,Back,Full Plane
13/04/2024,Lufthansa,Minor,10,81,Airbus A380,Pilot error,"Paris, France",Windy,10930,501,11,Night,Back,Partial - High Monetary Damage
09/12/2025,United,Severe,239,130,Boeing 747,Controlled flight into terrain,"Beijing, China",Snow,27879,566,39,Night,Back,Full Plane
25/09/2022,British Airways,Minor,10,223,Airbus A380,Controlled flight into terrain,"Toronto, Canada",Rain,16864,228,35,Night,Front,Partial - High Monetary Damage
20/03/2011,British Airways,Severe,215,217,Airbus A380,Controlled flight into terrain,"London, UK",Fog,6652,507,30,Daylight,Back,Partial - High Monetary Damage
13/05/2020,Lufthansa,Minor,9,231,Airbus A350,Structural failure,"Paris, France",Thunderstorm,11390,508,15,Night,Back,Full Plane
05/08/2023,Qatar Airways,Severe,83,196,Airbus A350,Engine failure during takeoff,"London, UK",Thunderstorm,27807,391,34,Daylight,Back,Partial - High Monetary Damage
16/10/2025,Delta,Minor,9,64,Airbus A380,Severe turbulence,"Toronto, Canada",Thunderstorm,1883,116,28,Night,Front,Partial - Low Monetary Damage
02/11/2022,British Airways,Minor,1,85,Boeing 777,Structural failure,"London, UK",Rain,33665,594,18,Daylight,Front,Partial - High Monetary Damage
17/08/2019,Lufthansa,Minor,10,209,Boeing 737,Mid-air collision,"Tokyo, Japan",Snow,16878,389,3,Daylight,Back,Full Plane
28/02/2018,Singapore Airlines,Minor,7,246,Boeing 747,Controlled flight into terrain,"Toronto, Canada",Fog,34453,468,4,Night,Back,Partial - High Monetary Damage
10/05/2021,Turkish Airlines,Severe,202,199,Boeing 737,Bird strike,"São Paulo, Brazil",Clear,7767,463,25,Night,Front,Partial - High Monetary Damage
18/01/2017,Qatar Airways,Minor,1,37,Airbus A350,Controlled flight into terrain,"Sydney, Australia",Thunderstorm,33499,484,31,Daylight,Front,Partial - High Monetary Damage
08/02/2020,Qatar Airways,Minor,9,252,Embraer 190,Controlled flight into terrain,"New York, USA",Fog,28971,349,9,Night,Back,Partial - Low Monetary Damage
19/05/2021,Singapore Airlines,Minor,6,155,Airbus A320,Engine failure during takeoff,"London, UK",Windy,25706,430,20,Night,Front,Partial - High Monetary Damage
01/01/2015,Qatar Airways,Minor,9,225,Boeing 777,Sabotage,"Sydney, Australia",Clear,10471,107,27,Daylight,Back,Full Plane
26/01/2025,British Airways,Minor,10,6,Embraer 190,Runway excursion,"Dubai, UAE",Thunderstorm,925,217,28,Night,Front,Partial - High Monetary Damage
22/02/2021,Lufthansa,Minor,0,142,Airbus A350,Landing gear malfunction,"Mumbai, India",Thunderstorm,38610,252,13,Daylight,Back,Partial - High Monetary Damage
26/05/2017,Delta,Minor,9,182,Boeing 737,Fuel exhaustion,"Tokyo, Japan",Fog,3880,166,38,Night,Front,Partial - High Monetary Damage
07/05/2019,United,Severe,271,171,Boeing 777,Sabotage,"New York, USA",Snow,27780,272,3,Night,Front,Full Plane
08/12/2024,United,Severe,67,85,Embraer 190,Bird strike,"São Paulo, Brazil",Fog,37422,516,16,Daylight,Back,Partial - High Monetary Damage
21/05/2022,Qatar Airways,Minor,3,73,Airbus A350,Mid-air collision,"Beijing, China",Windy,15338,438,11,Night,Back,Partial - Low Monetary Damage
14/08/2011,Delta,Minor,6,150,Boeing 777,Structural failure,"London, UK",Windy,5494,158,6,Daylight,Back,Partial - Low Monetary Damage
27/06/2018,American Airlines,Minor,4,87,Embraer 190,Structural failure,"Tokyo, Japan",Windy,39551,461,17,Daylight,Back,Partial - High Monetary Damage
12/09/2020,Turkish Airlines,Minor,1,22,Boeing 747,Structural failure,"Beijing, China",Clear,28277,592,16,Night,Front,Partial - Low Monetary Damage
21/10/2021,American Airlines,Minor,7,184,Airbus A320,Bird strike,"Toronto, Canada",Rain,15761,405,4,Daylight,Front,Partial - Low Monetary Damage
09/12/2016,Qatar Airways,Severe,214,218,Embraer 190,Lightning strike,"São Paulo, Brazil",Clear,1322,330,13,Daylight,Back,Partial - High Monetary Damage
22/11/2014,Turkish Airlines,Minor,6,133,Embraer 190,Landing gear malfunction,"Mumbai, India",Snow,15392,449,6,Night,Back,Full Plane
16/11/2016,American Airlines,Minor,5,75,Airbus A350,Landing gear malfunction,"Mumbai, India",Clear,39171,127,35,Night,Back,Partial - High Monetary Damage
10/03/2025,Lufthansa,Minor,9,187,Embraer 190,Controlled flight into terrain,"New York, USA",Thunderstorm,22021,163,13,Night,Back,Full Plane
16/11/2010,Air India,Minor,2,147,Airbus A320,Fuel exhaustion,"London, UK",Snow,4833,382,37,Night,Front,Partial - High Monetary Damage
18/12/2020,Emirates,Minor,0,230,Airbus A380,Landing gear malfunction,"London, UK",Snow,28562,135,16,Daylight,Back,Partial - High Monetary Damage
21/07/2025,United,Severe,282,272,Boeing 737,Mid-air collision,"Paris, France",Fog,32379,477,16,Daylight,Back,Full Plane
21/09/2014,Emirates,Minor,5,26,Bombardier CRJ900,Mid-air collision,"Toronto, Canada",Rain,3887,542,2,Night,Back,Full Plane
11/04/2011,Singapore Airlines,Severe,300,192,Embraer 190,Structural failure,"Mumbai, India",Fog,20366,291,6,Daylight,Front,Partial - High Monetary Damage
07/12/2019,Emirates,Minor,9,139,Airbus A320,Engine failure during takeoff,"Paris, France",Thunderstorm,21993,386,7,Daylight,Back,Partial - Low Monetary Damage
17/08/2024,United,Minor,4,117,Boeing 777,Severe turbulence,"Mumbai, India",Rain,2129,393,8,Night,Back,Partial - High Monetary Damage
10/01/2025,Delta,Minor,8,246,Airbus A380,Pilot error,"São Paulo, Brazil",Rain,21622,151,33,Night,Front,Full Plane
12/03/2012,Qatar Airways,Minor,10,42,Airbus A350,Engine failure during takeoff,"Dubai, UAE",Snow,38677,196,17,Daylight,Back,Full Plane
27/05/2025,Qatar Airways,Minor,3,203,Airbus A350,Controlled flight into terrain,"London, UK",Rain,35379,303,2,Daylight,Front,Partial - High Monetary Damage
14/06/2020,United,Severe,251,20,Airbus A320,Engine failure during takeoff,"New York, USA",Thunderstorm,9361,378,26,Night,Back,Partial - High Monetary Damage
11/06/2020,American Airlines,Minor,6,96,Boeing 747,Controlled flight into terrain,"Toronto, Canada",Snow,8194,172,23,Daylight,Back,Full Plane
13/09/2018,Emirates,Minor,0,148,Airbus A380,Sabotage,"Dubai, UAE",Snow,27444,396,17,Daylight,Front,Partial - High Monetary Damage
09/02/2012,Lufthansa,Minor,9,261,Boeing 747,Fuel exhaustion,"São Paulo, Brazil",Snow,28882,300,33,Night,Front,Full Plane
22/05/2025,Delta,Minor,0,248,Embraer 190,Bird strike,"São Paulo, Brazil",Clear,14913,337,35,Night,Back,Partial - High Monetary Damage
13/04/2024,United,Minor,1,113,Boeing 777,Structural failure,"Toronto, Canada",Thunderstorm,6550,588,21,Night,Front,Partial - High Monetary Damage
03/05/2014,Emirates,Severe,157,35,Airbus A380,Runway excursion,"São Paulo, Brazil",Fog,11353,105,22,Night,Front,Partial - Low Monetary Damage
04/02/2017,American Airlines,Minor,8,55,Boeing 747,Severe turbulence,"New York, USA",Fog,14110,336,34,Night,Back,Partial - Low Monetary Damage
30/09/2024,Lufthansa,Minor,0,219,Boeing 747,Engine failure during takeoff,"Toronto, Canada",Fog,18376,241,32,Daylight,Front,Full Plane
29/07/2010,Air India,Minor,1,23,Boeing 737,Fuel exhaustion,"Dubai, UAE",Thunderstorm,15017,189,21,Night,Front,Partial - Low Monetary Damage
25/05/2024,British Airways,Minor,1,62,Boeing 737,Fuel exhaustion,"Toronto, Canada",Windy,34800,160,24,Night,Back,Full Plane
19/01/2024,Qatar Airways,Severe,137,178,Boeing 777,Controlled flight into terrain,"Tokyo, Japan",Fog,36441,591,9,Daylight,Back,Full Plane
22/01/2010,American Airlines,Minor,10,194,Bombardier CRJ900,Runway excursion,"New York, USA",Fog,34772,270,19,Night,Front,Full Plane
12/01/2021,Air India,Severe,105,175,Airbus A380,Controlled flight into terrain,"Paris, France",Windy,2521,572,23,Night,Back,Partial - High Monetary Damage
23/05/2021,American Airlines,Minor,6,120,Boeing 737,Engine failure during takeoff,"Toronto, Canada",Thunderstorm,20222,226,10,Night,Back,Full Plane
28/12/2021,Emirates,Minor,0,289,Boeing 737,Engine failure during takeoff,"London, UK",Clear,32904,134,37,Daylight,Back,Partial - Low Monetary Damage
21/11/2014,Air India,Minor,9,189,Embraer 190,Engine failure during takeoff,"Sydney, Australia",Thunderstorm,22554,406,26,Daylight,Front,Full Plane
13/09/2018,Delta,Minor,6,94,Embraer 190,Bird strike,"London, UK",Snow,5927,227,7,Daylight,Back,Partial - High Monetary Damage
05/02/2023,United,Minor,4,47,Embraer 190,Structural failure,"Sydney, Australia",Snow,19120,426,22,Night,Front,Full Plane
07/07/2013,Emirates,Minor,3,49,Airbus A320,Controlled flight into terrain,"New York, USA",Snow,9978,561,5,Daylight,Back,Full Plane
02/05/2013,Qatar Airways,Minor,9,162,Boeing 737,Bird strike,"São Paulo, Brazil",Clear,3747,303,18,Night,Front,Partial - High Monetary Damage
12/04/2014,British Airways,Severe,126,143,Airbus A320,Sabotage,"São Paulo, Brazil",Fog,9519,473,13,Daylight,Back,Partial - Low Monetary Damage
05/06/2014,Delta,Minor,5,93,Embraer 190,Bird strike,"London, UK",Fog,24202,170,27,Night,Front,Partial - High Monetary Damage
17/12/2025,Singapore Airlines,Severe,211,130,Airbus A380,Severe turbulence,"Tokyo, Japan",Fog,39833,499,39,Night,Back,Partial - High Monetary Damage
28/03/2021,American Airlines,Minor,3,2,Airbus A320,Pilot error,"Toronto, Canada",Thunderstorm,15878,547,30,Daylight,Front,Full Plane
19/03/2017,United,Minor,10,47,Airbus A320,Bird strike,"Dubai, UAE",Windy,26262,274,17,Daylight,Front,Full Plane
03/05/2016,Lufthansa,Minor,4,177,Airbus A380,Fuel exhaustion,"Dubai, UAE",Snow,19515,587,23,Night,Back,Full Plane
22/04/2010,Qatar Airways,Minor,9,11,Airbus A350,Structural failure,"Paris, France",Clear,24003,187,30,Daylight,Back,Full Plane
20/04/2015,British Airways,Minor,7,133,Boeing 737,Controlled flight into terrain,"Tokyo, Japan",Clear,3027,305,34,Daylight,Front,Full Plane
30/03/2014,Emirates,Severe,103,109,Boeing 737,Mid-air collision,"Tokyo, Japan",Windy,9486,507,14,Night,Back,Partial - Low Monetary Damage
03/03/2019,Delta,Severe,82,238,Airbus A320,Severe turbulence,"Sydney, Australia",Thunderstorm,36239,101,21,Daylight,Front,Partial - High Monetary Damage
17/01/2023,Lufthansa,Severe,65,31,Embraer 190,Landing gear malfunction,"Beijing, China",Rain,11514,171,5,Night,Front,Partial - Low Monetary Damage
09/03/2023,British Airways,Severe,50,268,Boeing 737,Engine failure during takeoff,"Toronto, Canada",Rain,15567,189,29,Daylight,Back,Full Plane
20/07/2023,American Airlines,Minor,9,212,Boeing 747,Lightning strike,"Toronto, Canada",Windy,7016,157,37,Daylight,Front,Full Plane
17/08/2017,Lufthansa,Minor,6,280,Airbus A320,Pilot error,"London, UK",Snow,16142,316,35,Daylight,Back,Partial - Low Monetary Damage
30/11/2012,Emirates,Minor,0,13,Boeing 747,Mid-air collision,"São Paulo, Brazil",Windy,16734,392,13,Daylight,Front,Full Plane
08/06/2022,Lufthansa,Minor,1,271,Airbus A320,Lightning strike,"Paris, France",Windy,8684,476,33,Daylight,Back,Full Plane
21/06/2017,American Airlines,Severe,145,262,Airbus A350,Sabotage,"Toronto, Canada",Thunderstorm,30892,575,30,Night,Back,Partial - High Monetary Damage
19/04/2025,Delta,Minor,3,123,Boeing 737,Severe turbulence,"Mumbai, India",Clear,23711,487,6,Night,Back,Partial - Low Monetary Damage
21/12/2010,Singapore Airlines,Severe,135,173,Bombardier CRJ900,Mid-air collision,"Paris, France",Windy,24319,112,16,Night,Front,Partial - High Monetary Damage
15/03/2014,Lufthansa,Minor,3,269,Embraer 190,Landing gear malfunction,"New York, USA",Snow,28938,381,22,Night,Front,Full Plane
11/01/2015,American Airlines,Minor,10,189,Boeing 777,Runway excursion,"Toronto, Canada",Rain,24811,462,23,Night,Back,Partial - High Monetary Damage
14/12/2011,British Airways,Minor,0,180,Airbus A380,Controlled flight into terrain,"Sydney, Australia",Thunderstorm,30576,361,26,Night,Back,Full Plane
06/02/2013,Qatar Airways,Minor,5,257,Bombardier CRJ900,Sabotage,"São Paulo, Brazil",Thunderstorm,12111,333,28,Night,Back,Full Plane
30/04/2025,Air India,Minor,3,114,Embraer 190,Severe turbulence,"London, UK",Snow,39739,287,40,Daylight,Front,Full Plane
22/10/2018,United,Minor,2,218,Boeing 777,Structural failure,"New York, USA",Rain,39952,505,28,Night,Front,Partial - High Monetary Damage
24/01/2017,Emirates,Severe,253,133,Boeing 737,Bird strike,"Dubai, UAE",Windy,4189,241,16,Daylight,Back,Full Plane
22/05/2014,Singapore Airlines,Severe,247,164,Airbus A350,Engine failure during takeoff,"Beijing, China",Rain,7222,363,14,Daylight,Back,Full Plane
23/07/2013,Singapore Airlines,Minor,5,134,Airbus A380,Mid-air collision,"São Paulo, Brazil",Clear,21707,105,35,Night,Front,Full Plane
14/04/2020,Delta,Severe,297,287,Boeing 747,Severe turbulence,"New York, USA",Windy,19189,172,37,Daylight,Back,Full Plane
03/05/2015,Qatar Airways,Severe,160,229,Boeing 747,Mid-air collision,"São Paulo, Brazil",Thunderstorm,38697,542,23,Daylight,Front,Partial - Low Monetary Damage
12/01/2017,American Airlines,Severe,240,191,Boeing 737,Landing gear malfunction,"Mumbai, India",Thunderstorm,1591,531,35,Night,Back,Partial - High Monetary Damage
29/07/2025,Qatar Airways,Minor,2,229,Bombardier CRJ900,Lightning strike,"Mumbai, India",Thunderstorm,18693,575,28,Night,Front,Partial - High Monetary Damage
18/01/2025,Lufthansa,Minor,4,294,Bombardier CRJ900,Fuel exhaustion,"Toronto, Canada",Rain,16958,408,17,Daylight,Front,Full Plane
11/12/2025,Air India,Minor,10,289,Bombardier CRJ900,Fuel exhaustion,"São Paulo, Brazil",Rain,12719,218,5,Night,Back,Partial - High Monetary Damage
04/06/2017,Emirates,Minor,8,247,Boeing 747,Sabotage,"New York, USA",Fog,5575,201,30,Daylight,Back,Partial - Low Monetary Damage
31/08/2012,Lufthansa,Severe,189,133,Embraer 190,Bird strike,"New York, USA",Snow,34166,495,35,Daylight,Front,Partial - High Monetary Damage
21/05/2016,Delta,Minor,8,68,Boeing 777,Runway excursion,"Dubai, UAE",Snow,13311,288,10,Night,Front,Full Plane
23/12/2023,Lufthansa,Severe,215,178,Boeing 737,Landing gear malfunction,"Beijing, China",Clear,19605,379,21,Daylight,Back,Full Plane
08/02/2020,British Airways,Severe,297,149,Bombardier CRJ900,Bird strike,"Beijing, China",Snow,16300,218,25,Night,Back,Partial - High Monetary Damage
30/06/2013,Air India,Minor,8,82,Boeing 777,Sabotage,"Paris, France",Snow,28565,487,3,Daylight,Front,Full Plane
21/11/2015,Emirates,Severe,54,297,Embraer 190,Engine failure during takeoff,"Dubai, UAE",Snow,24412,357,8,Night,Front,Partial - Low Monetary Damage
30/04/2023,United,Severe,271,29,Embraer 190,Lightning strike,"Paris, France",Windy,14747,523,39,Daylight,Front,Full Plane
23/06/2025,Qatar Airways,Minor,4,155,Boeing 777,Controlled flight into terrain,"Sydney, Australia",Clear,5541,252,40,Daylight,Back,Full Plane
16/03/2011,Turkish Airlines,Severe,202,109,Boeing 777,Bird strike,"Dubai, UAE",Thunderstorm,2499,198,38,Daylight,Back,Full Plane
24/03/2014,Delta,Severe,176,196,Airbus A350,Lightning strike,"Dubai, UAE",Windy,10274,449,8,Night,Back,Partial - High Monetary Damage
18/02/2013,British Airways,Severe,61,271,Boeing 737,Sabotage,"London, UK",Fog,38355,529,28,Night,Front,Full Plane
14/11/2012,Lufthansa,Minor,4,85,Airbus A320,Controlled flight into terrain,"Sydney, Australia",Thunderstorm,31706,418,9,Daylight,Back,Partial - Low Monetary Damage
06/07/2015,Emirates,Severe,155,244,Bombardier CRJ900,Structural failure,"Tokyo, Japan",Snow,31696,427,17,Daylight,Back,Partial - High Monetary Damage
04/01/2016,Emirates,Minor,4,167,Bombardier CRJ900,Mid-air collision,"New York, USA",Clear,7779,142,28,Daylight,Back,Full Plane
24/10/2020,Turkish Airlines,Minor,8,206,Embraer 190,Fuel exhaustion,"Sydney, Australia",Rain,7025,102,39,Daylight,Back,Partial - High Monetary Damage
05/12/2020,American Airlines,Minor,5,263,Boeing 737,Bird strike,"Tokyo, Japan",Snow,21016,309,20,Night,Back,Partial - Low Monetary Damage
06/09/2011,Turkish Airlines,Minor,5,130,Boeing 777,Sabotage,"Sydney, Australia",Clear,1035,285,31,Night,Front,Partial - High Monetary Damage
20/07/2016,United,Minor,5,299,Airbus A320,Fuel exhaustion,"São Paulo, Brazil",Rain,26738,329,27,Night,Back,Full Plane
05/07/2019,Air India,Minor,1,253,Boeing 747,Lightning strike,"Mumbai, India",Thunderstorm,9638,222,11,Night,Back,Partial - Low Monetary Damage
26/09/2023,Delta,Minor,10,270,Boeing 737,Fuel exhaustion,"Toronto, Canada",Snow,38308,553,38,Night,Back,Partial - High Monetary Damage
25/05/2017,Lufthansa,Minor,6,167,Embraer 190,Controlled flight into terrain,"Beijing, China",Clear,7516,511,13,Night,Front,Full Plane
01/10/2010,United,Severe,195,31,Boeing 747,Controlled flight into terrain,"Sydney, Australia",Snow,30651,267,26,Night,Back,Full Plane
15/02/2023,American Airlines,Minor,3,231,Airbus A320,Mid-air collision,"Toronto, Canada",Snow,39646,535,35,Daylight,Back,Partial - High Monetary Damage
14/06/2015,Delta,Minor,2,267,Airbus A380,Mid-air collision,"New York, USA",Rain,8290,143,19,Night,Back,Partial - High Monetary Damage
07/12/2025,Turkish Airlines,Severe,233,220,Airbus A380,Bird strike,"Sydney, Australia",Rain,25547,345,9,Daylight,Front,Full Plane
03/01/2018,Air India,Minor,4,246,Airbus A380,Bird strike,"Toronto, Canada",Snow,22264,259,28,Night,Front,Partial - High Monetary Damage
15/01/2017,Emirates,Minor,0,92,Bombardier CRJ900,Bird strike,"Mumbai, India",Snow,4209,273,34,Daylight,Front,Full Plane
04/04/2018,Emirates,Severe,265,162,Airbus A380,Controlled flight into terrain,"London, UK",Windy,29616,570,24,Daylight,Front,Partial - Low Monetary Damage
24/09/2017,Air India,Minor,5,119,Airbus A320,Sabotage,"Sydney, Australia",Windy,14000,229,8,Night,Front,Full Plane
02/08/2025,United,Severe,278,29,Boeing 777,Structural failure,"Tokyo, Japan",Thunderstorm,10598,293,32,Daylight,Back,Partial - Low Monetary Damage
16/02/2020,Singapore Airlines,Minor,10,261,Airbus A350,Mid-air collision,"London, UK",Fog,33373,393,38,Night,Front,Full Plane
10/12/2010,Delta,Minor,7,54,Airbus A350,Sabotage,"Paris, France",Thunderstorm,7310,211,30,Night,Back,Full Plane
03/05/2013,United,Severe,243,170,Boeing 777,Lightning strike,"Tokyo, Japan",Snow,28007,495,13,Night,Front,Full Plane
29/10/2010,American Airlines,Severe,252,271,Airbus A380,Mid-air collision,"Mumbai, India",Fog,9257,453,28,Daylight,Front,Full Plane
02/12/2010,Lufthansa,Minor,10,2,Airbus A350,Runway excursion,"Dubai, UAE",Snow,5464,461,31,Night,Front,Partial - High Monetary Damage
22/03/2019,Air India,Minor,4,278,Embraer 190,Lightning strike,"London, UK",Rain,3511,276,37,Daylight,Front,Full Plane
19/07/2012,Singapore Airlines,Minor,1,206,Airbus A320,Lightning strike,"Mumbai, India",Snow,32992,162,39,Night,Back,Partial - High Monetary Damage
19/07/2020,Air India,Minor,1,224,Bombardier CRJ900,Bird strike,"New York, USA",Snow,32058,113,4,Daylight,Front,Partial - High Monetary Damage
23/08/2015,American Airlines,Severe,283,267,Airbus A320,Engine failure during takeoff,"London, UK",Thunderstorm,14980,548,6,Night,Back,Partial - High Monetary Damage
27/08/2011,Lufthansa,Minor,10,133,Bombardier CRJ900,Pilot error,"Sydney, Australia",Thunderstorm,10198,183,1,Night,Front,Partial - High Monetary Damage
13/05/2014,Emirates,Minor,9,191,Boeing 737,Fuel exhaustion,"Beijing, China",Fog,10271,476,9,Night,Back,Partial - High Monetary Damage
19/05/2019,British Airways,Minor,3,55,Airbus A380,Structural failure,"Dubai, UAE",Snow,6419,141,32,Night,Back,Partial - High Monetary Damage
07/12/2016,Air India,Severe,144,55,Boeing 777,Sabotage,"Sydney, Australia",Clear,38908,255,5,Daylight,Front,Full Plane
15/12/2015,United,Minor,3,113,Airbus A320,Sabotage,"London, UK",Fog,36041,124,39,Daylight,Front,Full Plane
31/01/2018,Qatar Airways,Minor,9,81,Airbus A320,Mid-air collision,"New York, USA",Clear,16134,564,4,Daylight,Back,Full Plane
23/08/2022,Emirates,Minor,1,145,Boeing 777,Fuel exhaustion,"Toronto, Canada",Windy,26022,513,40,Night,Back,Full Plane
24/02/2016,American Airlines,Severe,210,211,Boeing 737,Mid-air collision,"New York, USA",Thunderstorm,37172,491,21,Night,Back,Full Plane
18/07/2020,American Airlines,Minor,0,246,Embraer 190,Bird strike,"Paris, France",Thunderstorm,4949,145,9,Daylight,Front,Partial - High Monetary Damage
14/10/2018,Singapore Airlines,Minor,3,36,Airbus A320,Mid-air collision,"Paris, France",Clear,21119,177,1,Night,Front,Partial - High Monetary Damage
29/06/2012,Qatar Airways,Minor,8,288,Airbus A380,Landing gear malfunction,"Mumbai, India",Fog,29009,566,13,Night,Front,Full Plane
04/08/2013,Singapore Airlines,Severe,214,79,Embraer 190,Landing gear malfunction,"New York, USA",Fog,14275,378,35,Daylight,Front,Partial - High Monetary Damage
01/06/2012,American Airlines,Minor,9,237,Airbus A380,Severe turbulence,"São Paulo, Brazil",Snow,30179,225,30,Night,Back,Partial - Low Monetary Damage
11/05/2022,Lufthansa,Minor,1,172,Airbus A350,Runway excursion,"Beijing, China",Thunderstorm,28517,196,11,Daylight,Back,Partial - High Monetary Damage
23/08/2022,Turkish Airlines,Minor,6,87,Boeing 777,Fuel exhaustion,"Dubai, UAE",Windy,31722,144,7,Night,Back,Full Plane
05/08/2015,United,Severe,258,110,Bombardier CRJ900,Engine failure during takeoff,"Beijing, China",Clear,7465,392,9,Night,Back,Full Plane
11/11/2024,Singapore Airlines,Minor,6,224,Bombardier CRJ900,Structural failure,"Paris, France",Fog,1763,269,8,Daylight,Back,Full Plane
24/05/2023,Air India,Minor,7,54,Airbus A350,Landing gear malfunction,"London, UK",Clear,23526,288,24,Daylight,Front,Full Plane
03/02/2012,Air India,Severe,162,10,Embraer 190,Severe turbulence,"Tokyo, Japan",Windy,8972,362,5,Night,Front,Full Plane
28/03/2024,American Airlines,Minor,10,4,Airbus A320,Engine failure during takeoff,"São Paulo, Brazil",Windy,37019,587,37,Daylight,Front,Full Plane
23/04/2013,Qatar Airways,Minor,0,75,Airbus A380,Runway excursion,"Paris, France",Snow,33675,425,3,Night,Front,Partial - High Monetary Damage
17/09/2020,Turkish Airlines,Severe,209,188,Airbus A380,Structural failure,"Tokyo, Japan",Clear,29571,398,18,Night,Back,Partial - Low Monetary Damage
08/03/2025,Singapore Airlines,Minor,10,197,Bombardier CRJ900,Engine failure during takeoff,"Dubai, UAE",Windy,31937,461,23,Daylight,Back,Partial - High Monetary Damage
27/04/2010,United,Minor,5,97,Airbus A320,Runway excursion,"Beijing, China",Rain,64,346,25,Night,Front,Full Plane
22/05/2019,Delta,Minor,2,162,Boeing 747,Bird strike,"São Paulo, Brazil",Windy,28971,389,11,Daylight,Front,Partial - High Monetary Damage
15/04/2017,Singapore Airlines,Severe,68,37,Boeing 747,Landing gear malfunction,"Beijing, China",Clear,19137,396,20,Night,Front,Partial - High Monetary Damage
01/09/2010,United,Severe,179,286,Boeing 747,Lightning strike,"São Paulo, Brazil",Snow,22692,106,18,Night,Back,Full Plane
25/10/2019,American Airlines,Minor,5,248,Boeing 737,Structural failure,"London, UK",Snow,38984,577,27,Night,Front,Partial - High Monetary Damage
02/02/2019,Qatar Airways,Minor,10,179,Boeing 777,Severe turbulence,"Paris, France",Clear,5306,212,12,Daylight,Front,Partial - Low Monetary Damage
26/04/2012,Qatar Airways,Severe,179,231,Airbus A350,Runway excursion,"New York, USA",Fog,24455,273,10,Daylight,Front,Partial - Low Monetary Damage
14/06/2013,Singapore Airlines,Minor,6,28,Boeing 737,Bird strike,"New York, USA",Snow,12877,513,3,Night,Front,Full Plane
15/10/2013,Air India,Minor,8,187,Boeing 777,Mid-air collision,"Beijing, China",Windy,3701,488,7,Night,Back,Partial - High Monetary Damage
09/05/2013,American Airlines,Minor,0,104,Embraer 190,Landing gear malfunction,"London, UK",Snow,16665,541,26,Night,Back,Partial - Low Monetary Damage
19/02/2022,Emirates,Severe,116,92,Boeing 747,Engine failure during takeoff,"Sydney, Australia",Snow,17967,408,22,Daylight,Front,Full Plane
23/07/2024,Singapore Airlines,Severe,227,21,Boeing 737,Severe turbulence,"Tokyo, Japan",Windy,20827,332,28,Daylight,Front,Partial - High Monetary Damage
25/04/2015,British Airways,Minor,3,288,Airbus A320,Engine failure during takeoff,"London, UK",Thunderstorm,3350,151,27,Daylight,Back,Partial - High Monetary Damage
19/09/2024,United,Minor,9,125,Embraer 190,Structural failure,"New York, USA",Windy,678,352,14,Night,Front,Full Plane
05/12/2025,Emirates,Minor,4,192,Boeing 747,Severe turbulence,"Mumbai, India",Clear,11637,575,16,Daylight,Front,Partial - High Monetary Damage
07/03/2024,Turkish Airlines,Severe,86,39,Boeing 747,Bird strike,"Paris, France",Snow,385,352,39,Night,Back,Partial - High Monetary Damage
05/08/2010,Air India,Severe,201,113,Boeing 737,Landing gear malfunction,"New York, USA",Fog,8580,141,14,Night,Front,Full Plane
07/03/2018,Turkish Airlines,Severe,53,10,Airbus A380,Severe turbulence,"Dubai, UAE",Clear,24725,538,23,Night,Back,Partial - Low Monetary Damage
30/08/2018,Lufthansa,Severe,58,33,Bombardier CRJ900,Fuel exhaustion,"London, UK",Windy,34127,348,3,Daylight,Front,Partial - Low Monetary Damage
22/08/2016,Air India,Severe,252,147,Airbus A380,Controlled flight into terrain,"Mumbai, India",Thunderstorm,15993,458,34,Daylight,Front,Partial - High Monetary Damage
09/05/2016,Delta,Minor,8,159,Boeing 747,Runway excursion,"London, UK",Clear,36730,113,10,Night,Back,Partial - High Monetary Damage
28/05/2019,Singapore Airlines,Severe,223,208,Airbus A320,Mid-air collision,"Sydney, Australia",Thunderstorm,32398,198,19,Night,Back,Partial - High Monetary Damage
03/07/2022,British Airways,Severe,219,140,Embraer 190,Runway excursion,"Toronto, Canada",Thunderstorm,36369,116,13,Daylight,Back,Partial - High Monetary Damage
03/08/2025,Lufthansa,Severe,185,55,Bombardier CRJ900,Controlled flight into terrain,"Mumbai, India",Windy,2242,276,9,Daylight,Front,Partial - High Monetary Damage
29/11/2017,Singapore Airlines,Minor,9,246,Airbus A320,Runway excursion,"São Paulo, Brazil",Snow,13962,310,25,Daylight,Back,Partial - Low Monetary Damage
28/07/2015,American Airlines,Severe,86,80,Boeing 777,Controlled flight into terrain,"Sydney, Australia",Clear,20295,356,9,Night,Front,Partial - High Monetary Damage
20/01/2025,Singapore Airlines,Minor,5,288,Bombardier CRJ900,Bird strike,"Beijing, China",Clear,22689,331,21,Night,Back,Partial - High Monetary Damage
05/02/2010,United,Minor,8,147,Bombardier CRJ900,Sabotage,"Sydney, Australia",Clear,3623,564,16,Daylight,Back,Partial - Low Monetary Damage
04/10/2015,Turkish Airlines,Minor,10,36,Boeing 777,Severe turbulence,"Paris, France",Thunderstorm,11147,129,35,Night,Back,Full Plane
28/04/2018,Qatar Airways,Minor,5,29,Boeing 777,Structural failure,"Paris, France",Snow,38957,557,6,Night,Front,Full Plane
17/04/2018,Air India,Minor,7,108,Airbus A320,Controlled flight into terrain,"Tokyo, Japan",Fog,20723,393,18,Night,Back,Full Plane
06/04/2017,British Airways,Severe,181,218,Boeing 737,Controlled flight into terrain,"Mumbai, India",Fog,32964,255,1,Daylight,Back,Full Plane
18/08/2017,Air India,Minor,3,252,Boeing 777,Landing gear malfunction,"Paris, France",Thunderstorm,26199,137,16,Night,Front,Full Plane
09/01/2023,Delta,Severe,205,167,Airbus A320,Sabotage,"Beijing, China",Fog,29660,166,4,Daylight,Back,Full Plane
20/06/2017,Delta,Minor,8,271,Bombardier CRJ900,Pilot error,"São Paulo, Brazil",Snow,25991,229,32,Night,Back,Full Plane
23/02/2011,Singapore Airlines,Severe,61,7,Boeing 777,Runway excursion,"London, UK",Snow,3095,565,21,Night,Back,Full Plane
29/10/2012,Delta,Minor,3,198,Airbus A320,Pilot error,"London, UK",Fog,15580,577,21,Daylight,Front,Full Plane
24/02/2019,Emirates,Minor,7,290,Airbus A380,Landing gear malfunction,"New York, USA",Thunderstorm,3114,457,39,Daylight,Back,Partial - Low Monetary Damage
05/10/2014,United,Minor,0,113,Boeing 747,Structural failure,"Mumbai, India",Snow,17838,295,34,Daylight,Front,Full Plane
30/10/2025,United,Minor,3,78,Embraer 190,Mid-air collision,"New York, USA",Snow,557,102,19,Daylight,Front,Partial - High Monetary Damage
19/06/2017,Emirates,Minor,7,268,Boeing 777,Fuel exhaustion,"London, UK",Fog,39622,268,5,Night,Back,Partial - Low Monetary Damage
13/08/2019,Lufthansa,Minor,7,136,Airbus A350,Structural failure,"Beijing, China",Fog,13481,147,18,Night,Front,Full Plane
24/02/2010,Delta,Minor,3,20,Bombardier CRJ900,Pilot error,"Toronto, Canada",Rain,17900,593,11,Daylight,Back,Full Plane
17/03/2021,American Airlines,Minor,1,36,Bombardier CRJ900,Bird strike,"Sydney, Australia",Windy,26744,300,4,Daylight,Back,Partial - Low Monetary Damage
07/03/2021,Lufthansa,Minor,2,46,Airbus A380,Bird strike,"Beijing, China",Snow,30096,229,10,Daylight,Front,Partial - High Monetary Damage
05/12/2020,Delta,Minor,0,233,Embraer 190,Mid-air collision,"Dubai, UAE",Windy,22805,376,19,Daylight,Front,Full Plane
01/02/2022,Emirates,Minor,5,39,Airbus A380,Mid-air collision,"Toronto, Canada",Thunderstorm,19503,514,34,Night,Front,Partial - High Monetary Damage
03/08/2023,Turkish Airlines,Minor,8,97,Airbus A380,Sabotage,"São Paulo, Brazil",Windy,4509,218,20,Daylight,Front,Full Plane
28/01/2025,British Airways,Minor,8,17,Airbus A320,Bird strike,"Tokyo, Japan",Rain,35158,489,13,Daylight,Front,Partial - High Monetary Damage
27/12/2016,American Airlines,Minor,6,127,Boeing 777,Bird strike,"Sydney, Australia",Snow,9581,424,23,Night,Back,Partial - High Monetary Damage
08/11/2014,Singapore Airlines,Minor,9,248,Airbus A350,Bird strike,"London, UK",Thunderstorm,15734,423,4,Daylight,Back,Partial - Low Monetary Damage
17/03/2015,Turkish Airlines,Severe,214,14,Embraer 190,Sabotage,"Mumbai, India",Clear,27784,384,32,Night,Back,Partial - High Monetary Damage
29/06/2024,Turkish Airlines,Severe,226,235,Boeing 737,Runway excursion,"Toronto, Canada",Fog,35501,402,18,Daylight,Front,Full Plane
26/01/2013,Qatar Airways,Minor,4,51,Airbus A350,Engine failure during takeoff,"Paris, France",Windy,33094,264,24,Night,Front,Partial - High Monetary Damage
12/12/2020,Emirates,Minor,8,270,Airbus A380,Controlled flight into terrain,"São Paulo, Brazil",Rain,6308,206,1,Daylight,Back,Partial - High Monetary Damage
13/03/2019,Air India,Minor,5,135,Bombardier CRJ900,Severe turbulence,"Mumbai, India",Clear,2926,222,39,Night,Back,Full Plane
20/04/2014,Lufthansa,Severe,102,210,Boeing 737,Lightning strike,"Mumbai, India",Thunderstorm,4949,329,14,Night,Front,Full Plane
07/12/2022,Turkish Airlines,Minor,0,234,Bombardier CRJ900,Pilot error,"London, UK",Thunderstorm,15963,297,16,Daylight,Back,Partial - Low Monetary Damage
22/06/2023,Delta,Minor,7,29,Embraer 190,Pilot error,"Dubai, UAE",Rain,36009,386,12,Daylight,Back,Full Plane
21/05/2011,Emirates,Minor,4,282,Embraer 190,Bird strike,"São Paulo, Brazil",Thunderstorm,8661,232,33,Night,Front,Partial - Low Monetary Damage
24/11/2015,Lufthansa,Severe,183,238,Airbus A320,Fuel exhaustion,"London, UK",Snow,29255,159,4,Daylight,Back,Full Plane
20/03/2025,American Airlines,Minor,7,243,Bombardier CRJ900,Runway excursion,"Toronto, Canada",Snow,11306,487,38,Night,Front,Full Plane
22/03/2019,Delta,Minor,8,119,Bombardier CRJ900,Controlled flight into terrain,"Toronto, Canada",Thunderstorm,4697,385,37,Daylight,Front,Partial - Low Monetary Damage
17/10/2010,American Airlines,Minor,1,243,Boeing 737,Sabotage,"Mumbai, India",Snow,3176,332,39,Daylight,Back,Partial - High Monetary Damage
28/08/2010,Emirates,Severe,255,110,Embraer 190,Lightning strike,"London, UK",Windy,20550,491,30,Daylight,Front,Full Plane
27/08/2021,Air India,Severe,98,54,Bombardier CRJ900,Bird strike,"Dubai, UAE",Fog,6562,526,2,Daylight,Front,Partial - Low Monetary Damage
28/12/2013,Singapore Airlines,Minor,4,213,Airbus A380,Sabotage,"Paris, France",Fog,15970,306,9,Night,Front,Full Plane
28/07/2025,British Airways,Severe,299,292,Embraer 190,Controlled flight into terrain,"Tokyo, Japan",Rain,16027,334,17,Daylight,Front,Full Plane
24/06/2015,Air India,Minor,0,73,Boeing 777,Controlled flight into terrain,"Mumbai, India",Rain,18403,337,18,Night,Back,Full Plane
24/12/2018,Emirates,Minor,9,229,Boeing 737,Controlled flight into terrain,"Tokyo, Japan",Windy,24595,543,1,Daylight,Back,Full Plane
08/09/2022,Turkish Airlines,Minor,5,176,Airbus A350,Bird strike,"Toronto, Canada",Thunderstorm,3939,441,20,Daylight,Back,Full Plane
16/06/2018,Qatar Airways,Minor,10,86,Boeing 737,Bird strike,"São Paulo, Brazil",Clear,6589,323,13,Night,Back,Partial - High Monetary Damage
26/10/2024,Singapore Airlines,Severe,80,251,Embraer 190,Sabotage,"London, UK",Thunderstorm,35749,539,6,Daylight,Back,Full Plane
10/03/2013,Emirates,Severe,286,158,Boeing 777,Fuel exhaustion,"Mumbai, India",Thunderstorm,20349,131,2,Daylight,Front,Partial - Low Monetary Damage
07/07/2019,Delta,Minor,4,211,Airbus A320,Landing gear malfunction,"Mumbai, India",Fog,10464,104,40,Daylight,Front,Partial - Low Monetary Damage
16/08/2022,Qatar Airways,Minor,0,24,Boeing 777,Engine failure during takeoff,"Beijing, China",Windy,9758,298,1,Night,Front,Partial - High Monetary Damage
23/05/2010,Delta,Minor,5,43,Boeing 777,Landing gear malfunction,"Dubai, UAE",Clear,191,243,30,Daylight,Front,Partial - Low Monetary Damage
14/02/2014,Lufthansa,Minor,0,22,Airbus A380,Bird strike,"Sydney, Australia",Fog,6457,214,31,Night,Back,Partial - Low Monetary Damage
18/05/2025,Singapore Airlines,Minor,1,8,Airbus A350,Lightning strike,"New York, USA",Windy,15402,258,7,Daylight,Back,Partial - Low Monetary Damage
14/02/2014,Delta,Severe,191,204,Airbus A350,Fuel exhaustion,"Tokyo, Japan",Fog,35089,266,36,Daylight,Front,Full Plane
11/05/2013,Delta,Minor,1,226,Boeing 777,Mid-air collision,"Toronto, Canada",Clear,35841,582,12,Daylight,Front,Partial - Low Monetary Damage
24/05/2011,Lufthansa,Severe,112,240,Airbus A320,Fuel exhaustion,"Dubai, UAE",Rain,11079,588,16,Night,Back,Partial - High Monetary Damage
28/08/2022,Singapore Airlines,Severe,231,149,Embraer 190,Controlled flight into terrain,"Paris, France",Rain,23701,435,22,Night,Back,Partial - High Monetary Damage
18/12/2019,British Airways,Minor,6,26,Airbus A350,Engine failure during takeoff,"Sydney, Australia",Rain,15469,531,16,Daylight,Front,Partial - High Monetary Damage
27/05/2018,Lufthansa,Minor,1,0,Boeing 737,Landing gear malfunction,"New York, USA",Windy,11390,465,9,Night,Back,Full Plane
25/07/2017,Lufthansa,Severe,176,236,Airbus A350,Mid-air collision,"Dubai, UAE",Clear,2066,576,32,Night,Front,Partial - High Monetary Damage
05/03/2025,Singapore Airlines,Severe,274,28,Bombardier CRJ900,Controlled flight into terrain,"Beijing, China",Windy,36056,400,31,Daylight,Back,Partial - High Monetary Damage
11/07/2010,Lufthansa,Severe,58,32,Airbus A320,Sabotage,"Beijing, China",Rain,12909,509,15,Daylight,Back,Full Plane
25/12/2018,Turkish Airlines,Minor,0,262,Boeing 747,Structural failure,"Sydney, Australia",Thunderstorm,5032,466,32,Daylight,Front,Partial - High Monetary Damage
03/05/2012,United,Minor,0,110,Embraer 190,Mid-air collision,"Mumbai, India",Windy,25345,332,28,Daylight,Back,Full Plane
09/04/2020,Singapore Airlines,Minor,4,67,Boeing 777,Severe turbulence,"Beijing, China",Clear,34273,446,23,Daylight,Back,Full Plane
01/08/2023,Singapore Airlines,Minor,8,189,Airbus A320,Controlled flight into terrain,"Sydney, Australia",Rain,7966,425,22,Daylight,Front,Full Plane
01/11/2010,British Airways,Minor,5,203,Boeing 777,Severe turbulence,"Toronto, Canada",Fog,26940,442,17,Night,Back,Partial - Low Monetary Damage
07/09/2019,Delta,Minor,4,195,Airbus A320,Runway excursion,"Toronto, Canada",Windy,14566,531,29,Night,Back,Partial - High Monetary Damage
06/06/2024,Turkish Airlines,Severe,236,36,Boeing 777,Engine failure during takeoff,"Dubai, UAE",Clear,27219,219,26,Night,Back,Partial - High Monetary Damage
14/05/2020,Air India,Severe,218,278,Airbus A350,Pilot error,"New York, USA",Snow,592,531,5,Night,Front,Full Plane
14/07/2010,American Airlines,Minor,1,4,Embraer 190,Landing gear malfunction,"Mumbai, India",Thunderstorm,15568,140,29,Daylight,Back,Full Plane
04/07/2011,British Airways,Severe,235,193,Bombardier CRJ900,Controlled flight into terrain,"London, UK",Snow,35223,427,9,Daylight,Front,Full Plane
23/08/2017,Delta,Minor,2,48,Boeing 737,Structural failure,"Toronto, Canada",Snow,37050,490,29,Daylight,Front,Partial - High Monetary Damage
18/03/2025,United,Severe,224,1,Boeing 747,Pilot error,"London, UK",Windy,5633,341,23,Daylight,Back,Full Plane
02/06/2012,United,Minor,3,269,Airbus A380,Severe turbulence,"New York, USA",Windy,31384,489,31,Night,Back,Partial - High Monetary Damage
15/11/2013,Singapore Airlines,Severe,220,173,Embraer 190,Mid-air collision,"Toronto, Canada",Fog,16091,221,15,Night,Front,Partial - Low Monetary Damage
13/11/2010,British Airways,Minor,4,124,Boeing 747,Engine failure during takeoff,"Paris, France",Snow,24928,122,22,Night,Front,Partial - Low Monetary Damage
03/04/2011,Singapore Airlines,Minor,8,232,Boeing 737,Structural failure,"New York, USA",Rain,39336,216,21,Night,Back,Partial - Low Monetary Damage
25/08/2014,Air India,Minor,1,20,Boeing 777,Controlled flight into terrain,"São Paulo, Brazil",Windy,827,215,20,Night,Front,Partial - Low Monetary Damage
06/02/2023,United,Severe,52,3,Boeing 777,Fuel exhaustion,"Toronto, Canada",Rain,30530,190,36,Daylight,Front,Partial - Low Monetary Damage
07/09/2014,Singapore Airlines,Minor,9,255,Boeing 737,Mid-air collision,"London, UK",Rain,33441,235,7,Daylight,Back,Partial - Low Monetary Damage
03/09/2015,Turkish Airlines,Minor,4,31,Airbus A350,Runway excursion,"Mumbai, India",Clear,38830,397,19,Daylight,Back,Partial - Low Monetary Damage
09/12/2016,American Airlines,Severe,223,10,Boeing 737,Pilot error,"Sydney, Australia",Rain,20070,505,30,Night,Back,Partial - Low Monetary Damage
20/09/2023,Air India,Minor,5,51,Airbus A380,Severe turbulence,"Beijing, China",Rain,31856,315,7,Daylight,Back,Full Plane
29/09/2010,Air India,Severe,92,3,Embraer 190,Controlled flight into terrain,"Toronto, Canada",Snow,28076,483,12,Night,Front,Full Plane
02/04/2020,Singapore Airlines,Severe,131,76,Boeing 747,Runway excursion,"São Paulo, Brazil",Snow,31597,524,25,Daylight,Front,Partial - Low Monetary Damage
16/10/2019,Air India,Minor,5,71,Boeing 747,Fuel exhaustion,"Paris, France",Fog,12070,469,27,Daylight,Front,Partial - High Monetary Damage
10/06/2023,Air India,Severe,276,67,Boeing 777,Bird strike,"Toronto, Canada",Clear,3025,471,28,Night,Front,Partial - Low Monetary Damage
01/09/2020,British Airways,Severe,113,59,Boeing 747,Engine failure during takeoff,"New York, USA",Clear,2801,331,7,Night,Back,Partial - High Monetary Damage
02/09/2013,British Airways,Minor,9,86,Airbus A350,Controlled flight into terrain,"Paris, France",Rain,1516,270,22,Night,Front,Full Plane
27/07/2012,Air India,Minor,6,202,Airbus A320,Severe turbulence,"London, UK",Clear,23172,567,16,Night,Front,Partial - High Monetary Damage
30/07/2018,Turkish Airlines,Severe,87,286,Airbus A320,Mid-air collision,"Toronto, Canada",Rain,8480,486,38,Daylight,Back,Full Plane
02/02/2014,Lufthansa,Minor,5,111,Boeing 747,Landing gear malfunction,"Mumbai, India",Thunderstorm,5294,355,14,Daylight,Back,Full Plane
29/08/2011,Turkish Airlines,Severe,265,21,Airbus A350,Bird strike,"Beijing, China",Clear,16841,558,37,Night,Back,Partial - High Monetary Damage
13/05/2022,Singapore Airlines,Minor,5,163,Bombardier CRJ900,Landing gear malfunction,"Paris, France",Windy,6535,235,9,Daylight,Back,Partial - High Monetary Damage
23/07/2024,Lufthansa,Minor,6,49,Bombardier CRJ900,Controlled flight into terrain,"São Paulo, Brazil",Windy,3300,544,39,Daylight,Back,Full Plane
06/05/2014,British Airways,Minor,1,18,Boeing 737,Engine failure during takeoff,"New York, USA",Clear,31056,274,18,Daylight,Front,Partial - Low Monetary Damage
20/05/2025,Singapore Airlines,Minor,4,62,Bombardier CRJ900,Runway excursion,"Dubai, UAE",Fog,579,159,12,Daylight,Front,Partial - Low Monetary Damage
01/05/2015,Qatar Airways,Severe,118,39,Airbus A320,Pilot error,"Toronto, Canada",Fog,29933,499,30,Daylight,Back,Full Plane
23/05/2025,Air India,Severe,75,279,Airbus A350,Controlled flight into terrain,"Beijing, China",Windy,7480,100,4,Daylight,Front,Partial - High Monetary Damage
10/03/2015,American Airlines,Minor,2,34,Boeing 777,Landing gear malfunction,"London, UK",Rain,28423,254,9,Night,Back,Full Plane
12/03/2023,American Airlines,Minor,10,193,Airbus A380,Mid-air collision,"Beijing, China",Clear,15823,377,5,Night,Back,Partial - Low Monetary Damage
31/03/2024,British Airways,Severe,296,289,Embraer 190,Lightning strike,"São Paulo, Brazil",Fog,17628,243,23,Night,Front,Partial - Low Monetary Damage
18/08/2011,Emirates,Minor,9,100,Bombardier CRJ900,Sabotage,"Mumbai, India",Thunderstorm,36741,559,4,Night,Back,Partial - High Monetary Damage
17/05/2023,Emirates,Minor,8,137,Embraer 190,Structural failure,"Toronto, Canada",Snow,23932,373,7,Night,Front,Partial - High Monetary Damage
14/07/2013,Qatar Airways,Severe,164,57,Bombardier CRJ900,Controlled flight into terrain,"Dubai, UAE",Thunderstorm,1807,539,14,Night,Front,Full Plane
18/12/2022,Turkish Airlines,Minor,0,2,Airbus A380,Fuel exhaustion,"Sydney, Australia",Clear,34939,122,17,Daylight,Back,Partial - High Monetary Damage
23/06/2018,Emirates,Minor,1,195,Boeing 777,Landing gear malfunction,"New York, USA",Rain,39757,400,15,Night,Front,Partial - Low Monetary Damage
20/07/2024,Singapore Airlines,Minor,0,237,Boeing 737,Severe turbulence,"Dubai, UAE",Windy,21013,255,16,Night,Back,Full Plane
02/09/2023,United,Minor,9,223,Bombardier CRJ900,Fuel exhaustion,"Tokyo, Japan",Thunderstorm,6828,458,37,Night,Front,Full Plane
16/04/2013,Qatar Airways,Minor,3,265,Boeing 747,Sabotage,"Dubai, UAE",Snow,11816,547,4,Night,Back,Partial - High Monetary Damage
10/07/2012,Emirates,Minor,10,244,Embraer 190,Pilot error,"Mumbai, India",Snow,14201,324,28,Daylight,Back,Full Plane
21/01/2010,Qatar Airways,Minor,2,33,Airbus A320,Structural failure,"Beijing, China",Clear,30066,471,11,Daylight,Front,Partial - High Monetary Damage
25/07/2017,Lufthansa,Minor,1,20,Airbus A320,Engine failure during takeoff,"Sydney, Australia",Windy,420,510,31,Daylight,Front,Partial - High Monetary Damage
12/01/2015,Lufthansa,Minor,5,56,Bombardier CRJ900,Fuel exhaustion,"São Paulo, Brazil",Clear,34674,211,40,Night,Front,Partial - High Monetary Damage
23/07/2010,Air India,Minor,2,144,Bombardier CRJ900,Fuel exhaustion,"Sydney, Australia",Snow,24334,531,35,Night,Back,Partial - High Monetary Damage
10/10/2020,Emirates,Minor,9,156,Bombardier CRJ900,Pilot error,"Dubai, UAE",Windy,5303,159,40,Daylight,Front,Partial - Low Monetary Damage
28/11/2011,Qatar Airways,Severe,115,40,Embraer 190,Lightning strike,"Toronto, Canada",Thunderstorm,7217,377,22,Night,Back,Full Plane
31/07/2013,Singapore Airlines,Minor,1,41,Boeing 777,Severe turbulence,"Dubai, UAE",Thunderstorm,38282,147,33,Daylight,Front,Partial - Low Monetary Damage
20/11/2013,Singapore Airlines,Severe,177,217,Embraer 190,Bird strike,"São Paulo, Brazil",Snow,5275,276,12,Night,Back,Full Plane
17/05/2019,Singapore Airlines,Severe,256,117,Bombardier CRJ900,Controlled flight into terrain,"São Paulo, Brazil",Thunderstorm,17355,298,19,Night,Back,Full Plane
12/12/2010,Turkish Airlines,Severe,160,91,Boeing 777,Controlled flight into terrain,"Beijing, China",Snow,19918,110,29,Daylight,Front,Partial - Low Monetary Damage
01/04/2011,Turkish Airlines,Minor,1,286,Boeing 777,Severe turbulence,"New York, USA",Clear,23711,538,31,Night,Front,Full Plane
18/07/2022,United,Severe,78,76,Airbus A350,Fuel exhaustion,"Toronto, Canada",Fog,17009,274,13,Night,Front,Partial - High Monetary Damage
28/10/2012,Delta,Minor,1,77,Airbus A380,Severe turbulence,"Sydney, Australia",Fog,23813,532,14,Night,Back,Partial - Low Monetary Damage
05/04/2013,Emirates,Minor,4,185,Bombardier CRJ900,Landing gear malfunction,"Sydney, Australia",Windy,27545,248,37,Daylight,Front,Partial - High Monetary Damage
17/06/2021,American Airlines,Minor,8,57,Boeing 737,Sabotage,"Beijing, China",Rain,39682,183,5,Night,Back,Partial - High Monetary Damage
26/03/2015,Air India,Severe,298,290,Airbus A350,Pilot error,"Dubai, UAE",Windy,30973,347,9,Daylight,Back,Partial - High Monetary Damage
19/08/2024,United,Minor,3,195,Boeing 737,Severe turbulence,"New York, USA",Rain,9290,126,39,Night,Front,Full Plane
23/05/2020,United,Minor,2,131,Embraer 190,Severe turbulence,"Toronto, Canada",Rain,25914,332,39,Daylight,Front,Full Plane
21/12/2019,Qatar Airways,Minor,4,69,Boeing 777,Lightning strike,"Sydney, Australia",Thunderstorm,22552,404,3,Daylight,Back,Partial - High Monetary Damage
10/04/2016,Air India,Minor,0,168,Airbus A380,Controlled flight into terrain,"Paris, France",Snow,22179,499,15,Daylight,Back,Partial - Low Monetary Damage
29/01/2014,Turkish Airlines,Minor,9,259,Airbus A350,Fuel exhaustion,"Dubai, UAE",Rain,25525,534,29,Daylight,Back,Full Plane
08/03/2020,Lufthansa,Minor,6,197,Boeing 737,Fuel exhaustion,"Toronto, Canada",Rain,7529,398,8,Daylight,Front,Partial - High Monetary Damage
20/03/2011,Lufthansa,Minor,5,62,Boeing 747,Landing gear malfunction,"London, UK",Thunderstorm,39324,556,39,Night,Back,Full Plane
29/01/2017,Qatar Airways,Minor,2,221,Boeing 737,Pilot error,"Paris, France",Thunderstorm,12193,580,8,Daylight,Front,Partial - High Monetary Damage
01/06/2016,Qatar Airways,Severe,288,228,Airbus A350,Engine failure during takeoff,"Mumbai, India",Snow,29721,284,10,Night,Front,Partial - High Monetary Damage
01/12/2023,Delta,Minor,10,74,Embraer 190,Lightning strike,"Paris, France",Rain,28035,518,29,Night,Front,Full Plane
21/07/2022,Turkish Airlines,Minor,6,55,Embraer 190,Controlled flight into terrain,"São Paulo, Brazil",Clear,32670,396,23,Night,Back,Partial - High Monetary Damage
09/04/2017,British Airways,Minor,1,32,Airbus A350,Severe turbulence,"Sydney, Australia",Fog,5128,467,39,Night,Front,Partial - High Monetary Damage
05/01/2021,Turkish Airlines,Minor,2,248,Bombardier CRJ900,Lightning strike,"Toronto, Canada",Thunderstorm,15487,555,16,Daylight,Front,Partial - High Monetary Damage
22/02/2022,Lufthansa,Minor,1,10,Boeing 737,Sabotage,"Sydney, Australia",Windy,28782,253,37,Daylight,Back,Partial - Low Monetary Damage
04/01/2022,Delta,Severe,149,79,Boeing 737,Landing gear malfunction,"Dubai, UAE",Thunderstorm,29238,511,24,Night,Front,Partial - High Monetary Damage
24/12/2019,Air India,Minor,6,167,Airbus A320,Lightning strike,"Mumbai, India",Rain,7623,344,21,Daylight,Back,Partial - High Monetary Damage
26/09/2013,American Airlines,Severe,232,129,Boeing 777,Mid-air collision,"Tokyo, Japan",Clear,32835,311,30,Daylight,Front,Full Plane
13/04/2022,United,Severe,194,154,Boeing 747,Lightning strike,"Dubai, UAE",Clear,32799,525,6,Night,Front,Full Plane
05/04/2013,American Airlines,Minor,4,199,Boeing 777,Fuel exhaustion,"Paris, France",Thunderstorm,27215,160,19,Night,Front,Partial - High Monetary Damage
25/05/2011,Turkish Airlines,Minor,8,161,Airbus A350,Structural failure,"São Paulo, Brazil",Fog,9264,153,12,Night,Front,Partial - High Monetary Damage
23/12/2018,Delta,Severe,72,167,Airbus A350,Runway excursion,"Sydney, Australia",Fog,27895,155,6,Night,Back,Partial - High Monetary Damage
05/05/2014,Turkish Airlines,Minor,10,18,Boeing 747,Structural failure,"São Paulo, Brazil",Snow,15762,126,6,Night,Back,Full Plane
19/05/2013,Qatar Airways,Minor,0,80,Boeing 747,Fuel exhaustion,"Toronto, Canada",Rain,38315,347,27,Night,Front,Partial - High Monetary Damage
24/07/2013,Emirates,Minor,0,141,Boeing 777,Bird strike,"Tokyo, Japan",Thunderstorm,23224,588,12,Daylight,Back,Full Plane
17/07/2025,Turkish Airlines,Severe,69,80,Embraer 190,Engine failure during takeoff,"New York, USA",Fog,26266,394,12,Daylight,Back,Full Plane
22/10/2024,British Airways,Minor,1,42,Bombardier CRJ900,Structural failure,"Sydney, Australia",Thunderstorm,6982,342,3,Night,Front,Partial - High Monetary Damage
18/08/2021,Delta,Minor,2,265,Embraer 190,Engine failure during takeoff,"New York, USA",Snow,8812,300,26,Daylight,Back,Partial - High Monetary Damage
23/07/2025,Emirates,Severe,231,72,Airbus A380,Bird strike,"Beijing, China",Windy,26327,257,21,Daylight,Back,Partial - Low Monetary Damage
31/07/2010,Air India,Minor,3,166,Boeing 777,Engine failure during takeoff,"São Paulo, Brazil",Fog,25013,551,39,Night,Front,Full Plane
11/10/2011,Air India,Minor,3,134,Airbus A350,Pilot error,"São Paulo, Brazil",Clear,28876,330,6,Daylight,Front,Partial - High Monetary Damage
03/10/2013,British Airways,Minor,0,268,Boeing 747,Bird strike,"Sydney, Australia",Rain,35645,285,3,Daylight,Front,Partial - Low Monetary Damage
15/06/2019,British Airways,Minor,1,25,Boeing 777,Landing gear malfunction,"Tokyo, Japan",Snow,14336,248,1,Night,Back,Full Plane
10/12/2022,Delta,Minor,6,169,Airbus A380,Bird strike,"Paris, France",Thunderstorm,1655,444,18,Night,Back,Partial - High Monetary Damage
31/05/2022,Lufthansa,Severe,166,238,Boeing 777,Controlled flight into terrain,"Dubai, UAE",Rain,24396,480,17,Night,Front,Partial - High Monetary Damage
11/03/2011,Turkish Airlines,Severe,198,176,Boeing 747,Engine failure during takeoff,"New York, USA",Thunderstorm,23819,279,13,Daylight,Back,Full Plane
12/07/2016,Emirates,Minor,6,168,Embraer 190,Severe turbulence,"Mumbai, India",Windy,32402,314,26,Night,Back,Full Plane
21/10/2015,British Airways,Severe,136,1,Airbus A380,Lightning strike,"Mumbai, India",Fog,13596,274,17,Night,Back,Partial - High Monetary Damage
01/05/2019,Emirates,Minor,5,87,Airbus A380,Controlled flight into terrain,"Paris, France",Snow,30065,336,14,Daylight,Front,Partial - High Monetary Damage
13/10/2025,Qatar Airways,Severe,210,150,Airbus A320,Structural failure,"Beijing, China",Windy,6451,176,26,Daylight,Back,Partial - High Monetary Damage
27/05/2019,Singapore Airlines,Severe,149,72,Airbus A350,Severe turbulence,"New York, USA",Windy,12818,362,18,Daylight,Front,Partial - Low Monetary Damage
15/03/2018,Emirates,Minor,10,128,Embraer 190,Bird strike,"Mumbai, India",Fog,35682,389,19,Night,Front,Partial - Low Monetary Damage
15/04/2021,Air India,Minor,7,70,Boeing 777,Sabotage,"New York, USA",Windy,34390,504,17,Night,Front,Full Plane
01/01/2023,Singapore Airlines,Minor,3,214,Boeing 747,Controlled flight into terrain,"São Paulo, Brazil",Thunderstorm,31314,333,14,Night,Back,Full Plane
08/04/2017,Turkish Airlines,Severe,97,110,Airbus A320,Severe turbulence,"Tokyo, Japan",Fog,18775,177,11,Night,Front,Partial - High Monetary Damage
30/01/2013,United,Minor,3,125,Airbus A350,Bird strike,"Dubai, UAE",Clear,3049,185,37,Daylight,Front,Partial - High Monetary Damage
27/01/2016,Air India,Severe,190,191,Boeing 777,Pilot error,"Toronto, Canada",Snow,10870,298,27,Daylight,Front,Full Plane
05/01/2021,Singapore Airlines,Minor,10,91,Airbus A350,Severe turbulence,"Paris, France",Thunderstorm,9161,449,38,Night,Back,Partial - High Monetary Damage
28/02/2019,Lufthansa,Minor,3,116,Bombardier CRJ900,Mid-air collision,"Tokyo, Japan",Snow,14248,395,6,Night,Front,Partial - High Monetary Damage
18/04/2010,United,Minor,6,59,Boeing 777,Lightning strike,"Sydney, Australia",Windy,18919,207,17,Daylight,Back,Full Plane
26/09/2022,Emirates,Severe,179,237,Airbus A350,Mid-air collision,"London, UK",Fog,24954,251,10,Night,Back,Partial - Low Monetary Damage
09/05/2019,British Airways,Minor,4,164,Embraer 190,Sabotage,"Mumbai, India",Windy,4511,359,11,Night,Front,Partial - Low Monetary Damage
14/07/2025,American Airlines,Minor,1,147,Boeing 777,Landing gear malfunction,"Tokyo, Japan",Clear,19787,272,1,Daylight,Back,Full Plane
09/06/2010,Turkish Airlines,Severe,125,257,Boeing 777,Lightning strike,"Toronto, Canada",Fog,19472,237,4,Daylight,Front,Partial - Low Monetary Damage
04/07/2024,Turkish Airlines,Minor,3,226,Embraer 190,Landing gear malfunction,"Sydney, Australia",Snow,25623,582,30,Daylight,Back,Partial - High Monetary Damage
27/07/2019,Singapore Airlines,Minor,4,254,Airbus A380,Structural failure,"Beijing, China",Clear,24986,448,10,Night,Front,Full Plane
14/12/2015,Delta,Minor,4,63,Airbus A380,Runway excursion,"New York, USA",Rain,11528,112,11,Daylight,Front,Full Plane
14/11/2019,Lufthansa,Severe,150,99,Airbus A350,Lightning strike,"Mumbai, India",Snow,32390,488,29,Daylight,Back,Partial - High Monetary Damage
28/06/2013,British Airways,Minor,2,78,Airbus A350,Controlled flight into terrain,"Paris, France",Rain,27804,204,26,Daylight,Front,Full Plane
01/08/2025,Qatar Airways,Minor,2,1,Airbus A320,Structural failure,"Mumbai, India",Windy,13421,396,33,Night,Front,Full Plane
29/01/2024,British Airways,Minor,8,79,Airbus A380,Landing gear malfunction,"Sydney, Australia",Windy,14313,105,16,Night,Back,Partial - Low Monetary Damage
07/10/2015,United,Minor,0,8,Airbus A320,Engine failure during takeoff,"Toronto, Canada",Rain,55,411,21,Daylight,Front,Full Plane
07/09/2017,United,Minor,7,205,Embraer 190,Lightning strike,"New York, USA",Windy,19454,359,11,Night,Back,Full Plane
20/12/2013,Air India,Minor,4,46,Airbus A350,Runway excursion,"Toronto, Canada",Fog,7238,232,30,Daylight,Front,Partial - High Monetary Damage
11/02/2018,Delta,Severe,219,105,Airbus A350,Structural failure,"São Paulo, Brazil",Fog,4693,589,33,Daylight,Front,Full Plane
04/05/2020,American Airlines,Minor,9,66,Boeing 737,Mid-air collision,"Tokyo, Japan",Fog,29955,450,4,Night,Back,Partial - Low Monetary Damage
17/11/2014,Turkish Airlines,Minor,10,7,Bombardier CRJ900,Severe turbulence,"Toronto, Canada",Fog,27269,294,33,Night,Front,Partial - High Monetary Damage
29/02/2020,Emirates,Minor,0,120,Boeing 747,Bird strike,"Toronto, Canada",Rain,6341,370,29,Night,Front,Partial - High Monetary Damage
04/05/2022,Singapore Airlines,Severe,130,54,Embraer 190,Landing gear malfunction,"Mumbai, India",Clear,19542,539,35,Daylight,Back,Partial - High Monetary Damage
12/06/2020,British Airways,Minor,3,268,Airbus A350,Structural failure,"Mumbai, India",Thunderstorm,11410,278,21,Daylight,Back,Partial - High Monetary Damage
02/08/2025,Qatar Airways,Minor,8,212,Boeing 737,Structural failure,"Beijing, China",Windy,6702,479,31,Daylight,Back,Partial - Low Monetary Damage
15/08/2015,Delta,Minor,10,230,Airbus A350,Mid-air collision,"Dubai, UAE",Rain,24549,313,7,Daylight,Front,Full Plane
11/07/2020,British Airways,Minor,9,217,Bombardier CRJ900,Severe turbulence,"Sydney, Australia",Clear,12161,105,4,Daylight,Back,Full Plane
05/02/2021,Singapore Airlines,Minor,10,236,Boeing 747,Lightning strike,"London, UK",Snow,19367,531,39,Night,Back,Partial - Low Monetary Damage
12/04/2022,British Airways,Severe,53,143,Boeing 747,Bird strike,"Tokyo, Japan",Rain,33512,322,14,Night,Front,Full Plane
11/01/2022,United,Minor,5,157,Airbus A380,Bird strike,"New York, USA",Windy,14861,294,13,Daylight,Back,Partial - High Monetary Damage
08/11/2015,United,Severe,236,265,Boeing 737,Structural failure,"Paris, France",Windy,7385,470,35,Daylight,Back,Partial - High Monetary Damage
26/04/2010,American Airlines,Minor,9,85,Airbus A380,Controlled flight into terrain,"São Paulo, Brazil",Rain,39384,402,24,Night,Front,Full Plane
26/11/2019,Singapore Airlines,Minor,5,91,Boeing 747,Landing gear malfunction,"Beijing, China",Snow,26003,473,14,Daylight,Front,Partial - Low Monetary Damage
30/01/2010,Lufthansa,Minor,0,261,Airbus A320,Controlled flight into terrain,"Dubai, UAE",Fog,34856,405,3,Night,Back,Partial - High Monetary Damage
18/08/2025,American Airlines,Severe,207,250,Airbus A320,Engine failure during takeoff,"Dubai, UAE",Snow,27623,193,1,Night,Back,Full Plane
05/09/2025,British Airways,Minor,4,283,Airbus A320,Structural failure,"Toronto, Canada",Thunderstorm,13579,572,3,Daylight,Back,Full Plane
05/08/2023,Turkish Airlines,Severe,91,5,Bombardier CRJ900,Fuel exhaustion,"Paris, France",Thunderstorm,27240,543,38,Daylight,Back,Partial - High Monetary Damage
12/02/2016,Lufthansa,Minor,8,255,Bombardier CRJ900,Sabotage,"Sydney, Australia",Clear,17165,588,3,Night,Back,Partial - High Monetary Damage
06/05/2019,Singapore Airlines,Minor,10,99,Boeing 777,Lightning strike,"Dubai, UAE",Thunderstorm,31404,432,4,Night,Front,Full Plane
18/02/2017,Turkish Airlines,Minor,1,31,Boeing 737,Runway excursion,"Toronto, Canada",Fog,1783,467,28,Night,Back,Partial - High Monetary Damage
25/09/2020,Singapore Airlines,Severe,161,22,Airbus A380,Runway excursion,"Paris, France",Rain,16400,541,14,Night,Front,Full Plane
01/07/2020,Lufthansa,Severe,189,153,Airbus A350,Lightning strike,"Dubai, UAE",Rain,25447,308,9,Daylight,Back,Partial - High Monetary Damage
11/04/2020,Lufthansa,Minor,3,221,Airbus A380,Structural failure,"New York, USA",Thunderstorm,20525,134,22,Night,Front,Partial - High Monetary Damage
10/03/2011,Delta,Severe,151,117,Boeing 747,Controlled flight into terrain,"Dubai, UAE",Thunderstorm,24714,211,33,Daylight,Back,Partial - High Monetary Damage
26/09/2019,Qatar Airways,Minor,2,16,Boeing 737,Runway excursion,"Dubai, UAE",Windy,35300,365,28,Night,Back,Full Plane
09/12/2011,British Airways,Minor,5,296,Airbus A320,Landing gear malfunction,"Dubai, UAE",Rain,37052,167,31,Daylight,Front,Partial - High Monetary Damage
11/03/2013,Air India,Minor,7,197,Airbus A350,Fuel exhaustion,"Toronto, Canada",Thunderstorm,25395,576,29,Night,Front,Partial - High Monetary Damage
16/10/2023,Turkish Airlines,Severe,175,213,Airbus A380,Mid-air collision,"London, UK",Fog,38873,309,22,Daylight,Back,Partial - High Monetary Damage
12/07/2021,Delta,Minor,2,200,Embraer 190,Controlled flight into terrain,"London, UK",Windy,33457,500,19,Daylight,Back,Full Plane
21/03/2021,Delta,Minor,1,229,Boeing 747,Mid-air collision,"London, UK",Clear,31656,380,26,Daylight,Back,Partial - High Monetary Damage
10/08/2023,British Airways,Minor,0,223,Airbus A320,Controlled flight into terrain,"Toronto, Canada",Rain,1431,343,24,Daylight,Front,Full Plane
06/03/2020,British Airways,Minor,8,89,Airbus A350,Controlled flight into terrain,"Mumbai, India",Windy,14185,117,36,Daylight,Front,Partial - High Monetary Damage
08/06/2013,Air India,Minor,7,290,Boeing 747,Lightning strike,"Toronto, Canada",Windy,24733,419,27,Daylight,Front,Full Plane
29/03/2022,Air India,Severe,97,193,Bombardier CRJ900,Sabotage,"Sydney, Australia",Snow,36123,492,8,Daylight,Front,Full Plane
14/11/2016,Lufthansa,Severe,169,16,Airbus A320,Sabotage,"Tokyo, Japan",Rain,36617,541,31,Night,Front,Full Plane
24/06/2013,Air India,Minor,4,80,Airbus A350,Pilot error,"London, UK",Snow,15160,326,11,Night,Front,Partial - High Monetary Damage
12/12/2018,Air India,Minor,1,222,Airbus A350,Mid-air collision,"Toronto, Canada",Rain,195,552,36,Night,Back,Full Plane
19/09/2021,Turkish Airlines,Minor,0,159,Airbus A380,Severe turbulence,"London, UK",Windy,1855,325,20,Daylight,Front,Partial - High Monetary Damage
18/05/2011,Emirates,Minor,5,35,Airbus A320,Lightning strike,"Sydney, Australia",Clear,18238,555,30,Night,Front,Partial - Low Monetary Damage
06/06/2023,Qatar Airways,Severe,199,21,Airbus A380,Severe turbulence,"Dubai, UAE",Windy,35473,333,2,Night,Front,Full Plane
21/01/2013,United,Minor,1,131,Boeing 777,Controlled flight into terrain,"New York, USA",Thunderstorm,14410,324,16,Night,Front,Partial - Low Monetary Damage
01/07/2021,Air India,Minor,5,252,Airbus A350,Landing gear malfunction,"Beijing, China",Rain,31878,405,19,Night,Front,Full Plane
16/04/2013,Turkish Airlines,Minor,7,62,Airbus A380,Fuel exhaustion,"Dubai, UAE",Windy,39541,291,18,Night,Front,Partial - High Monetary Damage
30/12/2018,American Airlines,Minor,9,212,Embraer 190,Pilot error,"Tokyo, Japan",Snow,14931,339,27,Night,Back,Full Plane
30/05/2025,Turkish Airlines,Minor,8,152,Bombardier CRJ900,Mid-air collision,"São Paulo, Brazil",Clear,26316,120,14,Daylight,Front,Partial - High Monetary Damage
07/08/2011,United,Severe,241,167,Airbus A320,Engine failure during takeoff,"Mumbai, India",Thunderstorm,14877,487,15,Daylight,Front,Partial - Low Monetary Damage
13/11/2025,American Airlines,Severe,264,131,Airbus A380,Runway excursion,"London, UK",Clear,5161,434,12,Daylight,Back,Partial - Low Monetary Damage
10/06/2024,Emirates,Minor,1,164,Embraer 190,Controlled flight into terrain,"Beijing, China",Thunderstorm,22578,205,19,Daylight,Front,Full Plane
21/06/2018,Lufthansa,Minor,5,257,Bombardier CRJ900,Sabotage,"Beijing, China",Clear,37791,391,25,Daylight,Front,Partial - High Monetary Damage
08/10/2015,Lufthansa,Severe,136,135,Airbus A350,Lightning strike,"São Paulo, Brazil",Rain,11870,389,23,Night,Back,Full Plane
06/09/2012,Air India,Minor,5,155,Boeing 737,Controlled flight into terrain,"Sydney, Australia",Clear,9500,557,27,Daylight,Front,Full Plane
25/10/2019,United,Minor,1,208,Boeing 737,Fuel exhaustion,"Tokyo, Japan",Fog,38919,522,34,Daylight,Back,Full Plane
08/08/2010,Delta,Severe,191,176,Boeing 747,Bird strike,"São Paulo, Brazil",Fog,7445,308,19,Night,Front,Partial - High Monetary Damage
11/01/2010,Delta,Minor,4,239,Boeing 777,Mid-air collision,"Paris, France",Clear,10988,173,5,Daylight,Front,Partial - Low Monetary Damage
30/08/2017,Emirates,Minor,9,236,Airbus A320,Severe turbulence,"New York, USA",Snow,31624,292,22,Night,Back,Full Plane
24/05/2014,Lufthansa,Severe,141,60,Boeing 747,Bird strike,"Mumbai, India",Windy,3778,214,19,Daylight,Front,Partial - Low Monetary Damage
19/01/2021,Turkish Airlines,Severe,233,125,Airbus A320,Engine failure during takeoff,"Dubai, UAE",Clear,25120,354,27,Night,Back,Partial - High Monetary Damage
03/09/2011,United,Minor,5,230,Boeing 737,Bird strike,"London, UK",Thunderstorm,21615,339,13,Daylight,Back,Full Plane
23/06/2024,Qatar Airways,Minor,2,56,Airbus A350,Severe turbulence,"Sydney, Australia",Snow,39210,401,22,Daylight,Back,Full Plane
28/07/2021,Emirates,Severe,209,176,Boeing 777,Lightning strike,"Tokyo, Japan",Snow,14618,194,8,Night,Back,Partial - High Monetary Damage
08/07/2019,Air India,Minor,6,101,Bombardier CRJ900,Severe turbulence,"New York, USA",Clear,18360,550,30,Night,Back,Full Plane
30/09/2010,Delta,Minor,4,130,Embraer 190,Fuel exhaustion,"Paris, France",Windy,4221,481,21,Night,Front,Partial - Low Monetary Damage
04/07/2017,Qatar Airways,Severe,113,85,Airbus A320,Engine failure during takeoff,"Tokyo, Japan",Rain,2862,513,32,Night,Back,Partial - High Monetary Damage
07/09/2018,American Airlines,Minor,10,238,Bombardier CRJ900,Fuel exhaustion,"Dubai, UAE",Clear,17316,488,14,Daylight,Front,Partial - High Monetary Damage
03/12/2018,American Airlines,Severe,131,257,Boeing 737,Structural failure,"Dubai, UAE",Fog,3268,572,21,Daylight,Back,Partial - Low Monetary Damage
05/03/2022,Emirates,Minor,2,297,Boeing 777,Landing gear malfunction,"New York, USA",Rain,24714,327,5,Night,Front,Full Plane
23/07/2021,Air India,Minor,2,108,Bombardier CRJ900,Pilot error,"Dubai, UAE",Rain,9512,135,33,Daylight,Front,Partial - High Monetary Damage
28/03/2010,Lufthansa,Minor,1,89,Boeing 737,Pilot error,"Sydney, Australia",Windy,37945,443,24,Daylight,Back,Full Plane
07/07/2014,Singapore Airlines,Minor,7,266,Boeing 747,Lightning strike,"Tokyo, Japan",Thunderstorm,6172,502,7,Night,Back,Full Plane
01/09/2011,Lufthansa,Severe,100,237,Airbus A350,Controlled flight into terrain,"São Paulo, Brazil",Thunderstorm,5371,143,32,Daylight,Back,Partial - High Monetary Damage
23/06/2025,Lufthansa,Minor,2,110,Boeing 777,Structural failure,"New York, USA",Windy,35600,128,26,Daylight,Back,Full Plane
20/05/2024,Singapore Airlines,Minor,8,74,Airbus A380,Pilot error,"London, UK",Clear,29600,584,37,Daylight,Back,Partial - High Monetary Damage
02/01/2019,Singapore Airlines,Minor,4,88,Airbus A350,Structural failure,"Beijing, China",Windy,11163,324,25,Daylight,Front,Full Plane
24/06/2018,Qatar Airways,Minor,2,239,Embraer 190,Engine failure during takeoff,"Dubai, UAE",Snow,8407,488,23,Night,Back,Partial - High Monetary Damage
08/11/2016,Singapore Airlines,Minor,4,193,Boeing 777,Sabotage,"Sydney, Australia",Rain,33656,222,37,Daylight,Front,Full Plane
02/08/2020,American Airlines,Severe,248,218,Boeing 777,Engine failure during takeoff,"Beijing, China",Snow,10281,283,24,Night,Back,Partial - High Monetary Damage
12/12/2022,Turkish Airlines,Minor,8,164,Airbus A350,Engine failure during takeoff,"Toronto, Canada",Fog,18400,163,38,Night,Front,Full Plane
01/04/2018,United,Severe,172,131,Embraer 190,Bird strike,"London, UK",Windy,31445,166,27,Night,Back,Partial - High Monetary Damage
06/04/2024,Emirates,Minor,10,273,Embraer 190,Landing gear malfunction,"New York, USA",Thunderstorm,8131,383,21,Night,Front,Full Plane
10/06/2011,British Airways,Severe,221,148,Boeing 737,Runway excursion,"Sydney, Australia",Thunderstorm,33986,405,27,Daylight,Front,Partial - High Monetary Damage
28/03/2013,Turkish Airlines,Minor,2,65,Airbus A350,Structural failure,"São Paulo, Brazil",Rain,12620,314,1,Night,Front,Full Plane
16/06/2020,Singapore Airlines,Severe,195,255,Embraer 190,Landing gear malfunction,"New York, USA",Clear,1338,188,3,Night,Front,Partial - Low Monetary Damage
25/01/2023,Emirates,Minor,8,156,Bombardier CRJ900,Pilot error,"London, UK",Windy,5734,195,15,Night,Front,Full Plane
30/09/2021,Qatar Airways,Minor,0,148,Bombardier CRJ900,Pilot error,"Toronto, Canada",Fog,35158,438,15,Night,Front,Full Plane
13/04/2014,United,Minor,10,219,Boeing 747,Runway excursion,"Toronto, Canada",Snow,7485,506,29,Night,Back,Partial - High Monetary Damage
06/10/2012,Emirates,Severe,91,156,Boeing 747,Controlled flight into terrain,"New York, USA",Windy,29251,116,21,Night,Front,Full Plane
28/11/2013,Qatar Airways,Minor,0,175,Boeing 777,Landing gear malfunction,"Paris, France",Fog,38232,308,10,Daylight,Front,Partial - High Monetary Damage
21/11/2015,Lufthansa,Severe,278,140,Boeing 777,Structural failure,"London, UK",Snow,26245,376,12,Daylight,Front,Full Plane
29/12/2012,Turkish Airlines,Minor,2,30,Bombardier CRJ900,Landing gear malfunction,"Sydney, Australia",Thunderstorm,3501,595,37,Daylight,Back,Partial - High Monetary Damage
27/06/2022,Qatar Airways,Minor,9,96,Airbus A350,Pilot error,"Paris, France",Rain,31487,561,26,Night,Back,Full Plane
11/05/2025,Emirates,Minor,1,15,Airbus A350,Lightning strike,"Toronto, Canada",Windy,21932,434,18,Daylight,Back,Full Plane
05/02/2018,American Airlines,Severe,214,14,Boeing 747,Structural failure,"New York, USA",Windy,29373,569,34,Daylight,Front,Partial - High Monetary Damage
06/05/2015,Emirates,Minor,7,79,Airbus A350,Lightning strike,"Mumbai, India",Fog,34460,185,17,Daylight,Back,Full Plane
15/05/2018,Delta,Minor,2,51,Embraer 190,Structural failure,"New York, USA",Fog,34120,247,9,Night,Back,Partial - High Monetary Damage
29/01/2025,British Airways,Minor,6,153,Airbus A350,Pilot error,"New York, USA",Clear,16517,203,6,Night,Front,Full Plane
19/05/2025,Qatar Airways,Minor,5,119,Airbus A350,Severe turbulence,"Beijing, China",Fog,37784,183,1,Night,Back,Partial - High Monetary Damage
22/01/2016,Air India,Minor,1,196,Boeing 747,Landing gear malfunction,"Tokyo, Japan",Thunderstorm,31264,218,37,Daylight,Front,Full Plane
13/11/2011,Delta,Severe,217,212,Boeing 777,Mid-air collision,"Paris, France",Windy,18668,198,11,Daylight,Front,Full Plane
12/12/2018,Emirates,Minor,10,167,Boeing 777,Landing gear malfunction,"Paris, France",Rain,38118,450,12,Night,Front,Full Plane
28/05/2010,Qatar Airways,Severe,112,288,Boeing 747,Fuel exhaustion,"Dubai, UAE",Windy,29412,582,9,Daylight,Back,Full Plane
26/11/2011,British Airways,Minor,4,150,Airbus A320,Landing gear malfunction,"Sydney, Australia",Clear,39339,497,21,Daylight,Front,Partial - Low Monetary Damage
09/12/2022,Lufthansa,Minor,2,183,Airbus A320,Sabotage,"Toronto, Canada",Snow,3727,223,6,Night,Back,Partial - High Monetary Damage
19/07/2023,British Airways,Minor,0,103,Embraer 190,Engine failure during takeoff,"Dubai, UAE",Windy,20691,126,17,Night,Back,Partial - Low Monetary Damage
03/12/2011,Singapore Airlines,Minor,4,283,Airbus A350,Pilot error,"Beijing, China",Windy,10566,503,22,Night,Front,Full Plane
01/11/2023,Delta,Severe,210,283,Boeing 737,Fuel exhaustion,"Beijing, China",Snow,8835,173,23,Daylight,Front,Full Plane
24/06/2022,Air India,Minor,5,88,Boeing 777,Engine failure during takeoff,"Sydney, Australia",Thunderstorm,6976,210,31,Daylight,Back,Partial - Low Monetary Damage
10/04/2025,American Airlines,Minor,7,110,Boeing 737,Engine failure during takeoff,"Tokyo, Japan",Windy,32134,415,38,Night,Back,Partial - High Monetary Damage
14/11/2015,Turkish Airlines,Minor,8,69,Boeing 737,Landing gear malfunction,"Paris, France",Fog,8142,401,24,Night,Front,Partial - High Monetary Damage
23/06/2022,Singapore Airlines,Minor,1,127,Boeing 737,Mid-air collision,"London, UK",Clear,7233,575,13,Night,Front,Full Plane
11/06/2010,Delta,Minor,3,156,Boeing 777,Fuel exhaustion,"Toronto, Canada",Snow,18294,217,30,Daylight,Back,Full Plane
18/09/2021,United,Severe,77,170,Boeing 747,Fuel exhaustion,"Dubai, UAE",Fog,35801,229,9,Night,Back,Full Plane
14/11/2019,Lufthansa,Minor,4,125,Airbus A350,Sabotage,"Tokyo, Japan",Thunderstorm,26818,243,15,Night,Front,Full Plane
23/01/2010,Singapore Airlines,Minor,5,111,Airbus A380,Mid-air collision,"Beijing, China",Thunderstorm,22003,294,32,Night,Front,Full Plane
03/10/2025,American Airlines,Minor,6,178,Airbus A380,Structural failure,"Toronto, Canada",Thunderstorm,27361,111,26,Night,Back,Full Plane
28/08/2012,Singapore Airlines,Minor,2,198,Airbus A320,Mid-air collision,"Sydney, Australia",Thunderstorm,23327,503,27,Daylight,Front,Partial - High Monetary Damage
27/07/2020,Emirates,Severe,234,213,Airbus A380,Engine failure during takeoff,"Paris, France",Clear,33867,305,3,Night,Back,Partial - Low Monetary Damage
10/01/2010,Emirates,Severe,145,263,Boeing 777,Lightning strike,"São Paulo, Brazil",Snow,6220,516,18,Daylight,Front,Full Plane
11/07/2025,Lufthansa,Severe,108,82,Airbus A320,Sabotage,"New York, USA",Windy,36234,462,5,Daylight,Back,Full Plane
16/07/2021,Singapore Airlines,Minor,0,67,Airbus A350,Landing gear malfunction,"São Paulo, Brazil",Thunderstorm,35031,555,19,Night,Front,Full Plane
14/05/2025,Qatar Airways,Minor,3,268,Airbus A350,Pilot error,"Paris, France",Thunderstorm,6685,114,10,Daylight,Back,Full Plane
24/12/2018,Air India,Severe,65,212,Airbus A320,Lightning strike,"Tokyo, Japan",Thunderstorm,616,527,28,Daylight,Back,Partial - High Monetary Damage
24/11/2020,American Airlines,Minor,2,186,Airbus A380,Landing gear malfunction,"New York, USA",Thunderstorm,28355,534,20,Daylight,Back,Partial - High Monetary Damage
21/04/2012,British Airways,Severe,121,247,Boeing 737,Lightning strike,"Sydney, Australia",Clear,5044,587,14,Daylight,Front,Full Plane
26/03/2018,United,Minor,1,188,Airbus A350,Bird strike,"Mumbai, India",Clear,32277,585,4,Night,Back,Full Plane
29/10/2013,Emirates,Minor,3,155,Airbus A350,Structural failure,"Beijing, China",Fog,13845,293,12,Night,Front,Partial - High Monetary Damage
19/11/2010,Air India,Severe,54,76,Bombardier CRJ900,Structural failure,"New York, USA",Rain,20537,389,40,Night,Back,Partial - High Monetary Damage
03/10/2020,Air India,Severe,53,2,Boeing 737,Severe turbulence,"Dubai, UAE",Windy,26632,598,31,Daylight,Front,Full Plane
25/06/2020,Air India,Minor,1,113,Airbus A380,Severe turbulence,"Mumbai, India",Thunderstorm,15941,232,3,Night,Front,Partial - High Monetary Damage
21/07/2024,Qatar Airways,Minor,1,280,Embraer 190,Controlled flight into terrain,"Tokyo, Japan",Fog,6207,462,35,Night,Back,Partial - High Monetary Damage
27/04/2012,Lufthansa,Minor,3,0,Boeing 777,Lightning strike,"Tokyo, Japan",Rain,26734,216,5,Night,Front,Full Plane
26/03/2011,Singapore Airlines,Minor,1,57,Airbus A320,Controlled flight into terrain,"São Paulo, Brazil",Fog,13114,448,15,Night,Back,Full Plane
27/07/2020,Qatar Airways,Minor,4,103,Boeing 747,Fuel exhaustion,"Mumbai, India",Clear,6168,569,32,Night,Back,Partial - High Monetary Damage
25/05/2016,Emirates,Severe,158,119,Boeing 747,Bird strike,"London, UK",Fog,11020,101,10,Night,Front,Partial - Low Monetary Damage
22/04/2011,Qatar Airways,Minor,4,238,Boeing 747,Lightning strike,"Tokyo, Japan",Fog,39084,304,12,Daylight,Front,Full Plane
23/05/2016,British Airways,Minor,4,203,Embraer 190,Sabotage,"Paris, France",Fog,30211,413,38,Night,Front,Partial - Low Monetary Damage
27/01/2015,Emirates,Minor,2,37,Embraer 190,Landing gear malfunction,"Tokyo, Japan",Windy,24020,276,36,Daylight,Front,Partial - High Monetary Damage
17/01/2015,Singapore Airlines,Minor,1,39,Bombardier CRJ900,Mid-air collision,"Paris, France",Windy,23094,435,10,Night,Front,Full Plane
11/07/2019,Qatar Airways,Minor,4,187,Boeing 777,Fuel exhaustion,"Dubai, UAE",Fog,29401,166,8,Daylight,Front,Partial - Low Monetary Damage
16/04/2022,Lufthansa,Minor,3,233,Bombardier CRJ900,Mid-air collision,"Toronto, Canada",Rain,11665,197,2,Daylight,Back,Partial - High Monetary Damage
27/12/2022,United,Minor,7,246,Airbus A380,Engine failure during takeoff,"Dubai, UAE",Snow,27159,274,40,Night,Front,Partial - High Monetary Damage
14/05/2018,Air India,Minor,10,4,Embraer 190,Sabotage,"Toronto, Canada",Snow,6773,324,13,Night,Back,Full Plane
06/12/2019,British Airways,Minor,7,50,Bombardier CRJ900,Fuel exhaustion,"Dubai, UAE",Snow,27430,375,24,Night,Back,Partial - High Monetary Damage
24/05/2023,United,Severe,178,159,Bombardier CRJ900,Lightning strike,"São Paulo, Brazil",Clear,39104,550,10,Daylight,Back,Full Plane
05/07/2018,Delta,Minor,10,45,Boeing 747,Structural failure,"London, UK",Clear,19994,300,20,Daylight,Back,Partial - High Monetary Damage
29/02/2020,British Airways,Minor,10,58,Embraer 190,Sabotage,"Dubai, UAE",Fog,39898,265,13,Daylight,Front,Partial - High Monetary Damage
08/09/2025,Singapore Airlines,Minor,0,40,Boeing 777,Engine failure during takeoff,"Tokyo, Japan",Windy,26903,498,39,Night,Back,Full Plane
27/05/2013,Turkish Airlines,Severe,296,182,Boeing 737,Bird strike,"London, UK",Thunderstorm,14281,171,10,Night,Front,Full Plane
15/07/2024,Lufthansa,Minor,5,270,Boeing 777,Fuel exhaustion,"Sydney, Australia",Thunderstorm,31981,406,11,Daylight,Front,Partial - High Monetary Damage
02/08/2016,British Airways,Minor,5,55,Airbus A350,Fuel exhaustion,"Paris, France",Snow,36736,256,39,Daylight,Back,Partial - Low Monetary Damage
01/04/2019,Lufthansa,Minor,10,194,Boeing 777,Severe turbulence,"Mumbai, India",Fog,33234,146,24,Night,Back,Full Plane
13/11/2011,Turkish Airlines,Minor,9,78,Airbus A350,Bird strike,"New York, USA",Thunderstorm,4655,169,3,Daylight,Back,Partial - Low Monetary Damage
08/01/2025,United,Severe,85,108,Boeing 747,Runway excursion,"Beijing, China",Thunderstorm,5811,358,6,Daylight,Back,Full Plane
16/03/2011,British Airways,Severe,239,35,Airbus A380,Bird strike,"Tokyo, Japan",Rain,37614,275,20,Night,Back,Partial - High Monetary Damage
07/05/2017,Qatar Airways,Severe,84,181,Airbus A320,Structural failure,"Sydney, Australia",Snow,13845,224,37,Night,Front,Partial - High Monetary Damage
06/07/2011,Turkish Airlines,Severe,278,124,Airbus A380,Landing gear malfunction,"New York, USA",Windy,34442,346,26,Daylight,Back,Full Plane
21/01/2012,Air India,Minor,7,139,Boeing 777,Controlled flight into terrain,"Dubai, UAE",Clear,38664,466,9,Night,Front,Partial - High Monetary Damage
14/10/2010,American Airlines,Minor,7,82,Airbus A320,Mid-air collision,"Sydney, Australia",Clear,38060,527,36,Night,Front,Partial - Low Monetary Damage
19/10/2022,Singapore Airlines,Minor,0,280,Boeing 777,Landing gear malfunction,"Sydney, Australia",Thunderstorm,38354,124,17,Night,Front,Full Plane
05/01/2010,United,Severe,291,37,Airbus A380,Pilot error,"Toronto, Canada",Thunderstorm,3509,116,2,Daylight,Front,Partial - Low Monetary Damage
24/02/2011,Lufthansa,Minor,10,57,Airbus A320,Mid-air collision,"Sydney, Australia",Snow,25687,502,30,Night,Front,Full Plane
03/03/2025,United,Minor,2,183,Boeing 777,Severe turbulence,"Mumbai, India",Clear,34760,295,28,Daylight,Front,Full Plane
08/07/2020,Turkish Airlines,Minor,6,279,Airbus A380,Fuel exhaustion,"Dubai, UAE",Rain,10924,541,38,Night,Back,Partial - High Monetary Damage
22/02/2011,Singapore Airlines,Severe,63,236,Boeing 777,Lightning strike,"Toronto, Canada",Fog,3103,581,22,Night,Back,Partial - Low Monetary Damage
19/05/2012,Lufthansa,Minor,4,207,Boeing 737,Pilot error,"Dubai, UAE",Windy,7459,235,13,Night,Back,Partial - High Monetary Damage
18/02/2021,United,Minor,9,172,Boeing 747,Runway excursion,"São Paulo, Brazil",Rain,13577,229,39,Night,Back,Partial - High Monetary Damage
15/06/2022,Qatar Airways,Minor,7,19,Airbus A320,Lightning strike,"Beijing, China",Rain,849,371,4,Night,Front,Full Plane
14/02/2018,Singapore Airlines,Minor,6,295,Boeing 737,Runway excursion,"Mumbai, India",Thunderstorm,32741,553,35,Daylight,Back,Partial - High Monetary Damage
19/08/2010,United,Severe,209,32,Embraer 190,Lightning strike,"Paris, France",Clear,5037,523,30,Night,Back,Full Plane
17/12/2013,British Airways,Severe,289,192,Boeing 737,Fuel exhaustion,"Tokyo, Japan",Rain,27919,384,35,Daylight,Back,Partial - High Monetary Damage
07/04/2010,United,Minor,10,103,Airbus A320,Lightning strike,"Toronto, Canada",Rain,32358,272,14,Daylight,Front,Partial - Low Monetary Damage
08/05/2018,Turkish Airlines,Minor,7,229,Airbus A380,Landing gear malfunction,"Beijing, China",Clear,22810,247,19,Daylight,Front,Partial - High Monetary Damage
29/01/2011,United,Minor,9,186,Embraer 190,Fuel exhaustion,"Tokyo, Japan",Snow,12355,372,32,Daylight,Back,Partial - High Monetary Damage
02/05/2013,Air India,Minor,9,11,Boeing 747,Pilot error,"Tokyo, Japan",Fog,11255,345,26,Daylight,Front,Full Plane
21/10/2017,Delta,Severe,238,188,Bombardier CRJ900,Landing gear malfunction,"Mumbai, India",Fog,7531,499,30,Daylight,Front,Partial - High Monetary Damage
01/12/2024,Singapore Airlines,Severe,297,224,Boeing 777,Controlled flight into terrain,"New York, USA",Fog,25494,584,40,Daylight,Back,Full Plane
25/06/2016,Singapore Airlines,Minor,8,70,Airbus A380,Landing gear malfunction,"Toronto, Canada",Rain,14536,274,2,Daylight,Front,Partial - High Monetary Damage
06/09/2022,Delta,Minor,7,61,Bombardier CRJ900,Mid-air collision,"New York, USA",Clear,12744,225,4,Night,Back,Full Plane
15/08/2020,United,Severe,228,189,Airbus A350,Pilot error,"São Paulo, Brazil",Thunderstorm,27629,154,29,Daylight,Front,Partial - High Monetary Damage
01/09/2013,Air India,Severe,97,32,Boeing 737,Fuel exhaustion,"São Paulo, Brazil",Rain,7899,159,33,Night,Back,Full Plane
22/05/2025,United,Minor,5,19,Boeing 777,Pilot error,"Sydney, Australia",Thunderstorm,15864,592,10,Night,Front,Partial - Low Monetary Damage
22/01/2024,Emirates,Severe,153,285,Bombardier CRJ900,Pilot error,"Beijing, China",Rain,5038,396,20,Daylight,Front,Partial - High Monetary Damage
25/02/2015,Air India,Severe,221,47,Embraer 190,Sabotage,"New York, USA",Thunderstorm,30815,423,20,Night,Back,Partial - High Monetary Damage
10/10/2025,British Airways,Minor,9,31,Airbus A320,Mid-air collision,"Sydney, Australia",Rain,34529,485,26,Daylight,Back,Partial - Low Monetary Damage
24/04/2025,British Airways,Minor,6,15,Bombardier CRJ900,Pilot error,"Toronto, Canada",Fog,21589,491,28,Night,Front,Partial - High Monetary Damage
09/11/2023,Qatar Airways,Severe,215,296,Boeing 777,Sabotage,"Mumbai, India",Thunderstorm,17547,509,26,Daylight,Back,Partial - Low Monetary Damage
09/12/2013,American Airlines,Minor,4,135,Boeing 777,Pilot error,"Sydney, Australia",Clear,37905,366,25,Night,Front,Full Plane
26/09/2010,Qatar Airways,Severe,69,150,Airbus A350,Severe turbulence,"New York, USA",Clear,2400,501,39,Night,Back,Partial - Low Monetary Damage
02/11/2011,United,Minor,1,113,Bombardier CRJ900,Pilot error,"Dubai, UAE",Snow,2975,105,20,Night,Back,Full Plane
08/04/2010,Lufthansa,Severe,104,7,Bombardier CRJ900,Lightning strike,"New York, USA",Thunderstorm,20347,231,36,Night,Back,Full Plane
17/02/2025,Delta,Minor,5,18,Airbus A350,Severe turbulence,"São Paulo, Brazil",Fog,39456,185,15,Daylight,Front,Partial - High Monetary Damage
11/11/2013,United,Minor,0,71,Boeing 747,Landing gear malfunction,"New York, USA",Thunderstorm,3688,285,28,Night,Front,Partial - Low Monetary Damage
28/11/2023,United,Minor,7,235,Airbus A350,Lightning strike,"London, UK",Fog,15903,279,1,Daylight,Back,Partial - High Monetary Damage
22/07/2020,Emirates,Severe,226,249,Boeing 747,Lightning strike,"Tokyo, Japan",Thunderstorm,31209,593,37,Night,Front,Full Plane
05/03/2018,Turkish Airlines,Minor,6,115,Bombardier CRJ900,Lightning strike,"Dubai, UAE",Fog,10704,259,20,Night,Front,Partial - High Monetary Damage
02/01/2024,Turkish Airlines,Minor,4,70,Boeing 777,Mid-air collision,"Tokyo, Japan",Clear,39411,563,14,Daylight,Back,Partial - High Monetary Damage
12/07/2023,Qatar Airways,Minor,9,7,Embraer 190,Lightning strike,"New York, USA",Snow,23413,173,34,Daylight,Front,Full Plane
13/08/2020,Turkish Airlines,Severe,209,192,Boeing 777,Mid-air collision,"Dubai, UAE",Snow,19389,371,27,Daylight,Front,Partial - High Monetary Damage
13/01/2016,Turkish Airlines,Minor,6,171,Boeing 737,Sabotage,"Dubai, UAE",Rain,24351,510,33,Daylight,Back,Partial - High Monetary Damage
17/07/2024,Turkish Airlines,Minor,7,203,Airbus A350,Pilot error,"London, UK",Windy,33809,103,11,Night,Back,Full Plane
02/05/2020,Lufthansa,Severe,92,289,Boeing 777,Pilot error,"Mumbai, India",Windy,21817,265,23,Night,Back,Partial - High Monetary Damage
16/02/2025,Turkish Airlines,Minor,7,148,Airbus A320,Lightning strike,"Beijing, China",Thunderstorm,32998,226,2,Night,Front,Full Plane
16/07/2025,Lufthansa,Severe,230,74,Bombardier CRJ900,Structural failure,"Paris, France",Snow,14739,598,34,Daylight,Back,Full Plane
01/09/2024,Lufthansa,Minor,6,228,Embraer 190,Pilot error,"Tokyo, Japan",Windy,22396,327,21,Night,Back,Full Plane
19/11/2024,Emirates,Minor,3,211,Airbus A380,Mid-air collision,"New York, USA",Rain,27597,310,22,Daylight,Back,Partial - High Monetary Damage
27/06/2017,Air India,Minor,3,96,Airbus A320,Lightning strike,"Beijing, China",Rain,15362,489,38,Daylight,Back,Partial - High Monetary Damage
09/05/2024,Delta,Minor,9,283,Embraer 190,Pilot error,"Beijing, China",Snow,39170,254,12,Night,Front,Full Plane
28/02/2015,American Airlines,Minor,6,4,Boeing 737,Landing gear malfunction,"São Paulo, Brazil",Fog,38403,596,22,Night,Front,Partial - High Monetary Damage
10/06/2023,United,Severe,179,269,Boeing 777,Pilot error,"Tokyo, Japan",Windy,35924,167,28,Night,Front,Partial - High Monetary Damage
22/06/2019,Singapore Airlines,Minor,0,88,Bombardier CRJ900,Engine failure during takeoff,"New York, USA",Fog,8104,286,11,Night,Back,Full Plane
17/03/2017,Turkish Airlines,Minor,0,195,Airbus A320,Runway excursion,"Tokyo, Japan",Thunderstorm,10036,270,37,Night,Front,Partial - High Monetary Damage
07/05/2023,American Airlines,Minor,7,101,Bombardier CRJ900,Controlled flight into terrain,"Paris, France",Windy,31577,509,31,Daylight,Back,Partial - Low Monetary Damage
15/02/2020,Air India,Minor,1,84,Boeing 777,Controlled flight into terrain,"Dubai, UAE",Thunderstorm,18248,115,12,Night,Front,Full Plane
08/12/2016,United,Minor,1,201,Airbus A320,Sabotage,"Dubai, UAE",Thunderstorm,14275,345,25,Daylight,Front,Partial - Low Monetary Damage
16/09/2015,British Airways,Minor,9,227,Bombardier CRJ900,Runway excursion,"Mumbai, India",Rain,39567,385,25,Daylight,Back,Partial - Low Monetary Damage
30/09/2013,American Airlines,Severe,271,213,Airbus A380,Bird strike,"Paris, France",Clear,10100,540,37,Night,Back,Full Plane
09/10/2017,American Airlines,Minor,4,115,Airbus A380,Bird strike,"Paris, France",Rain,9535,597,10,Daylight,Back,Full Plane
24/05/2013,United,Minor,7,51,Bombardier CRJ900,Mid-air collision,"Paris, France",Snow,21112,587,14,Night,Back,Partial - Low Monetary Damage
09/08/2018,United,Minor,5,44,Airbus A380,Engine failure during takeoff,"Dubai, UAE",Clear,22414,317,10,Daylight,Front,Partial - High Monetary Damage
15/11/2024,Lufthansa,Minor,0,158,Boeing 777,Lightning strike,"New York, USA",Clear,6936,381,21,Night,Front,Partial - Low Monetary Damage
18/03/2025,Lufthansa,Severe,218,126,Boeing 737,Fuel exhaustion,"Dubai, UAE",Fog,28701,371,29,Daylight,Back,Partial - High Monetary Damage
06/04/2025,Emirates,Minor,5,40,Airbus A350,Runway excursion,"Paris, France",Snow,17847,426,11,Night,Front,Partial - High Monetary Damage
22/10/2023,British Airways,Minor,10,31,Boeing 777,Landing gear malfunction,"Mumbai, India",Rain,4570,591,32,Daylight,Back,Partial - Low Monetary Damage
14/10/2015,Emirates,Severe,97,234,Boeing 777,Bird strike,"London, UK",Clear,39334,328,16,Daylight,Back,Full Plane
02/01/2025,Qatar Airways,Minor,2,173,Boeing 777,Lightning strike,"New York, USA",Fog,12075,378,20,Daylight,Back,Partial - High Monetary Damage
18/07/2024,British Airways,Minor,0,117,Airbus A380,Sabotage,"Dubai, UAE",Windy,21146,303,27,Night,Back,Partial - High Monetary Damage
19/09/2013,Lufthansa,Minor,1,257,Embraer 190,Structural failure,"Mumbai, India",Rain,36546,114,35,Daylight,Front,Partial - Low Monetary Damage
06/04/2011,Lufthansa,Severe,66,243,Boeing 777,Sabotage,"Mumbai, India",Rain,4375,447,39,Daylight,Front,Full Plane
23/04/2016,Lufthansa,Minor,2,40,Airbus A320,Mid-air collision,"Mumbai, India",Clear,16650,192,11,Night,Back,Full Plane
15/11/2011,Delta,Minor,7,141,Embraer 190,Lightning strike,"New York, USA",Windy,32344,121,31,Daylight,Back,Full Plane
27/01/2019,United,Minor,0,55,Airbus A350,Controlled flight into terrain,"London, UK",Windy,27588,217,4,Night,Back,Full Plane
17/05/2016,American Airlines,Minor,4,136,Airbus A320,Runway excursion,"Tokyo, Japan",Fog,11763,469,18,Night,Back,Partial - Low Monetary Damage
14/07/2012,Turkish Airlines,Severe,86,95,Boeing 747,Controlled flight into terrain,"Paris, France",Rain,6966,402,30,Night,Back,Full Plane
31/10/2017,American Airlines,Minor,2,221,Airbus A380,Runway excursion,"Mumbai, India",Rain,11940,586,12,Night,Back,Partial - High Monetary Damage
27/09/2014,Air India,Severe,294,149,Boeing 777,Lightning strike,"Beijing, China",Windy,12312,166,13,Night,Front,Partial - High Monetary Damage
21/11/2019,American Airlines,Severe,229,68,Airbus A380,Pilot error,"Mumbai, India",Rain,26595,186,16,Night,Front,Partial - High Monetary Damage
17/07/2016,Lufthansa,Severe,144,113,Boeing 777,Severe turbulence,"New York, USA",Snow,2445,162,17,Night,Back,Partial - Low Monetary Damage
19/11/2010,British Airways,Minor,9,15,Airbus A350,Mid-air collision,"Paris, France",Thunderstorm,7963,227,17,Daylight,Back,Partial - High Monetary Damage
02/04/2025,British Airways,Minor,3,192,Airbus A350,Bird strike,"Sydney, Australia",Thunderstorm,35520,554,28,Night,Back,Full Plane
21/03/2018,Emirates,Minor,3,131,Airbus A380,Severe turbulence,"Tokyo, Japan",Fog,25897,138,27,Daylight,Back,Partial - High Monetary Damage
01/02/2012,Turkish Airlines,Severe,216,195,Airbus A380,Engine failure during takeoff,"São Paulo, Brazil",Fog,15287,569,26,Night,Front,Partial - High Monetary Damage
18/03/2014,British Airways,Minor,2,57,Airbus A350,Lightning strike,"São Paulo, Brazil",Snow,37450,346,7,Night,Back,Full Plane
07/05/2015,Air India,Severe,103,144,Boeing 747,Structural failure,"São Paulo, Brazil",Snow,39205,117,3,Night,Back,Partial - Low Monetary Damage
14/04/2020,British Airways,Minor,8,101,Boeing 747,Bird strike,"Beijing, China",Fog,17112,561,23,Night,Back,Partial - High Monetary Damage
28/09/2023,Turkish Airlines,Minor,1,259,Embraer 190,Engine failure during takeoff,"Paris, France",Snow,23462,560,7,Daylight,Front,Partial - Low Monetary Damage
26/02/2015,Turkish Airlines,Minor,4,103,Airbus A320,Sabotage,"Tokyo, Japan",Clear,16921,147,20,Daylight,Back,Partial - Low Monetary Damage
18/12/2019,Turkish Airlines,Severe,109,259,Bombardier CRJ900,Bird strike,"Paris, France",Rain,6400,418,39,Daylight,Back,Partial - High Monetary Damage
04/07/2019,Singapore Airlines,Severe,104,32,Bombardier CRJ900,Severe turbulence,"Paris, France",Thunderstorm,13625,596,25,Daylight,Back,Partial - High Monetary Damage
14/11/2018,Singapore Airlines,Minor,1,211,Bombardier CRJ900,Structural failure,"Paris, France",Fog,36363,467,6,Night,Back,Full Plane
11/11/2022,Emirates,Minor,6,254,Airbus A380,Engine failure during takeoff,"Dubai, UAE",Fog,16494,562,35,Night,Back,Partial - High Monetary Damage
27/05/2025,Singapore Airlines,Minor,1,153,Boeing 777,Structural failure,"Beijing, China",Clear,20862,266,4,Daylight,Front,Full Plane
21/08/2023,Delta,Minor,6,68,Embraer 190,Fuel exhaustion,"Paris, France",Rain,15319,386,25,Night,Front,Partial - High Monetary Damage
13/01/2020,American Airlines,Severe,153,276,Boeing 747,Pilot error,"Sydney, Australia",Rain,6148,305,33,Daylight,Front,Partial - High Monetary Damage
05/07/2018,American Airlines,Minor,9,160,Airbus A380,Runway excursion,"Dubai, UAE",Rain,20575,593,26,Night,Back,Full Plane
20/12/2021,Emirates,Minor,10,159,Boeing 737,Fuel exhaustion,"Tokyo, Japan",Thunderstorm,25533,312,11,Night,Front,Partial - High Monetary Damage
01/08/2012,Lufthansa,Severe,170,26,Airbus A350,Mid-air collision,"Sydney, Australia",Windy,14262,572,33,Daylight,Front,Partial - High Monetary Damage
01/03/2025,Singapore Airlines,Severe,128,182,Boeing 747,Pilot error,"Dubai, UAE",Windy,3455,206,36,Daylight,Back,Partial - High Monetary Damage
14/06/2018,Singapore Airlines,Minor,10,272,Boeing 747,Controlled flight into terrain,"New York, USA",Windy,39525,587,25,Daylight,Back,Partial - High Monetary Damage
09/02/2010,British Airways,Minor,4,145,Bombardier CRJ900,Sabotage,"São Paulo, Brazil",Clear,15883,403,34,Night,Back,Partial - High Monetary Damage
22/11/2021,Emirates,Severe,283,242,Airbus A320,Landing gear malfunction,"New York, USA",Rain,568,497,34,Daylight,Front,Full Plane
08/03/2017,Singapore Airlines,Severe,274,132,Boeing 777,Fuel exhaustion,"Mumbai, India",Windy,30821,395,31,Daylight,Back,Full Plane
14/09/2017,British Airways,Severe,155,126,Bombardier CRJ900,Fuel exhaustion,"Tokyo, Japan",Thunderstorm,39178,438,40,Night,Front,Partial - High Monetary Damage
18/02/2021,Singapore Airlines,Severe,199,285,Bombardier CRJ900,Structural failure,"São Paulo, Brazil",Rain,26210,167,11,Night,Front,Full Plane
26/12/2011,Emirates,Minor,7,298,Boeing 737,Lightning strike,"Paris, France",Snow,34164,376,18,Night,Back,Full Plane
08/04/2020,Lufthansa,Minor,0,149,Boeing 777,Bird strike,"London, UK",Fog,22129,515,17,Night,Back,Partial - High Monetary Damage
03/10/2016,Qatar Airways,Minor,7,250,Boeing 777,Bird strike,"Dubai, UAE",Fog,3023,341,39,Night,Front,Full Plane
06/06/2023,American Airlines,Minor,1,172,Bombardier CRJ900,Engine failure during takeoff,"Beijing, China",Rain,38479,389,17,Night,Front,Full Plane
28/09/2024,British Airways,Minor,1,68,Airbus A320,Mid-air collision,"Beijing, China",Clear,28091,368,2,Night,Front,Full Plane
16/01/2011,Qatar Airways,Severe,204,260,Boeing 777,Engine failure during takeoff,"London, UK",Clear,20044,497,16,Night,Back,Partial - High Monetary Damage
23/02/2018,Qatar Airways,Minor,8,247,Boeing 737,Engine failure during takeoff,"Dubai, UAE",Rain,23747,347,40,Daylight,Front,Full Plane
07/09/2021,American Airlines,Minor,9,82,Airbus A350,Pilot error,"Tokyo, Japan",Windy,37964,181,24,Daylight,Back,Partial - Low Monetary Damage
09/09/2016,United,Minor,5,156,Airbus A380,Pilot error,"New York, USA",Snow,35283,570,6,Night,Front,Full Plane
21/10/2023,British Airways,Severe,279,170,Bombardier CRJ900,Lightning strike,"Toronto, Canada",Thunderstorm,30462,553,34,Daylight,Front,Partial - High Monetary Damage
08/10/2018,Qatar Airways,Minor,1,234,Bombardier CRJ900,Landing gear malfunction,"Mumbai, India",Snow,8887,365,28,Daylight,Front,Full Plane
30/07/2021,Turkish Airlines,Severe,252,288,Airbus A320,Pilot error,"Tokyo, Japan",Snow,18190,354,40,Night,Front,Partial - High Monetary Damage
02/06/2021,Emirates,Minor,1,284,Airbus A380,Landing gear malfunction,"Sydney, Australia",Thunderstorm,2104,203,21,Daylight,Back,Full Plane
08/10/2011,Singapore Airlines,Minor,1,278,Bombardier CRJ900,Severe turbulence,"Mumbai, India",Snow,36857,523,27,Night,Front,Partial - High Monetary Damage
03/03/2016,United,Minor,5,91,Airbus A350,Bird strike,"Tokyo, Japan",Rain,39672,508,6,Night,Front,Partial - High Monetary Damage
14/02/2016,American Airlines,Minor,7,95,Boeing 777,Sabotage,"Tokyo, Japan",Fog,11523,458,15,Night,Back,Partial - Low Monetary Damage
12/03/2023,American Airlines,Minor,8,147,Airbus A380,Lightning strike,"Tokyo, Japan",Clear,7052,139,20,Daylight,Back,Full Plane
25/09/2023,Delta,Minor,7,174,Boeing 777,Mid-air collision,"Dubai, UAE",Fog,30205,228,18,Daylight,Back,Partial - High Monetary Damage
13/10/2010,Singapore Airlines,Severe,82,176,Boeing 777,Lightning strike,"New York, USA",Windy,31683,510,4,Daylight,Back,Full Plane
25/07/2021,Delta,Minor,3,151,Boeing 737,Engine failure during takeoff,"London, UK",Clear,12332,180,36,Daylight,Front,Partial - Low Monetary Damage
23/04/2011,United,Minor,9,13,Airbus A320,Engine failure during takeoff,"Dubai, UAE",Rain,21536,512,35,Night,Back,Partial - High Monetary Damage
29/09/2014,Turkish Airlines,Severe,65,143,Boeing 777,Bird strike,"Paris, France",Clear,6091,258,15,Daylight,Back,Full Plane
27/07/2017,Singapore Airlines,Minor,3,77,Airbus A350,Sabotage,"Toronto, Canada",Snow,27429,390,16,Night,Front,Full Plane
16/04/2021,United,Minor,7,62,Embraer 190,Fuel exhaustion,"Sydney, Australia",Rain,26244,285,7,Night,Front,Partial - High Monetary Damage
28/12/2018,British Airways,Minor,1,10,Boeing 737,Severe turbulence,"Paris, France",Rain,33306,508,35,Daylight,Front,Partial - High Monetary Damage
01/11/2013,British Airways,Minor,5,4,Airbus A380,Bird strike,"London, UK",Fog,4218,309,16,Night,Back,Full Plane
09/05/2016,Air India,Severe,215,57,Boeing 777,Severe turbulence,"Toronto, Canada",Thunderstorm,4360,188,35,Night,Back,Partial - High Monetary Damage
05/01/2011,American Airlines,Minor,5,153,Boeing 737,Mid-air collision,"Toronto, Canada",Thunderstorm,13513,395,2,Night,Back,Partial - High Monetary Damage
11/02/2025,Emirates,Minor,8,204,Boeing 737,Sabotage,"Beijing, China",Windy,14142,518,8,Night,Back,Partial - High Monetary Damage
22/12/2017,United,Minor,6,60,Boeing 747,Structural failure,"Tokyo, Japan",Thunderstorm,30832,157,26,Night,Back,Partial - Low Monetary Damage
18/12/2019,American Airlines,Minor,0,56,Bombardier CRJ900,Fuel exhaustion,"Mumbai, India",Thunderstorm,12590,342,38,Daylight,Front,Partial - Low Monetary Damage
24/09/2015,Turkish Airlines,Minor,2,242,Bombardier CRJ900,Landing gear malfunction,"Beijing, China",Clear,28101,568,13,Night,Back,Partial - Low Monetary Damage
16/12/2015,Lufthansa,Minor,6,228,Bombardier CRJ900,Fuel exhaustion,"Dubai, UAE",Snow,29676,441,18,Daylight,Front,Partial - Low Monetary Damage
02/06/2017,American Airlines,Severe,127,269,Airbus A350,Runway excursion,"London, UK",Fog,1886,395,31,Night,Back,Full Plane
08/08/2010,Delta,Minor,2,164,Airbus A380,Sabotage,"New York, USA",Clear,31340,300,27,Daylight,Front,Partial - High Monetary Damage
02/09/2022,Qatar Airways,Severe,103,143,Airbus A350,Lightning strike,"Sydney, Australia",Windy,8918,258,38,Daylight,Back,Partial - High Monetary Damage
05/11/2023,Air India,Minor,6,190,Airbus A350,Landing gear malfunction,"Dubai, UAE",Snow,7931,253,5,Night,Front,Partial - High Monetary Damage
15/12/2022,United,Severe,272,106,Boeing 777,Mid-air collision,"Tokyo, Japan",Rain,31380,158,9,Daylight,Back,Full Plane
06/07/2022,Delta,Minor,2,289,Airbus A380,Fuel exhaustion,"Beijing, China",Snow,14834,318,14,Daylight,Front,Full Plane
18/10/2019,Delta,Minor,4,16,Embraer 190,Lightning strike,"London, UK",Clear,19250,104,32,Night,Back,Partial - High Monetary Damage
09/09/2014,Delta,Minor,5,177,Boeing 737,Fuel exhaustion,"Tokyo, Japan",Clear,734,220,32,Night,Front,Partial - High Monetary Damage
05/02/2014,American Airlines,Minor,8,225,Boeing 737,Controlled flight into terrain,"Paris, France",Clear,11813,199,39,Night,Back,Partial - High Monetary Damage
19/10/2015,Air India,Severe,187,279,Airbus A380,Controlled flight into terrain,"Toronto, Canada",Windy,20029,489,16,Night,Front,Partial - High Monetary Damage
21/05/2018,Delta,Minor,4,194,Boeing 737,Structural failure,"Mumbai, India",Windy,8690,193,40,Night,Back,Partial - High Monetary Damage
18/06/2015,Singapore Airlines,Minor,6,196,Boeing 747,Engine failure during takeoff,"Tokyo, Japan",Snow,11249,377,36,Daylight,Front,Full Plane
12/02/2017,British Airways,Minor,9,65,Boeing 747,Runway excursion,"London, UK",Thunderstorm,11189,385,1,Daylight,Front,Partial - Low Monetary Damage
05/04/2013,Singapore Airlines,Minor,3,220,Airbus A380,Landing gear malfunction,"Tokyo, Japan",Fog,17719,359,6,Night,Front,Partial - Low Monetary Damage
25/11/2019,Turkish Airlines,Severe,164,90,Embraer 190,Severe turbulence,"Dubai, UAE",Clear,6164,103,11,Daylight,Front,Full Plane
05/04/2023,United,Minor,1,110,Airbus A320,Lightning strike,"Dubai, UAE",Rain,34420,341,11,Night,Back,Full Plane
14/06/2012,British Airways,Severe,257,121,Airbus A350,Lightning strike,"Sydney, Australia",Fog,15042,102,2,Daylight,Back,Partial - Low Monetary Damage
07/03/2012,Singapore Airlines,Minor,4,290,Airbus A320,Mid-air collision,"Toronto, Canada",Snow,4019,109,5,Night,Back,Partial - Low Monetary Damage
12/08/2012,British Airways,Minor,7,173,Bombardier CRJ900,Severe turbulence,"London, UK",Clear,26987,265,25,Daylight,Back,Partial - High Monetary Damage
12/01/2012,Emirates,Minor,10,123,Airbus A320,Pilot error,"Paris, France",Rain,16097,140,14,Daylight,Front,Full Plane
05/07/2025,United,Minor,8,4,Airbus A350,Sabotage,"London, UK",Clear,12112,459,7,Night,Back,Full Plane
10/04/2011,Air India,Minor,7,16,Boeing 777,Fuel exhaustion,"Toronto, Canada",Clear,15380,121,33,Daylight,Front,Partial - High Monetary Damage
22/09/2025,Turkish Airlines,Severe,138,65,Airbus A380,Runway excursion,"Mumbai, India",Rain,28434,191,24,Night,Back,Full Plane
15/08/2021,United,Minor,0,177,Airbus A320,Pilot error,"Paris, France",Fog,20491,369,12,Night,Front,Partial - High Monetary Damage
05/05/2018,United,Minor,8,179,Boeing 737,Mid-air collision,"Sydney, Australia",Thunderstorm,20220,349,2,Night,Front,Full Plane
17/07/2025,United,Minor,10,100,Boeing 777,Pilot error,"Dubai, UAE",Thunderstorm,944,259,1,Night,Front,Full Plane
04/08/2011,United,Severe,55,171,Boeing 777,Sabotage,"Sydney, Australia",Snow,6169,273,10,Night,Front,Partial - Low Monetary Damage
25/12/2021,Emirates,Minor,5,93,Airbus A350,Fuel exhaustion,"Beijing, China",Thunderstorm,35669,450,16,Daylight,Front,Partial - High Monetary Damage
13/08/2015,British Airways,Severe,215,189,Boeing 737,Landing gear malfunction,"Toronto, Canada",Fog,6545,140,38,Daylight,Back,Full Plane
16/03/2019,Qatar Airways,Minor,7,204,Airbus A320,Landing gear malfunction,"Mumbai, India",Windy,20316,176,7,Night,Back,Full Plane
12/03/2025,Qatar Airways,Minor,10,105,Boeing 747,Mid-air collision,"Dubai, UAE",Clear,19017,580,24,Daylight,Back,Partial - Low Monetary Damage
08/07/2019,American Airlines,Severe,66,232,Airbus A380,Severe turbulence,"São Paulo, Brazil",Clear,17593,110,10,Night,Back,Partial - High Monetary Damage
23/06/2021,Qatar Airways,Minor,1,249,Bombardier CRJ900,Severe turbulence,"Sydney, Australia",Thunderstorm,11022,175,14,Night,Back,Full Plane
04/09/2023,United,Severe,277,111,Boeing 747,Mid-air collision,"Beijing, China",Snow,19433,448,5,Night,Back,Partial - High Monetary Damage
04/06/2022,Delta,Minor,7,54,Airbus A380,Runway excursion,"Sydney, Australia",Clear,36224,181,13,Daylight,Back,Partial - Low Monetary Damage
27/12/2024,United,Severe,185,89,Boeing 737,Runway excursion,"London, UK",Snow,17743,474,16,Daylight,Front,Partial - Low Monetary Damage
18/03/2017,Lufthansa,Minor,4,183,Airbus A380,Fuel exhaustion,"Dubai, UAE",Thunderstorm,10177,460,26,Daylight,Front,Partial - High Monetary Damage
19/05/2023,Emirates,Severe,211,80,Boeing 737,Engine failure during takeoff,"New York, USA",Clear,2019,435,14,Night,Front,Full Plane
27/12/2014,Turkish Airlines,Minor,4,159,Embraer 190,Mid-air collision,"Tokyo, Japan",Clear,10311,485,5,Daylight,Front,Full Plane
21/09/2013,Qatar Airways,Minor,4,185,Bombardier CRJ900,Pilot error,"Sydney, Australia",Snow,18318,101,19,Night,Back,Full Plane
18/09/2011,Emirates,Minor,0,271,Airbus A320,Bird strike,"London, UK",Windy,16033,142,1,Daylight,Back,Partial - High Monetary Damage
12/06/2015,American Airlines,Minor,0,250,Airbus A380,Mid-air collision,"Toronto, Canada",Thunderstorm,24107,470,38,Daylight,Back,Full Plane
03/01/2018,American Airlines,Minor,2,16,Bombardier CRJ900,Landing gear malfunction,"Paris, France",Windy,479,554,36,Daylight,Front,Partial - High Monetary Damage
09/12/2022,American Airlines,Minor,7,62,Airbus A320,Bird strike,"New York, USA",Snow,39382,350,12,Night,Back,Full Plane
30/03/2019,Singapore Airlines,Minor,4,113,Airbus A320,Controlled flight into terrain,"New York, USA",Rain,20162,284,6,Daylight,Back,Partial - High Monetary Damage
22/08/2012,Emirates,Severe,248,48,Boeing 777,Sabotage,"Tokyo, Japan",Thunderstorm,28784,252,11,Night,Front,Partial - High Monetary Damage
20/03/2021,Turkish Airlines,Severe,180,59,Embraer 190,Bird strike,"Tokyo, Japan",Rain,26958,287,32,Night,Front,Partial - Low Monetary Damage
08/12/2024,American Airlines,Minor,9,32,Boeing 737,Engine failure during takeoff,"Dubai, UAE",Fog,23005,584,3,Daylight,Back,Partial - Low Monetary Damage
14/09/2014,Lufthansa,Minor,4,227,Boeing 777,Mid-air collision,"São Paulo, Brazil",Rain,5954,239,12,Night,Front,Partial - High Monetary Damage
05/03/2011,Lufthansa,Severe,93,179,Boeing 777,Mid-air collision,"Beijing, China",Thunderstorm,7734,134,16,Night,Front,Partial - Low Monetary Damage
13/10/2024,Turkish Airlines,Minor,4,62,Airbus A320,Pilot error,"Mumbai, India",Clear,33734,303,8,Daylight,Back,Partial - High Monetary Damage
07/03/2020,American Airlines,Minor,4,251,Airbus A380,Structural failure,"Dubai, UAE",Thunderstorm,27905,241,36,Night,Back,Partial - High Monetary Damage
29/07/2025,American Airlines,Severe,289,121,Boeing 777,Pilot error,"Beijing, China",Windy,4268,371,39,Daylight,Front,Partial - High Monetary Damage
15/06/2014,British Airways,Severe,109,105,Airbus A320,Bird strike,"New York, USA",Snow,22043,355,28,Daylight,Front,Partial - High Monetary Damage
06/08/2024,American Airlines,Severe,163,186,Bombardier CRJ900,Pilot error,"Paris, France",Windy,27297,417,31,Daylight,Back,Full Plane
02/03/2016,Delta,Severe,205,285,Embraer 190,Landing gear malfunction,"Dubai, UAE",Clear,17954,170,12,Night,Front,Partial - Low Monetary Damage
19/07/2025,Turkish Airlines,Minor,3,100,Bombardier CRJ900,Mid-air collision,"London, UK",Fog,528,437,3,Daylight,Front,Partial - Low Monetary Damage
06/12/2021,Turkish Airlines,Minor,6,210,Boeing 777,Controlled flight into terrain,"London, UK",Thunderstorm,37745,542,8,Night,Front,Partial - High Monetary Damage
10/03/2010,Emirates,Severe,149,72,Boeing 737,Severe turbulence,"Mumbai, India",Snow,18678,456,12,Daylight,Back,Partial - Low Monetary Damage
23/11/2010,Lufthansa,Severe,159,150,Airbus A320,Engine failure during takeoff,"Paris, France",Windy,6753,134,40,Night,Back,Partial - High Monetary Damage
03/07/2013,Singapore Airlines,Minor,0,288,Airbus A320,Pilot error,"Mumbai, India",Fog,20245,128,23,Night,Back,Full Plane
25/04/2013,Qatar Airways,Minor,4,90,Airbus A320,Mid-air collision,"Mumbai, India",Fog,32439,544,39,Daylight,Back,Partial - High Monetary Damage
23/09/2024,Turkish Airlines,Severe,129,63,Airbus A320,Controlled flight into terrain,"New York, USA",Windy,23039,554,2,Night,Front,Full Plane
23/05/2019,Singapore Airlines,Severe,187,172,Embraer 190,Structural failure,"Mumbai, India",Clear,12609,237,16,Daylight,Front,Partial - Low Monetary Damage
09/12/2015,Lufthansa,Minor,6,44,Embraer 190,Sabotage,"London, UK",Rain,35333,307,7,Night,Back,Partial - High Monetary Damage
22/06/2013,Emirates,Minor,7,173,Airbus A320,Lightning strike,"Beijing, China",Rain,4256,312,30,Night,Front,Full Plane
06/10/2017,United,Minor,1,219,Boeing 777,Landing gear malfunction,"Paris, France",Fog,12617,167,32,Night,Back,Full Plane
27/10/2023,United,Severe,80,296,Boeing 777,Runway excursion,"Dubai, UAE",Windy,30635,547,21,Night,Front,Partial - High Monetary Damage
09/02/2021,Emirates,Severe,187,158,Boeing 737,Sabotage,"London, UK",Windy,2551,338,26,Night,Front,Full Plane
11/11/2024,Air India,Severe,184,159,Airbus A320,Sabotage,"Tokyo, Japan",Fog,20966,263,37,Daylight,Back,Partial - High Monetary Damage
04/01/2013,Emirates,Severe,69,112,Boeing 737,Controlled flight into terrain,"London, UK",Clear,20384,432,1,Night,Front,Full Plane
12/03/2010,United,Minor,6,283,Bombardier CRJ900,Controlled flight into terrain,"Beijing, China",Thunderstorm,8797,478,1,Night,Front,Full Plane
06/07/2017,Emirates,Minor,1,253,Boeing 777,Landing gear malfunction,"Paris, France",Clear,19666,109,1,Night,Back,Partial - High Monetary Damage
11/06/2017,Turkish Airlines,Minor,8,280,Airbus A350,Runway excursion,"New York, USA",Clear,21285,499,7,Daylight,Front,Full Plane
25/08/2016,Turkish Airlines,Minor,2,243,Bombardier CRJ900,Engine failure during takeoff,"São Paulo, Brazil",Fog,6117,150,38,Night,Front,Partial - High Monetary Damage
06/04/2022,Qatar Airways,Minor,7,35,Airbus A380,Engine failure during takeoff,"Toronto, Canada",Fog,3657,282,6,Daylight,Back,Partial - High Monetary Damage
05/09/2013,Air India,Minor,7,234,Airbus A380,Runway excursion,"Toronto, Canada",Clear,33329,187,30,Daylight,Front,Partial - High Monetary Damage
19/11/2022,Delta,Severe,215,35,Airbus A380,Controlled flight into terrain,"Tokyo, Japan",Fog,11736,307,25,Night,Front,Partial - High Monetary Damage
06/08/2021,Emirates,Severe,106,118,Boeing 737,Fuel exhaustion,"Toronto, Canada",Snow,25266,448,22,Daylight,Back,Full Plane
11/11/2020,Delta,Minor,4,165,Boeing 747,Sabotage,"Dubai, UAE",Thunderstorm,4986,448,14,Night,Back,Partial - Low Monetary Damage
17/04/2022,British Airways,Minor,7,110,Airbus A380,Sabotage,"Beijing, China",Rain,4626,392,12,Night,Front,Full Plane
15/04/2012,United,Minor,7,178,Embraer 190,Bird strike,"Toronto, Canada",Windy,1780,329,19,Daylight,Front,Partial - High Monetary Damage
05/09/2023,United,Minor,4,262,Embraer 190,Lightning strike,"Tokyo, Japan",Windy,13083,229,20,Night,Back,Full Plane
28/02/2013,Qatar Airways,Severe,200,299,Airbus A350,Pilot error,"Dubai, UAE",Rain,20860,241,34,Daylight,Back,Partial - Low Monetary Damage
11/06/2011,Turkish Airlines,Minor,6,42,Airbus A380,Landing gear malfunction,"Mumbai, India",Windy,25121,187,16,Daylight,Back,Partial - High Monetary Damage
28/04/2016,Turkish Airlines,Severe,162,28,Boeing 737,Lightning strike,"Beijing, China",Clear,20940,522,17,Daylight,Front,Full Plane
21/07/2020,Turkish Airlines,Severe,298,179,Boeing 777,Engine failure during takeoff,"Dubai, UAE",Windy,17509,126,14,Daylight,Back,Partial - High Monetary Damage
27/04/2025,Singapore Airlines,Minor,8,142,Bombardier CRJ900,Bird strike,"Dubai, UAE",Rain,11877,217,33,Daylight,Back,Partial - High Monetary Damage
24/09/2015,United,Minor,4,275,Boeing 747,Controlled flight into terrain,"London, UK",Fog,37873,544,31,Daylight,Back,Full Plane
28/08/2023,American Airlines,Minor,5,89,Airbus A320,Severe turbulence,"São Paulo, Brazil",Fog,38904,469,8,Daylight,Back,Partial - Low Monetary Damage
09/02/2022,Turkish Airlines,Minor,2,169,Boeing 777,Controlled flight into terrain,"São Paulo, Brazil",Rain,11496,303,24,Daylight,Front,Partial - Low Monetary Damage
13/04/2016,Air India,Minor,7,221,Boeing 747,Controlled flight into terrain,"Paris, France",Windy,2309,128,5,Night,Back,Partial - High Monetary Damage
09/01/2020,Emirates,Minor,3,81,Boeing 777,Structural failure,"Beijing, China",Clear,11436,346,21,Daylight,Back,Partial - High Monetary Damage
03/11/2016,Delta,Minor,3,247,Airbus A320,Structural failure,"Mumbai, India",Clear,15850,373,19,Night,Front,Full Plane
02/09/2018,Qatar Airways,Minor,10,109,Airbus A320,Pilot error,"São Paulo, Brazil",Rain,31475,565,32,Night,Back,Full Plane
10/02/2010,Air India,Minor,10,217,Boeing 747,Severe turbulence,"London, UK",Fog,25049,492,20,Night,Front,Partial - High Monetary Damage
11/08/2016,Air India,Minor,10,143,Boeing 737,Structural failure,"Tokyo, Japan",Clear,25008,274,28,Daylight,Back,Full Plane
30/11/2013,British Airways,Minor,1,101,Embraer 190,Pilot error,"Dubai, UAE",Thunderstorm,28362,249,40,Daylight,Back,Full Plane
05/02/2023,Delta,Minor,10,103,Boeing 777,Mid-air collision,"New York, USA",Thunderstorm,38213,476,8,Daylight,Back,Partial - Low Monetary Damage
24/07/2015,British Airways,Minor,8,63,Airbus A350,Engine failure during takeoff,"Beijing, China",Thunderstorm,27749,377,8,Daylight,Back,Partial - Low Monetary Damage
21/03/2020,Singapore Airlines,Minor,8,220,Boeing 737,Pilot error,"São Paulo, Brazil",Clear,39318,577,30,Night,Front,Partial - Low Monetary Damage
29/04/2012,Delta,Severe,76,42,Airbus A350,Mid-air collision,"Toronto, Canada",Clear,11355,580,4,Night,Front,Partial - High Monetary Damage
21/10/2020,Qatar Airways,Severe,131,78,Boeing 777,Fuel exhaustion,"Toronto, Canada",Rain,11002,512,36,Daylight,Back,Full Plane
14/04/2022,American Airlines,Minor,6,0,Boeing 777,Engine failure during takeoff,"New York, USA",Clear,37345,196,29,Night,Front,Full Plane
27/08/2015,United,Minor,7,72,Boeing 747,Bird strike,"Sydney, Australia",Rain,22739,203,1,Night,Front,Partial - High Monetary Damage
20/04/2025,Delta,Minor,5,281,Embraer 190,Mid-air collision,"Toronto, Canada",Rain,15317,106,9,Night,Back,Full Plane
22/08/2020,Qatar Airways,Minor,4,215,Boeing 777,Runway excursion,"Sydney, Australia",Windy,15185,393,31,Daylight,Back,Partial - High Monetary Damage
16/01/2014,Air India,Minor,1,273,Boeing 737,Fuel exhaustion,"Tokyo, Japan",Snow,35209,595,10,Daylight,Front,Partial - Low Monetary Damage
23/10/2011,Singapore Airlines,Minor,3,243,Airbus A380,Engine failure during takeoff,"Paris, France",Snow,25147,290,35,Daylight,Back,Partial - High Monetary Damage
19/11/2015,British Airways,Minor,5,285,Airbus A350,Bird strike,"Paris, France",Fog,6112,359,12,Night,Back,Full Plane
22/08/2019,Singapore Airlines,Minor,4,150,Airbus A350,Bird strike,"Paris, France",Clear,37269,587,3,Daylight,Back,Partial - High Monetary Damage
06/10/2011,Lufthansa,Severe,210,78,Embraer 190,Runway excursion,"Dubai, UAE",Clear,16387,352,17,Night,Back,Partial - High Monetary Damage
10/04/2020,Lufthansa,Minor,10,241,Airbus A320,Lightning strike,"Tokyo, Japan",Thunderstorm,6086,172,4,Daylight,Back,Full Plane
09/02/2014,Turkish Airlines,Minor,5,246,Boeing 737,Pilot error,"Tokyo, Japan",Thunderstorm,4287,561,3,Night,Front,Partial - High Monetary Damage
12/03/2021,Emirates,Minor,5,169,Airbus A380,Landing gear malfunction,"São Paulo, Brazil",Fog,35505,221,40,Night,Front,Partial - High Monetary Damage
15/07/2017,Delta,Minor,10,52,Airbus A350,Landing gear malfunction,"Sydney, Australia",Fog,12574,452,16,Daylight,Back,Partial - High Monetary Damage
03/01/2022,Turkish Airlines,Severe,162,161,Boeing 777,Fuel exhaustion,"Mumbai, India",Windy,39900,384,34,Night,Front,Partial - High Monetary Damage
24/01/2011,Singapore Airlines,Minor,9,113,Bombardier CRJ900,Bird strike,"London, UK",Snow,1064,210,1,Night,Back,Partial - Low Monetary Damage
02/02/2016,Delta,Minor,7,203,Boeing 737,Structural failure,"Mumbai, India",Fog,15105,303,35,Night,Back,Partial - Low Monetary Damage
20/09/2017,American Airlines,Minor,10,225,Airbus A320,Fuel exhaustion,"Tokyo, Japan",Fog,20024,373,13,Night,Front,Full Plane
26/03/2013,Turkish Airlines,Severe,256,70,Airbus A380,Sabotage,"New York, USA",Fog,8311,462,19,Daylight,Front,Partial - High Monetary Damage
10/12/2023,Qatar Airways,Severe,57,24,Bombardier CRJ900,Bird strike,"Dubai, UAE",Fog,18379,429,37,Daylight,Front,Full Plane
22/01/2014,British Airways,Severe,235,225,Airbus A320,Mid-air collision,"Mumbai, India",Rain,9751,105,8,Daylight,Front,Full Plane
04/07/2019,Turkish Airlines,Severe,167,181,Boeing 777,Mid-air collision,"Toronto, Canada",Clear,19271,318,12,Night,Front,Partial - High Monetary Damage
02/01/2020,Air India,Minor,9,18,Boeing 747,Bird strike,"São Paulo, Brazil",Clear,144,125,14,Night,Back,Partial - High Monetary Damage
07/08/2019,Qatar Airways,Severe,250,196,Airbus A380,Runway excursion,"Beijing, China",Rain,24808,507,11,Daylight,Back,Partial - Low Monetary Damage
25/11/2023,Singapore Airlines,Severe,234,192,Embraer 190,Bird strike,"Sydney, Australia",Fog,27829,145,8,Night,Front,Partial - High Monetary Damage
17/04/2021,Turkish Airlines,Minor,0,53,Airbus A350,Lightning strike,"Beijing, China",Snow,11644,542,25,Night,Front,Full Plane
18/08/2021,Turkish Airlines,Severe,171,65,Airbus A350,Mid-air collision,"New York, USA",Fog,33579,232,1,Daylight,Front,Partial - High Monetary Damage
23/07/2024,Air India,Minor,7,279,Airbus A350,Engine failure during takeoff,"São Paulo, Brazil",Fog,12309,271,2,Night,Front,Partial - High Monetary Damage
17/11/2023,United,Minor,10,160,Embraer 190,Bird strike,"Mumbai, India",Windy,17705,328,24,Daylight,Back,Partial - High Monetary Damage
16/03/2020,Turkish Airlines,Minor,0,202,Boeing 747,Engine failure during takeoff,"São Paulo, Brazil",Fog,26877,600,39,Daylight,Back,Partial - High Monetary Damage
24/03/2023,Turkish Airlines,Severe,263,265,Boeing 777,Bird strike,"Mumbai, India",Clear,12538,404,14,Daylight,Back,Full Plane
25/02/2022,American Airlines,Severe,129,168,Airbus A380,Fuel exhaustion,"São Paulo, Brazil",Rain,13210,178,12,Daylight,Back,Partial - High Monetary Damage
08/10/2021,Singapore Airlines,Minor,10,289,Boeing 737,Landing gear malfunction,"São Paulo, Brazil",Thunderstorm,19654,217,17,Daylight,Back,Partial - High Monetary Damage
04/05/2020,American Airlines,Minor,10,140,Boeing 747,Lightning strike,"Paris, France",Fog,33907,168,5,Daylight,Front,Full Plane
22/07/2020,American Airlines,Minor,5,149,Airbus A320,Severe turbulence,"São Paulo, Brazil",Windy,35310,305,35,Daylight,Front,Partial - High Monetary Damage
01/06/2017,United,Minor,5,40,Boeing 777,Mid-air collision,"Dubai, UAE",Clear,39617,348,15,Night,Front,Partial - High Monetary Damage
29/07/2016,Turkish Airlines,Severe,297,215,Boeing 737,Mid-air collision,"Mumbai, India",Clear,15078,138,9,Daylight,Back,Full Plane
02/04/2016,Lufthansa,Severe,103,146,Boeing 777,Engine failure during takeoff,"Sydney, Australia",Windy,15606,237,23,Night,Back,Full Plane
22/05/2017,Qatar Airways,Minor,0,292,Bombardier CRJ900,Mid-air collision,"Toronto, Canada",Windy,16865,479,12,Night,Back,Partial - High Monetary Damage
02/07/2021,Lufthansa,Severe,55,121,Boeing 737,Engine failure during takeoff,"Dubai, UAE",Snow,13676,439,29,Daylight,Back,Full Plane
15/10/2015,Emirates,Severe,68,105,Embraer 190,Mid-air collision,"Sydney, Australia",Clear,30974,372,25,Night,Back,Full Plane
20/02/2020,Delta,Minor,7,50,Airbus A320,Mid-air collision,"Dubai, UAE",Clear,24309,275,11,Daylight,Back,Partial - High Monetary Damage
12/08/2016,Emirates,Minor,3,42,Airbus A350,Pilot error,"New York, USA",Clear,6719,356,24,Night,Front,Full Plane
22/07/2011,American Airlines,Minor,1,44,Boeing 777,Landing gear malfunction,"São Paulo, Brazil",Fog,34525,460,10,Night,Back,Partial - Low Monetary Damage
15/04/2015,Delta,Minor,4,163,Bombardier CRJ900,Structural failure,"Beijing, China",Rain,24985,151,3,Night,Back,Partial - High Monetary Damage
24/03/2016,Lufthansa,Minor,1,195,Airbus A380,Structural failure,"Sydney, Australia",Snow,28585,417,11,Night,Back,Full Plane
04/02/2010,Turkish Airlines,Minor,2,277,Bombardier CRJ900,Severe turbulence,"Toronto, Canada",Rain,16672,424,6,Daylight,Front,Partial - Low Monetary Damage
04/08/2012,British Airways,Severe,170,162,Boeing 747,Sabotage,"Dubai, UAE",Fog,2443,335,15,Night,Back,Partial - High Monetary Damage
10/09/2023,British Airways,Minor,2,159,Boeing 737,Sabotage,"Tokyo, Japan",Fog,33274,103,8,Night,Back,Full Plane
20/01/2013,Emirates,Severe,296,14,Boeing 777,Severe turbulence,"Dubai, UAE",Snow,28485,148,7,Night,Back,Partial - High Monetary Damage
14/01/2023,Air India,Minor,5,87,Boeing 737,Controlled flight into terrain,"Mumbai, India",Clear,23722,286,28,Night,Back,Partial - Low Monetary Damage
09/07/2025,Air India,Severe,200,198,Bombardier CRJ900,Landing gear malfunction,"Beijing, China",Fog,18872,122,30,Night,Front,Partial - High Monetary Damage
12/10/2014,Singapore Airlines,Minor,2,64,Airbus A320,Structural failure,"Paris, France",Fog,11516,469,37,Night,Front,Full Plane
01/05/2019,Lufthansa,Minor,1,50,Embraer 190,Fuel exhaustion,"Mumbai, India",Windy,18630,154,23,Night,Back,Full Plane
27/01/2010,Emirates,Minor,10,265,Embraer 190,Engine failure during takeoff,"Mumbai, India",Fog,16324,389,19,Night,Front,Full Plane
03/07/2025,Lufthansa,Severe,96,21,Boeing 737,Structural failure,"London, UK",Rain,36832,321,11,Daylight,Front,Full Plane
13/05/2017,Qatar Airways,Minor,9,201,Embraer 190,Landing gear malfunction,"Tokyo, Japan",Fog,11573,354,34,Night,Back,Full Plane
04/07/2023,Qatar Airways,Severe,210,5,Airbus A380,Bird strike,"Sydney, Australia",Snow,25147,411,14,Daylight,Back,Partial - High Monetary Damage
04/10/2019,Delta,Minor,8,125,Boeing 777,Structural failure,"Dubai, UAE",Thunderstorm,8752,533,11,Daylight,Front,Full Plane
30/01/2014,Qatar Airways,Minor,5,209,Boeing 777,Lightning strike,"São Paulo, Brazil",Clear,36338,599,25,Daylight,Front,Full Plane
06/08/2025,Qatar Airways,Minor,6,127,Boeing 747,Lightning strike,"Dubai, UAE",Fog,21611,347,32,Daylight,Front,Full Plane
05/03/2020,Singapore Airlines,Minor,7,86,Airbus A320,Fuel exhaustion,"Dubai, UAE",Fog,22513,442,2,Daylight,Back,Partial - High Monetary Damage
19/06/2017,Singapore Airlines,Minor,2,118,Airbus A350,Fuel exhaustion,"Dubai, UAE",Fog,1364,167,7,Night,Back,Full Plane
18/11/2024,Air India,Minor,4,189,Airbus A350,Mid-air collision,"Mumbai, India",Windy,29475,114,6,Daylight,Back,Partial - High Monetary Damage
09/06/2011,Emirates,Severe,63,62,Boeing 747,Sabotage,"New York, USA",Snow,17628,416,26,Daylight,Front,Partial - High Monetary Damage
30/08/2025,Delta,Severe,143,281,Boeing 777,Engine failure during takeoff,"London, UK",Rain,13382,166,29,Night,Front,Partial - Low Monetary Damage
16/01/2023,Air India,Minor,5,166,Boeing 737,Bird strike,"São Paulo, Brazil",Rain,22283,279,33,Night,Front,Full Plane
07/09/2014,Air India,Severe,137,87,Airbus A380,Pilot error,"Dubai, UAE",Thunderstorm,1422,137,8,Night,Front,Partial - High Monetary Damage
20/08/2015,British Airways,Minor,10,74,Boeing 747,Controlled flight into terrain,"Mumbai, India",Windy,37854,392,8,Night,Back,Full Plane
15/06/2018,Turkish Airlines,Minor,10,45,Boeing 737,Fuel exhaustion,"Sydney, Australia",Rain,22766,166,28,Night,Back,Full Plane
04/08/2015,Turkish Airlines,Severe,91,218,Airbus A380,Mid-air collision,"Dubai, UAE",Rain,10688,123,30,Daylight,Front,Partial - High Monetary Damage
28/07/2021,Emirates,Severe,133,181,Boeing 737,Engine failure during takeoff,"Beijing, China",Fog,36663,161,35,Night,Front,Full Plane
10/07/2023,United,Minor,1,204,Airbus A320,Severe turbulence,"Toronto, Canada",Fog,34279,534,27,Daylight,Front,Full Plane
11/08/2010,Lufthansa,Minor,7,47,Boeing 737,Bird strike,"Dubai, UAE",Rain,24459,387,9,Daylight,Front,Partial - High Monetary Damage
27/06/2012,Air India,Minor,7,102,Airbus A350,Mid-air collision,"São Paulo, Brazil",Fog,39896,179,39,Night,Back,Full Plane
08/06/2013,Air India,Minor,4,31,Embraer 190,Sabotage,"Sydney, Australia",Snow,17824,381,1,Daylight,Back,Full Plane
02/04/2016,American Airlines,Severe,212,225,Bombardier CRJ900,Lightning strike,"Paris, France",Thunderstorm,31431,470,12,Daylight,Back,Full Plane
04/11/2021,American Airlines,Severe,186,123,Bombardier CRJ900,Runway excursion,"Tokyo, Japan",Rain,541,469,21,Daylight,Back,Partial - High Monetary Damage
03/06/2016,Emirates,Severe,140,263,Airbus A350,Pilot error,"Beijing, China",Rain,16301,280,7,Night,Front,Full Plane
10/08/2016,United,Minor,6,224,Embraer 190,Structural failure,"Dubai, UAE",Snow,37310,164,22,Night,Front,Full Plane
25/09/2020,American Airlines,Minor,5,40,Boeing 747,Bird strike,"New York, USA",Thunderstorm,27978,221,13,Night,Back,Full Plane
20/07/2023,United,Minor,2,148,Airbus A320,Mid-air collision,"London, UK",Thunderstorm,39652,216,33,Night,Front,Full Plane
09/06/2015,American Airlines,Minor,10,261,Airbus A350,Engine failure during takeoff,"Dubai, UAE",Clear,27652,460,26,Night,Front,Full Plane
19/06/2019,Singapore Airlines,Severe,153,148,Bombardier CRJ900,Mid-air collision,"Dubai, UAE",Fog,18571,176,17,Night,Back,Full Plane
03/01/2025,Air India,Severe,128,164,Airbus A350,Pilot error,"Paris, France",Rain,21414,596,11,Night,Back,Partial - High Monetary Damage
02/11/2017,American Airlines,Minor,2,138,Airbus A350,Sabotage,"Beijing, China",Snow,13731,389,28,Daylight,Back,Partial - High Monetary Damage
18/02/2019,British Airways,Severe,244,157,Boeing 747,Bird strike,"London, UK",Snow,21149,330,29,Daylight,Front,Partial - Low Monetary Damage
31/08/2012,Emirates,Minor,4,101,Embraer 190,Engine failure during takeoff,"Beijing, China",Thunderstorm,39383,530,15,Night,Back,Partial - High Monetary Damage
27/07/2011,Singapore Airlines,Severe,105,15,Boeing 777,Bird strike,"Tokyo, Japan",Thunderstorm,6299,101,2,Night,Back,Full Plane
29/01/2018,Qatar Airways,Minor,7,2,Airbus A380,Runway excursion,"Tokyo, Japan",Fog,30823,525,11,Night,Front,Partial - High Monetary Damage
10/03/2019,Turkish Airlines,Minor,4,237,Boeing 747,Pilot error,"Dubai, UAE",Rain,26532,237,11,Daylight,Back,Full Plane
08/06/2022,Air India,Minor,2,149,Bombardier CRJ900,Structural failure,"Tokyo, Japan",Fog,21504,394,3,Night,Back,Partial - High Monetary Damage
07/01/2019,Singapore Airlines,Minor,8,172,Airbus A320,Severe turbulence,"New York, USA",Windy,2936,431,40,Night,Back,Partial - Low Monetary Damage
19/01/2013,Singapore Airlines,Minor,2,230,Boeing 777,Lightning strike,"New York, USA",Clear,16948,535,37,Night,Back,Partial - High Monetary Damage
26/10/2025,Emirates,Minor,2,250,Boeing 747,Sabotage,"Tokyo, Japan",Windy,30009,201,20,Night,Front,Full Plane
19/12/2012,Lufthansa,Minor,0,240,Bombardier CRJ900,Engine failure during takeoff,"Sydney, Australia",Snow,8165,486,6,Daylight,Front,Partial - Low Monetary Damage
23/09/2025,Turkish Airlines,Minor,2,148,Embraer 190,Severe turbulence,"Sydney, Australia",Rain,36008,344,31,Daylight,Front,Full Plane
21/05/2015,Air India,Minor,2,62,Boeing 737,Structural failure,"Dubai, UAE",Fog,34277,399,22,Daylight,Back,Full Plane
24/05/2011,Air India,Minor,0,150,Airbus A320,Sabotage,"Toronto, Canada",Thunderstorm,13199,274,14,Night,Front,Partial - High Monetary Damage
09/06/2020,Delta,Minor,4,215,Boeing 737,Bird strike,"New York, USA",Thunderstorm,296,358,2,Night,Back,Partial - High Monetary Damage
20/08/2010,United,Minor,1,177,Boeing 737,Bird strike,"Dubai, UAE",Windy,2466,182,19,Night,Back,Partial - Low Monetary Damage
28/09/2024,Qatar Airways,Severe,50,51,Airbus A320,Controlled flight into terrain,"Sydney, Australia",Windy,38791,403,1,Night,Front,Partial - High Monetary Damage
25/05/2019,Emirates,Severe,157,256,Airbus A320,Bird strike,"Sydney, Australia",Thunderstorm,38581,565,24,Night,Back,Full Plane
09/07/2017,Air India,Minor,4,107,Boeing 737,Pilot error,"New York, USA",Windy,22296,152,13,Daylight,Front,Partial - High Monetary Damage
04/10/2023,British Airways,Minor,9,49,Airbus A380,Engine failure during takeoff,"Beijing, China",Fog,17954,275,5,Daylight,Front,Partial - Low Monetary Damage
30/08/2015,Singapore Airlines,Severe,153,205,Boeing 737,Fuel exhaustion,"Mumbai, India",Rain,8937,374,39,Night,Back,Partial - High Monetary Damage
18/08/2021,United,Minor,0,125,Embraer 190,Engine failure during takeoff,"New York, USA",Windy,36076,593,34,Daylight,Front,Full Plane
05/09/2010,Turkish Airlines,Minor,7,102,Airbus A380,Structural failure,"Tokyo, Japan",Snow,33335,580,18,Daylight,Front,Partial - High Monetary Damage
02/02/2017,Turkish Airlines,Minor,2,89,Airbus A320,Sabotage,"Mumbai, India",Snow,29840,423,5,Night,Front,Partial - High Monetary Damage
17/03/2015,British Airways,Minor,6,187,Bombardier CRJ900,Landing gear malfunction,"Sydney, Australia",Windy,13911,565,4,Daylight,Back,Partial - Low Monetary Damage
16/04/2012,United,Severe,137,113,Embraer 190,Pilot error,"Paris, France",Windy,18007,290,22,Daylight,Back,Full Plane
30/06/2018,Turkish Airlines,Severe,90,124,Boeing 747,Controlled flight into terrain,"Dubai, UAE",Rain,18664,568,2,Daylight,Front,Full Plane
15/10/2010,Delta,Minor,0,221,Airbus A320,Runway excursion,"London, UK",Fog,26343,265,29,Night,Back,Full Plane
11/12/2012,Qatar Airways,Minor,10,100,Bombardier CRJ900,Structural failure,"Toronto, Canada",Snow,24726,515,21,Daylight,Back,Partial - High Monetary Damage
06/11/2025,Air India,Severe,77,20,Boeing 777,Sabotage,"Beijing, China",Thunderstorm,33839,163,21,Daylight,Back,Full Plane
05/12/2012,Emirates,Severe,235,170,Embraer 190,Severe turbulence,"New York, USA",Fog,28418,139,1,Daylight,Back,Partial - High Monetary Damage
31/01/2020,Qatar Airways,Minor,4,233,Boeing 737,Structural failure,"New York, USA",Rain,28160,319,34,Night,Front,Full Plane
04/04/2024,British Airways,Severe,181,180,Boeing 737,Controlled flight into terrain,"Paris, France",Thunderstorm,29489,531,17,Night,Back,Full Plane
19/09/2016,Delta,Minor,7,237,Airbus A320,Controlled flight into terrain,"Tokyo, Japan",Clear,38603,208,33,Daylight,Front,Full Plane
31/05/2015,American Airlines,Minor,6,258,Airbus A350,Sabotage,"London, UK",Rain,35316,510,21,Night,Front,Full Plane
26/07/2015,Lufthansa,Severe,62,194,Bombardier CRJ900,Structural failure,"New York, USA",Windy,37970,409,11,Daylight,Front,Partial - High Monetary Damage
10/03/2011,Air India,Severe,209,206,Airbus A320,Fuel exhaustion,"London, UK",Fog,16922,430,36,Night,Front,Partial - High Monetary Damage
13/10/2014,American Airlines,Severe,155,28,Boeing 777,Pilot error,"Tokyo, Japan",Thunderstorm,29948,327,19,Night,Front,Full Plane
14/11/2019,Qatar Airways,Severe,165,232,Boeing 737,Landing gear malfunction,"Paris, France",Thunderstorm,1074,142,27,Daylight,Front,Full Plane
22/02/2025,Lufthansa,Severe,293,29,Airbus A320,Severe turbulence,"Paris, France",Rain,26776,244,32,Night,Front,Partial - High Monetary Damage
14/12/2013,Singapore Airlines,Minor,3,95,Airbus A350,Lightning strike,"Mumbai, India",Rain,6979,407,29,Daylight,Front,Partial - Low Monetary Damage
04/08/2024,Qatar Airways,Minor,7,172,Boeing 737,Lightning strike,"Paris, France",Snow,29987,184,4,Daylight,Back,Full Plane
13/01/2021,United,Minor,2,11,Bombardier CRJ900,Bird strike,"São Paulo, Brazil",Clear,1458,598,15,Night,Back,Partial - High Monetary Damage
07/07/2011,Delta,Minor,5,233,Airbus A320,Pilot error,"Tokyo, Japan",Rain,28392,109,32,Daylight,Front,Partial - High Monetary Damage
16/01/2022,Air India,Severe,58,195,Airbus A380,Engine failure during takeoff,"Dubai, UAE",Thunderstorm,38288,562,33,Night,Front,Partial - High Monetary Damage
14/04/2019,Emirates,Severe,64,218,Boeing 737,Landing gear malfunction,"Dubai, UAE",Thunderstorm,3374,503,17,Daylight,Front,Partial - High Monetary Damage
04/04/2024,Lufthansa,Severe,196,218,Embraer 190,Fuel exhaustion,"Dubai, UAE",Fog,5570,338,28,Night,Back,Partial - High Monetary Damage
20/07/2024,Delta,Minor,3,22,Bombardier CRJ900,Controlled flight into terrain,"Beijing, China",Rain,17095,271,29,Night,Back,Partial - High Monetary Damage
19/08/2013,American Airlines,Minor,2,197,Airbus A320,Runway excursion,"Toronto, Canada",Fog,28856,525,40,Daylight,Back,Full Plane
17/05/2016,Singapore Airlines,Severe,299,294,Airbus A380,Mid-air collision,"London, UK",Windy,5376,579,32,Night,Back,Partial - High Monetary Damage
09/09/2016,Emirates,Minor,1,182,Boeing 737,Runway excursion,"London, UK",Snow,5294,335,4,Daylight,Front,Partial - High Monetary Damage
29/03/2020,American Airlines,Minor,9,9,Bombardier CRJ900,Structural failure,"Tokyo, Japan",Clear,1724,254,1,Night,Back,Partial - High Monetary Damage
24/11/2017,Singapore Airlines,Minor,5,263,Airbus A380,Bird strike,"Paris, France",Snow,14083,456,36,Night,Back,Partial - High Monetary Damage
21/05/2019,United,Minor,6,184,Airbus A350,Controlled flight into terrain,"Sydney, Australia",Thunderstorm,34314,539,15,Daylight,Front,Partial - High Monetary Damage
21/03/2014,Lufthansa,Minor,9,75,Airbus A320,Structural failure,"New York, USA",Thunderstorm,17085,156,2,Daylight,Back,Full Plane
29/05/2011,Air India,Severe,99,218,Boeing 737,Controlled flight into terrain,"New York, USA",Rain,29362,505,29,Night,Front,Partial - High Monetary Damage
11/05/2012,American Airlines,Minor,2,41,Boeing 747,Bird strike,"Sydney, Australia",Clear,6725,593,26,Night,Back,Partial - High Monetary Damage
01/12/2012,Singapore Airlines,Severe,65,24,Airbus A350,Fuel exhaustion,"New York, USA",Rain,22067,258,18,Night,Front,Full Plane
12/01/2024,Qatar Airways,Severe,145,215,Boeing 747,Runway excursion,"São Paulo, Brazil",Thunderstorm,25702,568,19,Night,Back,Full Plane
19/09/2011,Air India,Severe,237,262,Bombardier CRJ900,Severe turbulence,"Dubai, UAE",Rain,31485,193,3,Daylight,Front,Full Plane
14/09/2014,United,Minor,0,209,Boeing 747,Bird strike,"Toronto, Canada",Fog,23494,253,22,Night,Back,Partial - High Monetary Damage
12/03/2022,Delta,Severe,158,190,Airbus A380,Bird strike,"Toronto, Canada",Fog,27448,387,33,Night,Front,Partial - High Monetary Damage
01/09/2025,Singapore Airlines,Minor,5,177,Embraer 190,Fuel exhaustion,"New York, USA",Thunderstorm,28320,515,15,Daylight,Back,Full Plane
28/04/2010,United,Minor,0,107,Boeing 777,Lightning strike,"Mumbai, India",Snow,21351,339,21,Night,Front,Full Plane
09/01/2021,Lufthansa,Minor,6,69,Airbus A320,Engine failure during takeoff,"Sydney, Australia",Windy,3,523,21,Daylight,Back,Partial - High Monetary Damage
19/03/2022,Emirates,Minor,9,197,Airbus A380,Lightning strike,"Beijing, China",Rain,22197,221,1,Daylight,Front,Partial - Low Monetary Damage
04/03/2014,American Airlines,Minor,6,130,Boeing 737,Sabotage,"Sydney, Australia",Fog,5018,398,6,Night,Front,Partial - High Monetary Damage
04/07/2022,British Airways,Severe,283,254,Boeing 737,Fuel exhaustion,"London, UK",Rain,35574,310,32,Night,Back,Partial - High Monetary Damage
13/12/2020,Singapore Airlines,Minor,10,138,Embraer 190,Landing gear malfunction,"Sydney, Australia",Thunderstorm,33107,181,11,Night,Back,Full Plane
07/02/2022,Delta,Severe,79,54,Boeing 777,Landing gear malfunction,"New York, USA",Rain,27680,297,29,Daylight,Front,Full Plane
25/01/2011,Emirates,Severe,222,132,Airbus A350,Runway excursion,"Toronto, Canada",Thunderstorm,1310,166,11,Night,Back,Partial - High Monetary Damage
11/11/2018,Qatar Airways,Minor,5,32,Airbus A350,Pilot error,"Sydney, Australia",Thunderstorm,6286,277,30,Night,Front,Full Plane
03/05/2019,Emirates,Minor,8,92,Bombardier CRJ900,Sabotage,"Dubai, UAE",Windy,25189,407,39,Night,Front,Partial - High Monetary Damage
28/09/2011,Turkish Airlines,Severe,183,139,Embraer 190,Pilot error,"Sydney, Australia",Rain,32204,140,29,Daylight,Back,Full Plane
25/02/2017,Delta,Severe,114,7,Embraer 190,Runway excursion,"Beijing, China",Windy,19171,364,16,Night,Back,Partial - High Monetary Damage
19/08/2025,Air India,Minor,4,133,Boeing 747,Sabotage,"Paris, France",Fog,17089,573,9,Night,Back,Partial - High Monetary Damage
13/09/2016,American Airlines,Minor,10,100,Bombardier CRJ900,Sabotage,"São Paulo, Brazil",Rain,36895,379,36,Night,Front,Full Plane
11/10/2017,Emirates,Minor,5,291,Boeing 737,Bird strike,"Mumbai, India",Fog,11842,221,12,Night,Front,Partial - Low Monetary Damage
19/12/2023,Delta,Minor,2,223,Airbus A380,Mid-air collision,"New York, USA",Snow,13396,454,37,Night,Back,Partial - Low Monetary Damage
15/06/2021,Singapore Airlines,Minor,3,266,Airbus A320,Structural failure,"New York, USA",Snow,18617,135,2,Night,Front,Partial - High Monetary Damage
07/06/2017,Qatar Airways,Minor,6,145,Boeing 737,Mid-air collision,"Tokyo, Japan",Windy,13597,191,8,Night,Back,Partial - Low Monetary Damage
09/07/2021,Emirates,Minor,4,263,Airbus A350,Controlled flight into terrain,"Mumbai, India",Windy,24113,253,36,Daylight,Back,Partial - Low Monetary Damage
01/01/2019,Turkish Airlines,Severe,198,107,Airbus A380,Mid-air collision,"Paris, France",Windy,28504,434,16,Daylight,Front,Partial - High Monetary Damage
13/06/2018,Qatar Airways,Minor,4,162,Airbus A380,Structural failure,"Toronto, Canada",Thunderstorm,37714,394,9,Daylight,Back,Partial - High Monetary Damage
13/03/2015,Lufthansa,Minor,1,298,Embraer 190,Lightning strike,"Dubai, UAE",Fog,33890,587,1,Night,Front,Partial - Low Monetary Damage
07/12/2017,Air India,Minor,1,198,Boeing 777,Severe turbulence,"Paris, France",Windy,21473,600,24,Night,Back,Partial - High Monetary Damage
18/09/2019,Lufthansa,Severe,281,25,Bombardier CRJ900,Bird strike,"Beijing, China",Snow,1222,595,7,Night,Back,Partial - High Monetary Damage
25/04/2017,Lufthansa,Minor,0,3,Boeing 747,Severe turbulence,"Sydney, Australia",Snow,18234,505,6,Night,Back,Full Plane
23/11/2025,Qatar Airways,Severe,254,2,Embraer 190,Bird strike,"London, UK",Rain,21247,568,11,Daylight,Back,Partial - Low Monetary Damage
25/08/2016,Qatar Airways,Minor,0,34,Embraer 190,Severe turbulence,"Toronto, Canada",Windy,1090,340,5,Night,Front,Full Plane
17/10/2011,Singapore Airlines,Minor,10,282,Embraer 190,Severe turbulence,"Sydney, Australia",Fog,21962,472,13,Daylight,Front,Full Plane
23/09/2021,Air India,Severe,93,79,Boeing 777,Engine failure during takeoff,"Dubai, UAE",Fog,26801,330,17,Night,Back,Partial - High Monetary Damage
24/08/2010,American Airlines,Minor,0,3,Airbus A320,Severe turbulence,"Paris, France",Rain,26773,220,2,Daylight,Front,Full Plane
15/09/2013,Delta,Minor,8,262,Airbus A350,Runway excursion,"London, UK",Fog,37788,488,28,Night,Back,Partial - High Monetary Damage
05/02/2024,Qatar Airways,Minor,9,249,Airbus A320,Structural failure,"Paris, France",Windy,15029,573,13,Night,Front,Full Plane
11/05/2022,United,Minor,6,54,Airbus A380,Runway excursion,"Paris, France",Thunderstorm,31750,430,25,Night,Back,Partial - Low Monetary Damage
07/04/2025,United,Minor,7,198,Boeing 777,Engine failure during takeoff,"Sydney, Australia",Thunderstorm,22489,322,35,Night,Back,Full Plane
18/09/2021,Qatar Airways,Minor,6,110,Bombardier CRJ900,Mid-air collision,"London, UK",Snow,20372,462,2,Night,Back,Partial - High Monetary Damage
12/12/2013,Delta,Severe,241,271,Boeing 737,Sabotage,"New York, USA",Fog,2985,504,5,Night,Back,Partial - High Monetary Damage
05/08/2017,Emirates,Severe,58,282,Boeing 737,Fuel exhaustion,"Tokyo, Japan",Rain,8894,336,40,Night,Front,Full Plane
16/02/2013,Turkish Airlines,Minor,4,62,Boeing 737,Sabotage,"Beijing, China",Clear,17320,345,39,Daylight,Front,Partial - Low Monetary Damage
15/09/2011,Singapore Airlines,Minor,0,110,Boeing 747,Runway excursion,"Beijing, China",Rain,11661,187,3,Night,Back,Full Plane
04/11/2013,Singapore Airlines,Severe,292,297,Embraer 190,Landing gear malfunction,"London, UK",Thunderstorm,36765,551,24,Daylight,Back,Partial - High Monetary Damage
12/11/2024,Delta,Minor,6,74,Embraer 190,Sabotage,"Sydney, Australia",Clear,28484,484,2,Daylight,Front,Partial - High Monetary Damage
26/09/2021,Lufthansa,Minor,2,244,Embraer 190,Lightning strike,"Beijing, China",Fog,4725,232,12,Daylight,Front,Partial - Low Monetary Damage
23/10/2025,Singapore Airlines,Severe,112,41,Airbus A320,Engine failure during takeoff,"Dubai, UAE",Windy,30908,252,20,Daylight,Back,Full Plane
13/02/2022,Air India,Minor,2,289,Boeing 747,Controlled flight into terrain,"Paris, France",Thunderstorm,35196,197,3,Night,Front,Partial - High Monetary Damage
21/07/2018,Singapore Airlines,Minor,1,48,Airbus A350,Severe turbulence,"London, UK",Windy,38523,425,26,Night,Front,Full Plane
16/09/2019,Air India,Severe,264,259,Boeing 737,Structural failure,"Sydney, Australia",Windy,10998,256,21,Night,Front,Partial - Low Monetary Damage
06/02/2023,Qatar Airways,Minor,5,294,Airbus A320,Engine failure during takeoff,"Mumbai, India",Thunderstorm,21701,201,5,Night,Back,Partial - High Monetary Damage
06/12/2010,United,Minor,1,112,Airbus A320,Structural failure,"Beijing, China",Fog,29209,422,5,Night,Back,Full Plane
02/02/2017,Qatar Airways,Minor,7,286,Boeing 737,Pilot error,"Beijing, China",Windy,8150,552,31,Daylight,Front,Partial - High Monetary Damage
05/10/2023,Turkish Airlines,Minor,5,54,Bombardier CRJ900,Sabotage,"London, UK",Windy,19704,275,18,Daylight,Back,Full Plane
11/02/2016,Lufthansa,Minor,1,273,Bombardier CRJ900,Engine failure during takeoff,"Paris, France",Snow,2181,540,31,Night,Back,Full Plane
01/10/2018,United,Severe,204,244,Bombardier CRJ900,Controlled flight into terrain,"Toronto, Canada",Fog,8523,255,5,Night,Front,Partial - High Monetary Damage
21/03/2023,Delta,Minor,6,65,Airbus A320,Mid-air collision,"Dubai, UAE",Rain,21655,418,6,Night,Back,Partial - Low Monetary Damage
03/08/2023,Qatar Airways,Severe,171,49,Boeing 747,Lightning strike,"Toronto, Canada",Rain,3650,559,30,Night,Back,Partial - High Monetary Damage
18/10/2021,Turkish Airlines,Minor,9,211,Boeing 737,Bird strike,"Toronto, Canada",Fog,15775,336,4,Daylight,Back,Partial - Low Monetary Damage
15/12/2016,Air India,Minor,2,170,Boeing 737,Fuel exhaustion,"Sydney, Australia",Windy,35318,365,26,Daylight,Back,Partial - Low Monetary Damage
09/12/2013,Singapore Airlines,Minor,9,1,Boeing 747,Severe turbulence,"São Paulo, Brazil",Rain,21215,353,18,Daylight,Front,Partial - High Monetary Damage
15/01/2022,American Airlines,Minor,6,49,Airbus A380,Lightning strike,"Mumbai, India",Thunderstorm,32145,184,35,Daylight,Back,Partial - High Monetary Damage
01/04/2021,Emirates,Severe,57,268,Airbus A320,Lightning strike,"Toronto, Canada",Snow,28038,409,23,Daylight,Back,Full Plane
04/07/2013,United,Severe,136,37,Boeing 747,Lightning strike,"Sydney, Australia",Rain,11300,598,29,Daylight,Front,Partial - Low Monetary Damage
15/07/2025,Emirates,Minor,8,238,Boeing 737,Pilot error,"New York, USA",Snow,24667,543,37,Night,Front,Full Plane
12/12/2021,American Airlines,Minor,6,185,Airbus A350,Sabotage,"Sydney, Australia",Windy,19716,292,28,Daylight,Front,Full Plane
05/06/2016,Emirates,Minor,5,233,Airbus A380,Fuel exhaustion,"Paris, France",Thunderstorm,33696,285,33,Night,Front,Partial - Low Monetary Damage
27/01/2020,Delta,Severe,109,215,Airbus A320,Bird strike,"Beijing, China",Fog,4675,343,36,Night,Back,Full Plane
22/10/2010,British Airways,Severe,70,4,Airbus A350,Lightning strike,"Tokyo, Japan",Windy,26953,156,26,Night,Front,Partial - High Monetary Damage
13/05/2017,Emirates,Minor,4,52,Boeing 777,Fuel exhaustion,"Beijing, China",Snow,16342,272,13,Daylight,Front,Full Plane
16/06/2013,Delta,Severe,223,261,Boeing 737,Sabotage,"Dubai, UAE",Clear,33901,562,6,Night,Front,Full Plane
31/12/2010,British Airways,Severe,253,16,Boeing 747,Severe turbulence,"Tokyo, Japan",Thunderstorm,18843,307,11,Daylight,Back,Partial - High Monetary Damage
10/06/2015,British Airways,Minor,3,266,Boeing 737,Structural failure,"New York, USA",Clear,37550,485,17,Night,Back,Partial - High Monetary Damage
12/10/2011,United,Minor,4,220,Boeing 747,Severe turbulence,"Beijing, China",Thunderstorm,16023,464,4,Night,Back,Partial - Low Monetary Damage
09/01/2025,Turkish Airlines,Severe,280,225,Bombardier CRJ900,Bird strike,"Sydney, Australia",Windy,26686,535,29,Night,Back,Full Plane
10/12/2014,Turkish Airlines,Severe,95,163,Embraer 190,Bird strike,"London, UK",Snow,36653,257,39,Night,Front,Partial - High Monetary Damage
16/02/2025,American Airlines,Severe,95,64,Bombardier CRJ900,Bird strike,"Toronto, Canada",Fog,3392,214,2,Daylight,Back,Full Plane
04/10/2013,Turkish Airlines,Minor,0,64,Airbus A380,Structural failure,"Mumbai, India",Rain,25255,557,20,Night,Front,Full Plane
02/11/2023,Air India,Minor,7,210,Airbus A320,Landing gear malfunction,"Mumbai, India",Snow,12836,365,20,Daylight,Back,Partial - High Monetary Damage
13/02/2022,Qatar Airways,Severe,261,67,Airbus A380,Sabotage,"London, UK",Thunderstorm,21173,543,35,Daylight,Back,Partial - Low Monetary Damage
17/06/2022,Air India,Minor,0,156,Bombardier CRJ900,Pilot error,"São Paulo, Brazil",Snow,33564,446,6,Night,Back,Full Plane
28/04/2020,Lufthansa,Minor,4,44,Bombardier CRJ900,Mid-air collision,"São Paulo, Brazil",Windy,22989,431,16,Night,Front,Partial - Low Monetary Damage
17/01/2012,Singapore Airlines,Minor,3,170,Airbus A320,Mid-air collision,"Toronto, Canada",Fog,14466,122,35,Daylight,Front,Full Plane
04/10/2013,Delta,Minor,1,65,Embraer 190,Runway excursion,"New York, USA",Snow,1241,527,34,Night,Front,Full Plane
14/09/2014,American Airlines,Minor,10,265,Embraer 190,Structural failure,"London, UK",Snow,5543,180,8,Night,Front,Partial - High Monetary Damage
29/07/2013,Turkish Airlines,Minor,0,115,Boeing 747,Bird strike,"Toronto, Canada",Snow,1424,414,37,Daylight,Front,Full Plane
18/05/2010,United,Minor,7,86,Airbus A320,Bird strike,"Tokyo, Japan",Windy,5207,568,4,Night,Front,Partial - High Monetary Damage
31/08/2014,Delta,Severe,167,261,Embraer 190,Engine failure during takeoff,"Tokyo, Japan",Clear,9260,392,8,Daylight,Front,Partial - Low Monetary Damage
14/09/2019,American Airlines,Minor,2,54,Embraer 190,Fuel exhaustion,"Tokyo, Japan",Thunderstorm,28788,124,7,Daylight,Back,Partial - High Monetary Damage
24/07/2018,Delta,Minor,2,206,Airbus A320,Pilot error,"Paris, France",Clear,35997,490,18,Daylight,Back,Partial - Low Monetary Damage
24/09/2021,American Airlines,Minor,2,223,Boeing 777,Bird strike,"Dubai, UAE",Rain,37886,512,22,Daylight,Back,Full Plane
16/10/2019,Qatar Airways,Minor,8,172,Airbus A380,Bird strike,"Beijing, China",Fog,24731,215,27,Daylight,Back,Partial - High Monetary Damage
28/07/2016,American Airlines,Severe,169,41,Bombardier CRJ900,Severe turbulence,"Dubai, UAE",Windy,39392,238,32,Daylight,Back,Full Plane
04/11/2012,American Airlines,Severe,114,249,Boeing 747,Landing gear malfunction,"New York, USA",Snow,21853,575,26,Night,Front,Full Plane
05/12/2019,Lufthansa,Minor,9,250,Boeing 737,Bird strike,"Dubai, UAE",Clear,5508,373,30,Night,Front,Partial - High Monetary Damage
11/10/2020,Lufthansa,Severe,288,102,Bombardier CRJ900,Landing gear malfunction,"Beijing, China",Clear,13657,431,29,Daylight,Back,Full Plane
24/03/2022,United,Severe,293,39,Bombardier CRJ900,Controlled flight into terrain,"São Paulo, Brazil",Thunderstorm,100,109,27,Daylight,Front,Partial - Low Monetary Damage
24/09/2018,Turkish Airlines,Minor,9,105,Boeing 747,Fuel exhaustion,"Paris, France",Snow,19264,428,5,Night,Front,Partial - High Monetary Damage
20/01/2013,Qatar Airways,Severe,272,42,Airbus A380,Controlled flight into terrain,"Toronto, Canada",Windy,33011,251,38,Daylight,Back,Partial - High Monetary Damage
03/08/2019,Air India,Minor,5,235,Airbus A380,Pilot error,"Beijing, China",Fog,24174,164,22,Night,Front,Partial - Low Monetary Damage
23/02/2022,British Airways,Minor,8,148,Boeing 777,Lightning strike,"Beijing, China",Windy,9661,250,9,Night,Front,Full Plane
03/10/2025,United,Minor,9,291,Airbus A350,Controlled flight into terrain,"Beijing, China",Thunderstorm,32094,341,18,Night,Back,Full Plane
17/11/2024,Air India,Minor,3,125,Embraer 190,Landing gear malfunction,"London, UK",Clear,30124,397,37,Daylight,Front,Partial - High Monetary Damage
31/07/2017,Air India,Minor,6,59,Boeing 777,Mid-air collision,"Toronto, Canada",Clear,22955,542,26,Night,Front,Partial - Low Monetary Damage
05/03/2014,American Airlines,Minor,7,122,Airbus A380,Mid-air collision,"Dubai, UAE",Fog,34352,314,2,Daylight,Front,Full Plane
27/07/2020,American Airlines,Severe,288,166,Boeing 747,Sabotage,"Paris, France",Clear,24644,592,7,Daylight,Back,Partial - High Monetary Damage
25/03/2013,Emirates,Minor,4,70,Airbus A320,Sabotage,"Beijing, China",Thunderstorm,31119,125,31,Daylight,Front,Partial - High Monetary Damage
14/11/2021,Delta,Minor,2,250,Bombardier CRJ900,Engine failure during takeoff,"Mumbai, India",Fog,3196,420,3,Night,Back,Partial - Low Monetary Damage
18/05/2020,American Airlines,Minor,8,218,Boeing 737,Sabotage,"Sydney, Australia",Thunderstorm,14171,115,37,Daylight,Back,Partial - Low Monetary Damage
30/06/2018,Delta,Severe,236,93,Airbus A320,Runway excursion,"Mumbai, India",Fog,25381,469,10,Night,Front,Full Plane
27/08/2010,Air India,Minor,6,176,Boeing 747,Mid-air collision,"Paris, France",Thunderstorm,21466,125,7,Night,Front,Full Plane
16/06/2015,American Airlines,Minor,0,175,Boeing 777,Mid-air collision,"São Paulo, Brazil",Clear,27194,390,29,Night,Back,Full Plane
10/05/2013,American Airlines,Minor,1,126,Embraer 190,Pilot error,"Sydney, Australia",Thunderstorm,9612,246,28,Night,Front,Full Plane
21/02/2010,United,Severe,174,251,Boeing 777,Pilot error,"Tokyo, Japan",Windy,3382,104,20,Daylight,Back,Partial - High Monetary Damage
06/05/2021,Qatar Airways,Severe,248,216,Boeing 737,Pilot error,"Beijing, China",Fog,12733,407,22,Night,Back,Full Plane
01/11/2020,Air India,Minor,6,189,Airbus A380,Structural failure,"Toronto, Canada",Clear,27686,133,5,Daylight,Back,Partial - High Monetary Damage
25/01/2020,Turkish Airlines,Severe,276,32,Bombardier CRJ900,Engine failure during takeoff,"Tokyo, Japan",Clear,14131,314,31,Night,Front,Partial - High Monetary Damage
02/08/2022,Turkish Airlines,Minor,10,47,Boeing 737,Pilot error,"New York, USA",Rain,16628,457,30,Night,Front,Full Plane
30/01/2015,United,Minor,7,265,Bombardier CRJ900,Runway excursion,"Dubai, UAE",Snow,19925,281,3,Daylight,Back,Full Plane
10/01/2016,Singapore Airlines,Severe,220,65,Boeing 777,Runway excursion,"Mumbai, India",Snow,18432,347,9,Daylight,Back,Full Plane
26/10/2019,Delta,Minor,8,164,Airbus A320,Structural failure,"Beijing, China",Thunderstorm,13846,216,10,Night,Back,Partial - High Monetary Damage
18/10/2011,British Airways,Severe,165,223,Airbus A320,Runway excursion,"São Paulo, Brazil",Thunderstorm,39002,344,14,Night,Front,Partial - High Monetary Damage
01/03/2010,Delta,Minor,3,217,Embraer 190,Lightning strike,"Mumbai, India",Snow,16919,312,36,Daylight,Front,Partial - Low Monetary Damage
14/02/2019,Air India,Minor,8,172,Boeing 737,Lightning strike,"Paris, France",Windy,26408,165,1,Daylight,Front,Partial - Low Monetary Damage
30/01/2014,Singapore Airlines,Minor,8,56,Boeing 777,Fuel exhaustion,"Sydney, Australia",Clear,33336,247,17,Night,Back,Full Plane
07/12/2024,Delta,Severe,64,196,Boeing 737,Engine failure during takeoff,"Dubai, UAE",Snow,39174,550,23,Night,Front,Partial - High Monetary Damage
16/01/2022,Qatar Airways,Minor,1,109,Boeing 747,Pilot error,"Sydney, Australia",Fog,24741,185,15,Night,Back,Full Plane
08/02/2015,Singapore Airlines,Minor,1,56,Airbus A320,Structural failure,"São Paulo, Brazil",Thunderstorm,16030,307,20,Daylight,Front,Full Plane
23/12/2014,American Airlines,Minor,1,233,Airbus A320,Engine failure during takeoff,"Tokyo, Japan",Windy,15245,295,29,Night,Back,Full Plane
19/12/2015,British Airways,Minor,3,86,Airbus A380,Bird strike,"New York, USA",Rain,6878,455,33,Night,Front,Full Plane
21/04/2024,Turkish Airlines,Severe,58,240,Airbus A350,Engine failure during takeoff,"Beijing, China",Snow,35207,498,11,Night,Front,Partial - High Monetary Damage
15/03/2024,British Airways,Minor,10,48,Bombardier CRJ900,Fuel exhaustion,"Toronto, Canada",Fog,4714,596,29,Night,Back,Full Plane
13/10/2017,Lufthansa,Severe,139,168,Boeing 777,Lightning strike,"Dubai, UAE",Clear,9865,455,30,Daylight,Back,Partial - Low Monetary Damage
12/04/2024,Turkish Airlines,Minor,2,128,Airbus A320,Controlled flight into terrain,"Paris, France",Fog,12856,526,9,Daylight,Back,Full Plane
18/10/2025,Lufthansa,Minor,10,273,Airbus A320,Landing gear malfunction,"São Paulo, Brazil",Clear,14571,170,21,Night,Front,Partial - High Monetary Damage
05/04/2018,Singapore Airlines,Severe,289,99,Bombardier CRJ900,Runway excursion,"Sydney, Australia",Rain,24299,164,13,Night,Front,Partial - Low Monetary Damage
09/10/2020,United,Minor,9,211,Boeing 737,Controlled flight into terrain,"Beijing, China",Thunderstorm,28819,287,10,Night,Back,Partial - Low Monetary Damage
12/06/2015,American Airlines,Minor,2,88,Boeing 747,Fuel exhaustion,"London, UK",Fog,27635,233,4,Daylight,Back,Partial - Low Monetary Damage
03/09/2017,British Airways,Minor,3,273,Boeing 737,Severe turbulence,"New York, USA",Snow,5818,404,40,Night,Back,Partial - High Monetary Damage
16/07/2019,Delta,Minor,8,47,Airbus A320,Lightning strike,"New York, USA",Rain,31246,178,23,Daylight,Back,Full Plane
22/11/2013,Air India,Minor,3,99,Embraer 190,Fuel exhaustion,"Tokyo, Japan",Thunderstorm,3133,572,38,Night,Front,Full Plane
30/04/2014,Lufthansa,Minor,5,147,Boeing 747,Mid-air collision,"Mumbai, India",Thunderstorm,29392,116,12,Daylight,Back,Partial - High Monetary Damage
02/08/2024,Turkish Airlines,Severe,286,62,Boeing 747,Controlled flight into terrain,"Paris, France",Fog,14407,213,35,Daylight,Back,Partial - High Monetary Damage
23/11/2012,British Airways,Minor,2,119,Boeing 777,Structural failure,"São Paulo, Brazil",Rain,8128,311,18,Daylight,Back,Partial - High Monetary Damage
28/02/2020,British Airways,Minor,2,170,Boeing 777,Structural failure,"Mumbai, India",Windy,29261,500,34,Daylight,Back,Partial - Low Monetary Damage
17/03/2021,Turkish Airlines,Severe,103,12,Airbus A320,Pilot error,"Mumbai, India",Rain,19756,406,37,Night,Front,Full Plane
14/06/2024,Air India,Severe,169,96,Bombardier CRJ900,Lightning strike,"Toronto, Canada",Fog,18346,218,36,Daylight,Back,Full Plane
27/10/2010,Singapore Airlines,Minor,7,103,Airbus A350,Sabotage,"Beijing, China",Windy,23417,127,31,Daylight,Front,Partial - High Monetary Damage
04/04/2011,Lufthansa,Minor,5,145,Airbus A380,Bird strike,"Dubai, UAE",Snow,30211,404,16,Daylight,Back,Full Plane
18/09/2015,United,Severe,61,205,Bombardier CRJ900,Landing gear malfunction,"London, UK",Windy,30248,489,24,Night,Front,Full Plane
01/06/2017,Delta,Minor,4,6,Airbus A350,Landing gear malfunction,"Sydney, Australia",Fog,28049,143,33,Night,Front,Partial - High Monetary Damage
11/10/2014,Turkish Airlines,Minor,4,242,Bombardier CRJ900,Controlled flight into terrain,"Beijing, China",Thunderstorm,11341,467,32,Daylight,Back,Partial - Low Monetary Damage
14/08/2017,American Airlines,Severe,253,159,Boeing 737,Controlled flight into terrain,"Paris, France",Windy,27097,590,12,Night,Back,Partial - Low Monetary Damage
26/11/2021,Delta,Severe,184,212,Boeing 777,Mid-air collision,"Mumbai, India",Rain,8906,237,30,Daylight,Front,Full Plane
30/12/2017,Turkish Airlines,Severe,255,258,Boeing 737,Bird strike,"Tokyo, Japan",Rain,25436,572,11,Night,Back,Full Plane
30/10/2025,Turkish Airlines,Minor,0,225,Boeing 737,Lightning strike,"Tokyo, Japan",Thunderstorm,16056,525,40,Night,Back,Partial - Low Monetary Damage
06/02/2023,American Airlines,Minor,6,166,Boeing 747,Sabotage,"New York, USA",Fog,25717,422,39,Night,Front,Partial - High Monetary Damage
15/07/2020,Air India,Minor,10,228,Boeing 737,Fuel exhaustion,"New York, USA",Fog,29130,598,13,Daylight,Back,Partial - High Monetary Damage
24/11/2014,Singapore Airlines,Minor,3,154,Embraer 190,Landing gear malfunction,"Tokyo, Japan",Snow,35270,130,14,Daylight,Back,Partial - High Monetary Damage
14/05/2011,Delta,Severe,211,151,Bombardier CRJ900,Mid-air collision,"Paris, France",Clear,20523,567,22,Night,Front,Full Plane
27/10/2012,American Airlines,Minor,2,219,Airbus A350,Pilot error,"Toronto, Canada",Thunderstorm,2696,151,31,Night,Back,Partial - High Monetary Damage
15/05/2020,United,Minor,4,161,Bombardier CRJ900,Bird strike,"São Paulo, Brazil",Fog,33386,447,2,Daylight,Front,Partial - High Monetary Damage
13/12/2014,Qatar Airways,Minor,4,155,Airbus A320,Structural failure,"London, UK",Windy,36324,270,11,Night,Back,Partial - Low Monetary Damage
07/04/2024,British Airways,Minor,8,129,Boeing 777,Structural failure,"Beijing, China",Snow,39679,175,17,Night,Front,Partial - High Monetary Damage
04/01/2025,Delta,Severe,224,275,Airbus A380,Structural failure,"Sydney, Australia",Snow,32006,338,2,Night,Front,Partial - High Monetary Damage
02/11/2012,Turkish Airlines,Severe,206,72,Embraer 190,Fuel exhaustion,"New York, USA",Windy,32499,223,40,Daylight,Back,Full Plane
26/10/2013,Delta,Minor,6,58,Airbus A320,Bird strike,"Beijing, China",Rain,17364,155,16,Daylight,Front,Partial - High Monetary Damage
09/05/2022,Turkish Airlines,Minor,8,263,Boeing 747,Bird strike,"Toronto, Canada",Clear,32492,583,37,Night,Front,Partial - High Monetary Damage
22/09/2017,British Airways,Minor,4,250,Embraer 190,Fuel exhaustion,"Sydney, Australia",Fog,24532,463,33,Night,Front,Full Plane
20/01/2020,Air India,Minor,6,111,Airbus A320,Lightning strike,"London, UK",Thunderstorm,17866,158,26,Night,Front,Partial - Low Monetary Damage
05/07/2010,American Airlines,Severe,58,285,Airbus A320,Bird strike,"Beijing, China",Snow,18799,485,28,Daylight,Front,Partial - High Monetary Damage
01/01/2017,Emirates,Severe,121,90,Boeing 777,Engine failure during takeoff,"Paris, France",Rain,15691,335,13,Night,Back,Partial - High Monetary Damage
27/11/2025,Delta,Minor,1,54,Bombardier CRJ900,Landing gear malfunction,"Toronto, Canada",Snow,18694,194,39,Daylight,Back,Partial - Low Monetary Damage
30/08/2013,Lufthansa,Minor,2,65,Boeing 747,Severe turbulence,"São Paulo, Brazil",Windy,32927,519,34,Night,Front,Partial - Low Monetary Damage
17/09/2015,United,Minor,6,168,Boeing 777,Landing gear malfunction,"São Paulo, Brazil",Clear,21907,193,20,Night,Front,Partial - Low Monetary Damage
09/12/2010,Turkish Airlines,Minor,1,166,Embraer 190,Fuel exhaustion,"Beijing, China",Windy,9066,302,25,Daylight,Back,Partial - Low Monetary Damage
02/06/2013,Emirates,Minor,6,261,Boeing 777,Runway excursion,"Beijing, China",Clear,38498,259,19,Night,Back,Full Plane
05/06/2017,United,Minor,5,278,Bombardier CRJ900,Severe turbulence,"Paris, France",Fog,23209,566,35,Daylight,Front,Partial - High Monetary Damage
04/09/2017,United,Minor,5,250,Embraer 190,Bird strike,"Toronto, Canada",Windy,12468,133,19,Night,Back,Partial - High Monetary Damage
29/07/2017,American Airlines,Minor,10,241,Bombardier CRJ900,Lightning strike,"New York, USA",Thunderstorm,29237,232,18,Daylight,Back,Full Plane
06/07/2016,Singapore Airlines,Minor,4,143,Boeing 737,Bird strike,"Sydney, Australia",Windy,30126,351,9,Night,Back,Partial - High Monetary Damage
18/03/2019,Qatar Airways,Minor,2,20,Boeing 747,Engine failure during takeoff,"Sydney, Australia",Thunderstorm,16629,591,30,Night,Back,Full Plane
09/09/2021,British Airways,Minor,7,179,Boeing 737,Controlled flight into terrain,"London, UK",Windy,1802,543,16,Night,Back,Partial - High Monetary Damage
16/07/2023,Turkish Airlines,Severe,199,29,Airbus A350,Fuel exhaustion,"São Paulo, Brazil",Rain,15730,268,38,Daylight,Front,Full Plane
16/09/2025,Turkish Airlines,Minor,3,111,Airbus A380,Lightning strike,"Toronto, Canada",Snow,31208,315,36,Daylight,Back,Full Plane
04/05/2025,American Airlines,Minor,3,33,Airbus A320,Sabotage,"Mumbai, India",Thunderstorm,25512,392,15,Night,Back,Partial - Low Monetary Damage
01/01/2015,Lufthansa,Minor,10,174,Boeing 747,Bird strike,"Sydney, Australia",Clear,30522,596,21,Daylight,Back,Full Plane
25/12/2022,Lufthansa,Severe,200,33,Airbus A320,Bird strike,"Beijing, China",Snow,27518,503,26,Night,Back,Full Plane
03/02/2020,Air India,Minor,9,106,Embraer 190,Lightning strike,"Sydney, Australia",Thunderstorm,36541,106,23,Night,Front,Partial - Low Monetary Damage
11/04/2020,Qatar Airways,Minor,7,158,Airbus A320,Pilot error,"Toronto, Canada",Thunderstorm,31150,549,9,Night,Front,Full Plane
24/07/2024,Turkish Airlines,Minor,0,194,Airbus A350,Severe turbulence,"Dubai, UAE",Windy,18441,105,16,Daylight,Back,Partial - High Monetary Damage
13/11/2010,Qatar Airways,Severe,83,191,Embraer 190,Severe turbulence,"Sydney, Australia",Clear,1639,424,39,Night,Front,Partial - Low Monetary Damage
29/07/2016,British Airways,Minor,1,27,Boeing 737,Fuel exhaustion,"Paris, France",Thunderstorm,17376,133,5,Daylight,Back,Full Plane
04/05/2012,Air India,Minor,4,279,Bombardier CRJ900,Landing gear malfunction,"Sydney, Australia",Windy,9849,367,36,Night,Front,Full Plane
01/05/2012,Delta,Severe,221,212,Airbus A380,Mid-air collision,"São Paulo, Brazil",Snow,1476,236,36,Daylight,Back,Partial - High Monetary Damage
28/04/2019,Turkish Airlines,Minor,6,165,Boeing 777,Engine failure during takeoff,"London, UK",Fog,31458,164,27,Night,Front,Partial - High Monetary Damage
09/09/2020,Emirates,Minor,1,214,Bombardier CRJ900,Bird strike,"Mumbai, India",Fog,27607,570,30,Daylight,Front,Partial - Low Monetary Damage
07/07/2022,Turkish Airlines,Minor,6,288,Boeing 747,Lightning strike,"Beijing, China",Rain,30621,412,26,Night,Front,Full Plane
20/01/2022,Singapore Airlines,Minor,9,219,Airbus A380,Fuel exhaustion,"London, UK",Fog,23245,508,11,Daylight,Front,Full Plane
21/07/2011,British Airways,Minor,0,112,Airbus A350,Fuel exhaustion,"São Paulo, Brazil",Snow,5276,214,10,Daylight,Back,Partial - High Monetary Damage
25/01/2018,United,Minor,4,279,Embraer 190,Controlled flight into terrain,"Mumbai, India",Clear,20193,211,31,Daylight,Back,Full Plane
04/02/2023,Qatar Airways,Minor,7,251,Airbus A350,Sabotage,"São Paulo, Brazil",Clear,39110,268,16,Night,Back,Partial - High Monetary Damage
14/06/2019,Emirates,Severe,221,136,Airbus A320,Lightning strike,"Tokyo, Japan",Clear,29173,412,22,Night,Back,Partial - Low Monetary Damage
20/04/2024,Air India,Severe,147,150,Bombardier CRJ900,Landing gear malfunction,"Tokyo, Japan",Thunderstorm,22985,370,15,Night,Back,Partial - High Monetary Damage
27/05/2016,Singapore Airlines,Minor,1,245,Embraer 190,Mid-air collision,"New York, USA",Clear,13088,477,16,Daylight,Back,Partial - High Monetary Damage
19/12/2018,Emirates,Minor,0,251,Boeing 777,Landing gear malfunction,"New York, USA",Fog,19532,239,20,Daylight,Back,Full Plane
19/06/2024,Emirates,Minor,2,40,Boeing 747,Mid-air collision,"Dubai, UAE",Rain,5784,329,1,Daylight,Back,Full Plane
28/04/2020,Singapore Airlines,Severe,297,116,Boeing 737,Structural failure,"Toronto, Canada",Snow,4982,510,25,Daylight,Back,Full Plane
23/03/2015,Air India,Severe,206,157,Embraer 190,Controlled flight into terrain,"Toronto, Canada",Clear,20780,256,11,Night,Back,Full Plane
01/11/2021,Delta,Minor,6,44,Boeing 747,Sabotage,"Dubai, UAE",Clear,30879,183,4,Night,Back,Full Plane
08/10/2018,Qatar Airways,Severe,219,84,Embraer 190,Bird strike,"Tokyo, Japan",Thunderstorm,13611,180,7,Daylight,Back,Full Plane
13/09/2017,Emirates,Minor,10,173,Embraer 190,Controlled flight into terrain,"London, UK",Windy,13628,394,27,Night,Front,Partial - High Monetary Damage
11/07/2018,Lufthansa,Minor,10,122,Airbus A380,Landing gear malfunction,"New York, USA",Fog,3892,375,28,Daylight,Front,Partial - High Monetary Damage
27/08/2023,British Airways,Minor,5,265,Boeing 747,Bird strike,"São Paulo, Brazil",Snow,38558,426,13,Daylight,Back,Partial - Low Monetary Damage
25/03/2010,Turkish Airlines,Minor,4,127,Embraer 190,Lightning strike,"Beijing, China",Snow,3813,224,16,Night,Back,Partial - Low Monetary Damage
30/08/2016,British Airways,Minor,4,134,Boeing 737,Sabotage,"Mumbai, India",Rain,2118,527,18,Night,Back,Partial - Low Monetary Damage
31/03/2016,Air India,Minor,1,44,Boeing 747,Pilot error,"New York, USA",Windy,3048,506,4,Daylight,Front,Partial - High Monetary Damage
20/07/2021,British Airways,Minor,9,13,Bombardier CRJ900,Controlled flight into terrain,"Toronto, Canada",Snow,37419,592,8,Night,Front,Partial - Low Monetary Damage
20/01/2025,British Airways,Minor,0,217,Boeing 747,Bird strike,"São Paulo, Brazil",Clear,18203,489,17,Daylight,Back,Partial - High Monetary Damage
08/12/2015,British Airways,Minor,4,188,Boeing 777,Engine failure during takeoff,"Sydney, Australia",Clear,2195,431,9,Daylight,Front,Full Plane
19/01/2025,British Airways,Minor,3,234,Airbus A320,Landing gear malfunction,"New York, USA",Fog,26806,490,6,Night,Back,Partial - High Monetary Damage
03/09/2019,Singapore Airlines,Severe,175,69,Bombardier CRJ900,Landing gear malfunction,"Beijing, China",Fog,24418,265,24,Daylight,Back,Full Plane
15/03/2021,Lufthansa,Minor,7,228,Boeing 737,Severe turbulence,"Paris, France",Fog,26111,415,26,Night,Front,Full Plane
13/02/2015,United,Minor,0,215,Boeing 777,Fuel exhaustion,"Mumbai, India",Rain,23400,313,13,Daylight,Front,Partial - High Monetary Damage
25/08/2014,American Airlines,Minor,2,195,Airbus A350,Controlled flight into terrain,"Sydney, Australia",Rain,33176,450,17,Daylight,Front,Partial - Low Monetary Damage
16/03/2014,United,Minor,9,187,Airbus A320,Pilot error,"Sydney, Australia",Fog,9831,312,22,Night,Front,Partial - Low Monetary Damage
18/12/2025,Lufthansa,Minor,10,215,Embraer 190,Lightning strike,"New York, USA",Thunderstorm,15870,566,12,Daylight,Front,Partial - Low Monetary Damage
31/12/2013,Singapore Airlines,Severe,156,80,Boeing 777,Runway excursion,"Mumbai, India",Windy,19038,455,27,Night,Back,Full Plane
27/12/2023,British Airways,Minor,7,21,Boeing 777,Engine failure during takeoff,"New York, USA",Thunderstorm,17261,346,14,Daylight,Back,Full Plane
01/08/2011,Air India,Minor,0,215,Airbus A350,Controlled flight into terrain,"Paris, France",Thunderstorm,22505,503,26,Daylight,Front,Partial - Low Monetary Damage
21/06/2025,British Airways,Minor,5,255,Airbus A380,Controlled flight into terrain,"Paris, France",Windy,16001,344,11,Night,Front,Partial - High Monetary Damage
28/08/2013,United,Severe,52,25,Embraer 190,Runway excursion,"Toronto, Canada",Fog,34428,508,34,Daylight,Back,Full Plane
10/05/2016,Qatar Airways,Minor,3,120,Boeing 747,Fuel exhaustion,"Beijing, China",Windy,21858,578,36,Daylight,Back,Partial - Low Monetary Damage
18/03/2022,United,Minor,5,119,Boeing 777,Severe turbulence,"Sydney, Australia",Rain,27699,142,27,Night,Front,Full Plane
05/07/2023,United,Minor,6,109,Boeing 737,Mid-air collision,"Tokyo, Japan",Snow,23950,280,12,Daylight,Back,Partial - High Monetary Damage
29/05/2017,Emirates,Severe,249,192,Airbus A380,Mid-air collision,"São Paulo, Brazil",Clear,16121,227,14,Daylight,Front,Partial - High Monetary Damage
25/11/2017,Delta,Minor,2,225,Boeing 747,Sabotage,"Paris, France",Rain,22410,541,13,Night,Back,Partial - Low Monetary Damage
28/12/2021,Emirates,Minor,3,249,Embraer 190,Severe turbulence,"Paris, France",Clear,11815,404,24,Night,Back,Partial - High Monetary Damage
08/06/2020,United,Minor,7,232,Airbus A380,Mid-air collision,"New York, USA",Snow,13125,110,30,Daylight,Front,Full Plane
19/06/2025,American Airlines,Minor,2,131,Boeing 737,Controlled flight into terrain,"Sydney, Australia",Snow,8528,504,3,Night,Back,Partial - High Monetary Damage
26/10/2019,British Airways,Minor,4,159,Embraer 190,Runway excursion,"Toronto, Canada",Windy,26975,186,19,Daylight,Front,Full Plane
26/08/2010,United,Minor,6,48,Boeing 777,Engine failure during takeoff,"Toronto, Canada",Rain,28169,185,18,Night,Front,Full Plane
28/03/2010,Delta,Minor,10,17,Boeing 747,Engine failure during takeoff,"Paris, France",Clear,2090,320,18,Night,Back,Full Plane
14/10/2024,United,Minor,4,286,Embraer 190,Pilot error,"New York, USA",Windy,883,493,24,Daylight,Front,Full Plane
30/06/2019,British Airways,Minor,5,128,Bombardier CRJ900,Lightning strike,"Sydney, Australia",Clear,2412,567,24,Daylight,Back,Full Plane
17/08/2013,American Airlines,Minor,6,103,Boeing 777,Runway excursion,"Toronto, Canada",Clear,17054,183,8,Night,Front,Partial - High Monetary Damage
14/05/2015,Turkish Airlines,Minor,0,299,Bombardier CRJ900,Mid-air collision,"London, UK",Thunderstorm,30566,479,20,Night,Front,Full Plane
12/03/2025,British Airways,Minor,4,240,Airbus A320,Sabotage,"São Paulo, Brazil",Thunderstorm,1894,254,14,Night,Back,Full Plane
17/10/2023,Turkish Airlines,Severe,187,62,Embraer 190,Bird strike,"Dubai, UAE",Snow,37396,338,18,Night,Front,Full Plane
15/11/2015,United,Severe,244,57,Boeing 737,Severe turbulence,"Dubai, UAE",Fog,5156,473,19,Daylight,Back,Partial - High Monetary Damage
06/01/2017,American Airlines,Minor,5,266,Airbus A320,Controlled flight into terrain,"Dubai, UAE",Clear,4596,499,10,Night,Front,Partial - High Monetary Damage
26/01/2023,Singapore Airlines,Minor,1,95,Airbus A320,Severe turbulence,"Sydney, Australia",Clear,3927,220,6,Night,Front,Full Plane
19/04/2023,British Airways,Minor,1,28,Boeing 747,Bird strike,"Sydney, Australia",Rain,16090,306,5,Night,Front,Full Plane
12/03/2025,Singapore Airlines,Minor,9,6,Airbus A320,Bird strike,"Toronto, Canada",Snow,20163,266,7,Night,Back,Full Plane
04/04/2016,American Airlines,Minor,9,111,Airbus A380,Severe turbulence,"Tokyo, Japan",Clear,38332,105,30,Night,Front,Partial - High Monetary Damage
31/07/2013,British Airways,Minor,0,140,Airbus A320,Bird strike,"Beijing, China",Clear,23702,121,22,Night,Back,Partial - Low Monetary Damage
17/06/2019,Air India,Minor,6,18,Airbus A380,Severe turbulence,"London, UK",Thunderstorm,27617,468,17,Night,Front,Full Plane
28/02/2016,Lufthansa,Minor,5,125,Airbus A350,Fuel exhaustion,"Tokyo, Japan",Clear,5098,203,37,Daylight,Back,Partial - High Monetary Damage
18/09/2010,United,Minor,6,171,Boeing 777,Sabotage,"New York, USA",Rain,5155,173,17,Night,Front,Full Plane
13/12/2020,British Airways,Minor,3,261,Airbus A380,Pilot error,"São Paulo, Brazil",Snow,39322,409,19,Night,Front,Partial - High Monetary Damage
03/04/2019,Turkish Airlines,Severe,95,93,Embraer 190,Runway excursion,"Toronto, Canada",Windy,39180,388,37,Daylight,Back,Full Plane
16/07/2010,Emirates,Minor,2,244,Airbus A320,Controlled flight into terrain,"São Paulo, Brazil",Windy,32890,108,22,Daylight,Back,Partial - High Monetary Damage
08/04/2024,Turkish Airlines,Minor,10,58,Airbus A380,Severe turbulence,"São Paulo, Brazil",Snow,37204,394,31,Night,Front,Partial - Low Monetary Damage
14/06/2022,American Airlines,Minor,6,248,Airbus A380,Sabotage,"Sydney, Australia",Windy,38769,119,19,Night,Back,Partial - High Monetary Damage
04/05/2023,Lufthansa,Minor,7,101,Bombardier CRJ900,Fuel exhaustion,"Mumbai, India",Windy,26155,460,11,Night,Front,Partial - High Monetary Damage
31/03/2017,Singapore Airlines,Minor,9,69,Embraer 190,Runway excursion,"Paris, France",Clear,20601,597,6,Daylight,Front,Full Plane
18/08/2014,Qatar Airways,Minor,1,27,Boeing 737,Bird strike,"São Paulo, Brazil",Clear,5265,425,36,Night,Back,Full Plane
30/04/2011,British Airways,Minor,1,108,Airbus A350,Landing gear malfunction,"Mumbai, India",Clear,5686,128,35,Daylight,Back,Full Plane
29/11/2011,Singapore Airlines,Minor,1,40,Boeing 777,Runway excursion,"Tokyo, Japan",Rain,35888,321,20,Night,Front,Full Plane
20/11/2012,Turkish Airlines,Minor,7,5,Airbus A380,Landing gear malfunction,"New York, USA",Windy,6671,253,12,Daylight,Back,Full Plane
22/01/2011,Air India,Minor,8,223,Boeing 737,Runway excursion,"Sydney, Australia",Fog,20858,531,20,Daylight,Front,Partial - High Monetary Damage
21/01/2015,Emirates,Minor,5,203,Boeing 747,Structural failure,"Toronto, Canada",Clear,32924,332,25,Night,Back,Partial - High Monetary Damage
30/06/2015,Emirates,Minor,1,202,Airbus A350,Landing gear malfunction,"Paris, France",Fog,14092,308,16,Daylight,Front,Partial - High Monetary Damage
01/12/2022,Turkish Airlines,Severe,96,144,Airbus A320,Pilot error,"Tokyo, Japan",Snow,29348,134,33,Daylight,Front,Partial - High Monetary Damage
23/06/2021,American Airlines,Severe,138,223,Embraer 190,Engine failure during takeoff,"Sydney, Australia",Snow,18132,542,8,Night,Back,Partial - Low Monetary Damage
26/08/2010,Air India,Minor,9,184,Airbus A350,Severe turbulence,"Paris, France",Thunderstorm,26331,530,24,Night,Back,Partial - High Monetary Damage
24/07/2025,Delta,Minor,2,49,Boeing 737,Lightning strike,"Beijing, China",Thunderstorm,27943,430,5,Night,Back,Full Plane
19/08/2012,Turkish Airlines,Severe,224,256,Boeing 777,Severe turbulence,"Dubai, UAE",Clear,5013,259,11,Daylight,Back,Partial - High Monetary Damage
31/05/2015,American Airlines,Minor,7,136,Airbus A350,Runway excursion,"São Paulo, Brazil",Thunderstorm,20444,254,40,Daylight,Front,Partial - High Monetary Damage
26/04/2021,Delta,Minor,2,243,Boeing 747,Fuel exhaustion,"Tokyo, Japan",Snow,20081,174,8,Night,Front,Full Plane
10/03/2021,United,Minor,9,260,Boeing 747,Pilot error,"São Paulo, Brazil",Clear,30827,331,8,Night,Back,Partial - Low Monetary Damage
17/01/2012,Singapore Airlines,Minor,1,260,Bombardier CRJ900,Runway excursion,"Toronto, Canada",Windy,29404,357,27,Night,Back,Partial - High Monetary Damage
07/06/2018,Qatar Airways,Minor,6,255,Boeing 777,Runway excursion,"Sydney, Australia",Clear,27856,350,18,Night,Back,Partial - Low Monetary Damage
23/03/2013,American Airlines,Minor,9,239,Boeing 747,Engine failure during takeoff,"New York, USA",Snow,6095,227,32,Night,Front,Partial - Low Monetary Damage
17/03/2022,Singapore Airlines,Minor,4,269,Airbus A320,Landing gear malfunction,"Mumbai, India",Snow,33470,531,40,Daylight,Back,Partial - Low Monetary Damage
08/01/2015,Delta,Minor,2,281,Airbus A320,Pilot error,"Mumbai, India",Clear,26762,477,12,Daylight,Front,Partial - High Monetary Damage
23/07/2015,Singapore Airlines,Minor,2,262,Embraer 190,Pilot error,"New York, USA",Fog,33496,461,17,Daylight,Back,Partial - Low Monetary Damage
25/12/2017,Turkish Airlines,Minor,2,155,Airbus A350,Bird strike,"Beijing, China",Rain,31906,266,25,Daylight,Back,Full Plane
08/07/2019,Delta,Minor,9,179,Boeing 737,Controlled flight into terrain,"Tokyo, Japan",Fog,3,262,19,Night,Back,Full Plane
01/05/2022,Lufthansa,Minor,2,256,Airbus A380,Engine failure during takeoff,"Dubai, UAE",Clear,18393,233,12,Daylight,Front,Full Plane
04/01/2024,American Airlines,Minor,5,251,Boeing 747,Engine failure during takeoff,"Dubai, UAE",Fog,30248,437,38,Daylight,Front,Partial - High Monetary Damage
13/03/2011,Delta,Minor,3,182,Boeing 747,Landing gear malfunction,"London, UK",Rain,38243,580,39,Night,Front,Full Plane
10/03/2017,Singapore Airlines,Severe,189,238,Boeing 737,Bird strike,"Toronto, Canada",Snow,26975,126,33,Daylight,Front,Partial - High Monetary Damage
18/04/2022,Turkish Airlines,Minor,4,297,Embraer 190,Lightning strike,"New York, USA",Windy,26207,465,29,Night,Front,Partial - High Monetary Damage
13/09/2011,Qatar Airways,Minor,1,244,Embraer 190,Runway excursion,"Beijing, China",Rain,25126,571,12,Daylight,Back,Full Plane
09/11/2010,Turkish Airlines,Severe,191,43,Airbus A320,Structural failure,"São Paulo, Brazil",Rain,35884,245,17,Night,Back,Partial - Low Monetary Damage
17/02/2022,Emirates,Severe,163,50,Bombardier CRJ900,Structural failure,"Sydney, Australia",Snow,9650,190,29,Night,Back,Full Plane
09/02/2025,Air India,Minor,5,149,Bombardier CRJ900,Controlled flight into terrain,"London, UK",Rain,1036,428,14,Daylight,Back,Full Plane
19/05/2010,Singapore Airlines,Minor,7,44,Airbus A320,Runway excursion,"São Paulo, Brazil",Fog,24436,227,21,Daylight,Front,Partial - High Monetary Damage
16/08/2012,Emirates,Minor,6,234,Boeing 777,Structural failure,"Sydney, Australia",Clear,8727,163,14,Night,Back,Full Plane
18/03/2018,American Airlines,Minor,1,150,Boeing 747,Mid-air collision,"Toronto, Canada",Fog,24173,305,40,Night,Front,Full Plane
25/11/2014,American Airlines,Minor,7,213,Boeing 737,Fuel exhaustion,"New York, USA",Rain,26484,417,40,Daylight,Back,Partial - Low Monetary Damage
21/08/2014,Singapore Airlines,Severe,153,34,Boeing 737,Runway excursion,"Sydney, Australia",Fog,22484,352,34,Daylight,Back,Partial - High Monetary Damage
02/04/2020,American Airlines,Minor,5,27,Embraer 190,Fuel exhaustion,"Sydney, Australia",Clear,39347,406,32,Night,Back,Partial - Low Monetary Damage
14/04/2016,Turkish Airlines,Minor,10,192,Bombardier CRJ900,Sabotage,"Paris, France",Thunderstorm,38415,173,24,Daylight,Back,Full Plane
08/06/2014,Air India,Minor,7,90,Boeing 777,Landing gear malfunction,"Dubai, UAE",Clear,24571,470,37,Daylight,Back,Full Plane
25/04/2017,British Airways,Minor,2,115,Airbus A320,Controlled flight into terrain,"New York, USA",Windy,1099,461,8,Night,Front,Partial - High Monetary Damage
21/01/2019,Air India,Severe,90,292,Boeing 747,Landing gear malfunction,"London, UK",Thunderstorm,34521,483,24,Night,Back,Partial - Low Monetary Damage
13/04/2020,Qatar Airways,Minor,10,181,Airbus A320,Pilot error,"Sydney, Australia",Snow,4443,131,16,Night,Back,Full Plane
23/06/2010,Qatar Airways,Severe,116,49,Bombardier CRJ900,Landing gear malfunction,"Dubai, UAE",Windy,18102,476,1,Night,Front,Full Plane
25/11/2012,United,Minor,5,10,Boeing 747,Sabotage,"Tokyo, Japan",Clear,10752,321,4,Daylight,Front,Full Plane
06/04/2024,Emirates,Minor,8,275,Embraer 190,Pilot error,"New York, USA",Thunderstorm,15248,326,30,Daylight,Front,Full Plane
17/09/2024,Turkish Airlines,Minor,8,104,Airbus A320,Sabotage,"Toronto, Canada",Snow,15175,586,21,Night,Front,Partial - High Monetary Damage
03/02/2020,Qatar Airways,Minor,3,68,Airbus A380,Severe turbulence,"Paris, France",Clear,236,286,8,Daylight,Back,Partial - High Monetary Damage
05/01/2021,Turkish Airlines,Minor,6,252,Airbus A350,Lightning strike,"Tokyo, Japan",Fog,11827,515,17,Night,Front,Partial - High Monetary Damage
19/09/2013,Qatar Airways,Severe,160,264,Boeing 777,Landing gear malfunction,"Tokyo, Japan",Snow,37634,541,24,Night,Back,Partial - High Monetary Damage
22/06/2021,Emirates,Severe,53,203,Embraer 190,Sabotage,"Dubai, UAE",Thunderstorm,12185,237,5,Night,Back,Partial - High Monetary Damage
02/05/2020,American Airlines,Minor,7,200,Embraer 190,Bird strike,"São Paulo, Brazil",Clear,32530,584,34,Daylight,Back,Partial - High Monetary Damage
04/08/2011,Turkish Airlines,Minor,9,266,Boeing 747,Mid-air collision,"Tokyo, Japan",Clear,27709,392,15,Daylight,Back,Partial - High Monetary Damage
24/02/2017,United,Minor,8,217,Embraer 190,Pilot error,"London, UK",Rain,18728,215,18,Daylight,Back,Partial - High Monetary Damage
18/07/2018,Turkish Airlines,Severe,105,277,Airbus A380,Controlled flight into terrain,"Tokyo, Japan",Thunderstorm,1136,418,31,Night,Front,Full Plane
16/03/2018,Emirates,Minor,3,292,Embraer 190,Bird strike,"São Paulo, Brazil",Clear,20679,200,37,Night,Front,Partial - High Monetary Damage
22/08/2023,Qatar Airways,Minor,10,268,Bombardier CRJ900,Severe turbulence,"Dubai, UAE",Windy,18234,256,12,Night,Front,Full Plane
05/09/2019,Turkish Airlines,Minor,4,154,Boeing 747,Lightning strike,"Toronto, Canada",Clear,31534,589,16,Daylight,Front,Partial - High Monetary Damage
21/10/2024,Emirates,Minor,0,74,Embraer 190,Bird strike,"London, UK",Thunderstorm,15857,218,4,Daylight,Back,Partial - High Monetary Damage
06/12/2023,Qatar Airways,Minor,8,9,Boeing 747,Sabotage,"São Paulo, Brazil",Clear,35063,450,22,Daylight,Back,Full Plane
04/04/2018,American Airlines,Severe,101,10,Airbus A320,Landing gear malfunction,"Dubai, UAE",Fog,27677,394,30,Night,Front,Partial - Low Monetary Damage
18/05/2020,Delta,Minor,3,117,Airbus A350,Bird strike,"Sydney, Australia",Fog,11451,304,36,Daylight,Front,Partial - Low Monetary Damage
18/08/2025,United,Minor,7,95,Airbus A350,Bird strike,"Mumbai, India",Windy,10195,400,11,Night,Front,Partial - Low Monetary Damage
15/01/2023,Singapore Airlines,Minor,8,197,Boeing 747,Severe turbulence,"Paris, France",Clear,4396,109,17,Daylight,Back,Full Plane
23/12/2024,Delta,Minor,3,169,Airbus A350,Mid-air collision,"Paris, France",Snow,16605,241,21,Night,Back,Partial - High Monetary Damage
20/08/2016,Qatar Airways,Minor,6,30,Boeing 737,Bird strike,"Toronto, Canada",Windy,3591,263,13,Night,Back,Full Plane
05/12/2017,Qatar Airways,Severe,267,116,Airbus A320,Engine failure during takeoff,"London, UK",Rain,23236,537,5,Night,Front,Partial - High Monetary Damage
04/02/2021,United,Minor,10,25,Airbus A320,Pilot error,"Toronto, Canada",Clear,4406,208,2,Daylight,Back,Partial - Low Monetary Damage
22/08/2017,Turkish Airlines,Minor,1,162,Boeing 777,Sabotage,"New York, USA",Fog,14174,478,33,Night,Front,Full Plane
30/09/2022,Qatar Airways,Minor,5,71,Boeing 777,Severe turbulence,"São Paulo, Brazil",Rain,5782,498,6,Night,Front,Full Plane
12/09/2017,Qatar Airways,Minor,10,133,Boeing 737,Engine failure during takeoff,"Sydney, Australia",Thunderstorm,34860,443,9,Night,Front,Full Plane
20/09/2023,Qatar Airways,Severe,197,48,Bombardier CRJ900,Pilot error,"Beijing, China",Windy,25463,402,17,Daylight,Back,Partial - Low Monetary Damage
14/10/2022,Emirates,Minor,2,49,Airbus A350,Bird strike,"Tokyo, Japan",Clear,24647,542,26,Daylight,Back,Full Plane
27/04/2018,Delta,Severe,268,139,Airbus A380,Lightning strike,"Beijing, China",Fog,2112,193,20,Night,Back,Partial - High Monetary Damage
02/04/2018,Turkish Airlines,Minor,6,86,Embraer 190,Pilot error,"Dubai, UAE",Snow,20206,505,16,Daylight,Front,Full Plane
28/07/2010,United,Minor,6,20,Boeing 737,Runway excursion,"Sydney, Australia",Snow,31755,452,31,Daylight,Front,Partial - High Monetary Damage
07/09/2017,Turkish Airlines,Severe,183,226,Airbus A350,Mid-air collision,"Tokyo, Japan",Windy,20154,277,35,Night,Back,Partial - High Monetary Damage
09/04/2017,United,Minor,6,208,Airbus A320,Severe turbulence,"Beijing, China",Clear,29561,189,25,Night,Front,Partial - Low Monetary Damage
18/07/2024,American Airlines,Minor,6,191,Airbus A320,Pilot error,"Dubai, UAE",Rain,15966,362,11,Night,Back,Partial - Low Monetary Damage
21/05/2015,Air India,Minor,10,48,Bombardier CRJ900,Sabotage,"New York, USA",Clear,13973,340,20,Daylight,Back,Full Plane
09/06/2025,United,Minor,8,114,Airbus A320,Structural failure,"Paris, France",Clear,36160,385,14,Daylight,Front,Partial - High Monetary Damage
11/02/2024,Qatar Airways,Minor,0,110,Embraer 190,Runway excursion,"Tokyo, Japan",Fog,38717,455,4,Night,Back,Full Plane
04/09/2018,Lufthansa,Minor,8,172,Boeing 737,Lightning strike,"São Paulo, Brazil",Snow,5917,213,5,Night,Front,Full Plane
02/01/2013,American Airlines,Severe,291,91,Airbus A380,Sabotage,"Paris, France",Thunderstorm,16602,271,18,Night,Front,Full Plane
19/08/2022,United,Minor,0,288,Embraer 190,Severe turbulence,"London, UK",Windy,29739,333,27,Daylight,Front,Full Plane
04/12/2025,Singapore Airlines,Minor,7,144,Airbus A380,Severe turbulence,"Paris, France",Rain,32790,201,1,Night,Back,Partial - Low Monetary Damage
01/03/2024,Emirates,Minor,9,191,Embraer 190,Structural failure,"Mumbai, India",Rain,22254,227,28,Daylight,Back,Full Plane
11/11/2011,Air India,Minor,5,243,Airbus A350,Lightning strike,"Beijing, China",Fog,10987,523,27,Daylight,Front,Partial - Low Monetary Damage
09/12/2019,Delta,Minor,6,223,Airbus A380,Structural failure,"Tokyo, Japan",Thunderstorm,17114,508,38,Daylight,Back,Full Plane
28/07/2012,United,Minor,5,27,Embraer 190,Bird strike,"New York, USA",Windy,29832,522,25,Night,Front,Full Plane
26/09/2016,Turkish Airlines,Minor,3,127,Boeing 777,Landing gear malfunction,"London, UK",Clear,19610,361,8,Daylight,Front,Partial - High Monetary Damage
12/07/2021,United,Severe,63,291,Airbus A320,Lightning strike,"Beijing, China",Snow,19821,150,2,Night,Front,Full Plane
06/03/2018,American Airlines,Minor,0,213,Boeing 747,Lightning strike,"Mumbai, India",Fog,8401,556,25,Daylight,Front,Partial - High Monetary Damage
02/06/2016,British Airways,Severe,62,36,Airbus A350,Lightning strike,"Tokyo, Japan",Thunderstorm,174,213,39,Night,Back,Partial - High Monetary Damage
01/09/2011,British Airways,Minor,2,15,Airbus A350,Lightning strike,"Tokyo, Japan",Thunderstorm,12319,226,27,Night,Front,Full Plane
17/07/2022,Lufthansa,Minor,2,276,Boeing 737,Pilot error,"Sydney, Australia",Snow,21450,110,16,Night,Front,Partial - High Monetary Damage
12/01/2015,American Airlines,Severe,174,138,Embraer 190,Lightning strike,"Toronto, Canada",Rain,39695,578,29,Night,Front,Partial - Low Monetary Damage
01/01/2024,United,Minor,5,290,Bombardier CRJ900,Sabotage,"New York, USA",Thunderstorm,17200,346,20,Daylight,Back,Partial - High Monetary Damage
27/09/2017,Lufthansa,Minor,0,84,Boeing 737,Runway excursion,"Sydney, Australia",Thunderstorm,18482,219,39,Daylight,Front,Full Plane
07/08/2013,Turkish Airlines,Severe,207,244,Boeing 737,Severe turbulence,"Tokyo, Japan",Rain,6757,241,7,Daylight,Front,Full Plane
20/06/2025,Air India,Severe,101,27,Boeing 737,Controlled flight into terrain,"Dubai, UAE",Thunderstorm,1093,274,10,Daylight,Back,Partial - Low Monetary Damage
07/01/2017,Emirates,Minor,6,154,Boeing 747,Bird strike,"London, UK",Fog,10910,227,5,Night,Back,Partial - High Monetary Damage
09/12/2012,Qatar Airways,Minor,10,162,Boeing 777,Runway excursion,"Tokyo, Japan",Snow,14806,422,34,Night,Front,Partial - High Monetary Damage
12/11/2024,Delta,Minor,0,105,Boeing 747,Sabotage,"Mumbai, India",Clear,33066,559,32,Daylight,Back,Full Plane
26/03/2018,Emirates,Minor,4,267,Boeing 747,Mid-air collision,"São Paulo, Brazil",Fog,31513,529,39,Daylight,Back,Partial - High Monetary Damage
20/03/2013,United,Minor,7,217,Boeing 777,Severe turbulence,"Toronto, Canada",Snow,14788,447,3,Night,Back,Partial - High Monetary Damage
21/05/2011,American Airlines,Minor,0,277,Boeing 737,Sabotage,"Paris, France",Clear,23419,206,25,Night,Back,Full Plane
01/03/2020,British Airways,Severe,208,227,Boeing 747,Runway excursion,"New York, USA",Clear,5379,125,22,Night,Back,Partial - Low Monetary Damage
31/12/2024,American Airlines,Minor,2,203,Embraer 190,Engine failure during takeoff,"Mumbai, India",Windy,35210,192,1,Daylight,Front,Partial - Low Monetary Damage
17/11/2021,Qatar Airways,Minor,8,35,Embraer 190,Engine failure during takeoff,"Beijing, China",Thunderstorm,26626,217,28,Night,Back,Partial - High Monetary Damage
21/06/2024,American Airlines,Minor,0,73,Boeing 747,Mid-air collision,"Tokyo, Japan",Rain,27106,316,5,Daylight,Front,Partial - Low Monetary Damage
25/03/2021,Singapore Airlines,Minor,3,290,Embraer 190,Landing gear malfunction,"São Paulo, Brazil",Snow,20322,258,18,Night,Back,Partial - Low Monetary Damage
05/09/2013,Lufthansa,Minor,3,229,Embraer 190,Landing gear malfunction,"Dubai, UAE",Clear,32564,151,29,Daylight,Front,Partial - Low Monetary Damage
01/09/2011,British Airways,Minor,7,210,Bombardier CRJ900,Landing gear malfunction,"Beijing, China",Windy,31396,532,6,Night,Front,Full Plane
05/11/2018,British Airways,Severe,255,251,Embraer 190,Engine failure during takeoff,"Paris, France",Thunderstorm,19821,191,23,Daylight,Back,Partial - High Monetary Damage
31/07/2024,American Airlines,Minor,1,192,Boeing 737,Sabotage,"São Paulo, Brazil",Clear,6259,178,38,Night,Front,Partial - High Monetary Damage
10/01/2017,Qatar Airways,Minor,4,77,Airbus A350,Sabotage,"São Paulo, Brazil",Snow,13355,250,1,Daylight,Back,Partial - Low Monetary Damage
28/02/2012,United,Severe,86,58,Embraer 190,Sabotage,"Beijing, China",Rain,5909,488,7,Night,Front,Full Plane
04/07/2011,Singapore Airlines,Severe,224,100,Boeing 747,Bird strike,"Paris, France",Fog,13340,343,7,Daylight,Front,Partial - High Monetary Damage
09/09/2023,British Airways,Severe,78,171,Boeing 777,Sabotage,"New York, USA",Fog,24016,577,11,Daylight,Front,Partial - High Monetary Damage
11/02/2024,Emirates,Minor,3,153,Boeing 737,Engine failure during takeoff,"Dubai, UAE",Windy,5003,229,21,Night,Back,Partial - Low Monetary Damage
